CustomerID,Gender,AgeGroup,MaritalStatus,Education,Occupation,IncomeLevel,Region,ShoppingFrequency,PreferredChannel,PurchaseCategory
1,Male,18-25,Married,Graduate,Student,Low,Rural,Weekly,Online,HomeDecor
2,Male,18-25,Single,Graduate,Student,High,Rural,Weekly,Online,HomeDecor
3,Male,46-55,Married,Graduate,Student,High,Semiurban,Monthly,Store,Fashion
4,Male,36-45,Single,Graduate,Professional,Low,Semiurban,Monthly,Store,Electronics
5,Female,18-25,Married,Graduate,Business,Medium,Rural,Monthly,Online,Electronics
6,Male,26-35,Married,Graduate,Student,Low,Semiurban,Monthly,Store,Grocery
7,Male,36-45,Married,Graduate,Business,Medium,Rural,Weekly,Online,Fashion
8,Male,46-55,Married,Postgraduate,Business,High,Rural,Weekly,Store,Electronics
9,Male,18-25,Married,Postgraduate,Professional,Low,Urban,Monthly,Online,HomeDecor
10,Female,46-55,Single,Postgraduate,Student,Low,Rural,Monthly,Store,HomeDecor
11,Female,26-35,Single,Postgraduate,Student,Low,Urban,Weekly,Online,HomeDecor
12,Male,46-55,Married,Postgraduate,Business,Medium,Rural,Weekly,Online,Grocery
13,Female,18-25,Married,Postgraduate,Student,Medium,Urban,Monthly,Online,Electronics
14,Female,26-35,Single,Postgraduate,Student,High,Rural,Weekly,Store,HomeDecor
15,Male,18-25,Married,Postgraduate,Student,Low,Urban,Weekly,Online,HomeDecor
16,Male,26-35,Single,Postgraduate,Business,Low,Semiurban,Monthly,Online,Fashion
17,Female,46-55,Married,Postgraduate,Business,Medium,Urban,Weekly,Online,Electronics
18,Female,18-25,Single,Graduate,Student,Low,Rural,Weekly,Online,Electronics
19,Male,36-45,Single,Graduate,Professional,High,Semiurban,Weekly,Online,HomeDecor
20,Male,46-55,Married,Graduate,Student,Low,Rural,Monthly,Store,HomeDecor
21,Female,46-55,Single,Graduate,Student,Medium,Rural,Monthly,Online,Fashion
22,Male,26-35,Married,Graduate,Professional,Low,Semiurban,Monthly,Online,Electronics
23,Female,18-25,Single,Graduate,Student,Low,Urban,Monthly,Store,HomeDecor
24,Male,46-55,Single,Graduate,Professional,Low,Semiurban,Monthly,Store,Grocery
25,Female,46-55,Single,Graduate,Professional,Low,Urban,Weekly,Store,Electronics
26,Male,46-55,Single,Graduate,Business,Low,Urban,Weekly,Online,Fashion
27,Female,18-25,Single,Graduate,Business,Low,Semiurban,Monthly,Store,Fashion
28,Female,26-35,Married,Postgraduate,Student,High,Rural,Monthly,Store,Grocery
29,Male,18-25,Married,Graduate,Student,High,Urban,Monthly,Online,Grocery
30,Male,26-35,Married,Postgraduate,Student,Medium,Rural,Monthly,Online,Grocery
31,Male,26-35,Married,Graduate,Student,High,Rural,Weekly,Store,Grocery
32,Male,36-45,Single,Postgraduate,Business,Medium,Semiurban,Weekly,Online,HomeDecor
33,Female,18-25,Single,Postgraduate,Student,High,Semiurban,Weekly,Store,HomeDecor
34,Male,18-25,Single,Graduate,Business,Low,Semiurban,Weekly,Store,Fashion
35,Male,36-45,Married,Graduate,Professional,Low,Rural,Weekly,Online,Grocery
36,Female,26-35,Single,Graduate,Student,Medium,Urban,Weekly,Store,HomeDecor
37,Male,36-45,Single,Graduate,Professional,Low,Semiurban,Weekly,Online,HomeDecor
38,Female,36-45,Single,Graduate,Student,High,Urban,Monthly,Store,Grocery
39,Male,36-45,Married,Postgraduate,Business,High,Semiurban,Weekly,Online,Grocery
40,Male,36-45,Single,Graduate,Business,Medium,Semiurban,Monthly,Store,Electronics
41,Female,26-35,Married,Graduate,Business,Medium,Urban,Weekly,Store,HomeDecor
42,Male,36-45,Married,Graduate,Business,Medium,Rural,Monthly,Store,Grocery
43,Female,36-45,Single,Graduate,Professional,High,Semiurban,Weekly,Store,HomeDecor
44,Male,36-45,Married,Graduate,Professional,High,Rural,Monthly,Store,HomeDecor
45,Female,26-35,Married,Graduate,Business,Low,Semiurban,Monthly,Online,Fashion
46,Female,26-35,Single,Graduate,Student,Low,Urban,Monthly,Online,HomeDecor
47,Female,26-35,Married,Postgraduate,Professional,Low,Urban,Weekly,Online,HomeDecor
48,Male,26-35,Married,Graduate,Business,Low,Urban,Monthly,Online,HomeDecor
49,Female,46-55,Married,Postgraduate,Student,High,Semiurban,Monthly,Store,Fashion
50,Female,46-55,Single,Postgraduate,Professional,Low,Rural,Monthly,Online,Grocery
51,Female,36-45,Single,Graduate,Student,Low,Semiurban,Weekly,Online,Electronics
52,Female,46-55,Married,Postgraduate,Professional,Low,Urban,Monthly,Store,Electronics
53,Female,46-55,Single,Postgraduate,Professional,Medium,Semiurban,Weekly,Store,Fashion
54,Female,46-55,Married,Graduate,Professional,Medium,Rural,Monthly,Online,HomeDecor
55,Male,18-25,Married,Graduate,Student,High,Semiurban,Weekly,Store,Fashion
56,Male,36-45,Married,Postgraduate,Student,Medium,Semiurban,Monthly,Store,Grocery
57,Female,36-45,Single,Postgraduate,Student,High,Rural,Weekly,Store,Fashion
58,Male,18-25,Single,Graduate,Student,Low,Rural,Weekly,Online,Fashion
59,Female,18-25,Single,Postgraduate,Business,Medium,Semiurban,Weekly,Online,Fashion
60,Female,18-25,Single,Postgraduate,Business,High,Semiurban,Monthly,Online,Electronics
61,Male,18-25,Married,Graduate,Business,Low,Semiurban,Monthly,Store,Electronics
62,Female,18-25,Married,Postgraduate,Student,Medium,Semiurban,Monthly,Online,HomeDecor
63,Male,36-45,Married,Postgraduate,Professional,High,Rural,Monthly,Store,Fashion
64,Male,36-45,Married,Graduate,Professional,High,Rural,Monthly,Store,Electronics
65,Female,36-45,Single,Postgraduate,Student,Medium,Semiurban,Monthly,Store,Grocery
66,Male,26-35,Single,Graduate,Business,Medium,Semiurban,Weekly,Store,HomeDecor
67,Female,18-25,Single,Postgraduate,Student,Medium,Rural,Weekly,Store,Grocery
68,Female,36-45,Married,Postgraduate,Professional,High,Semiurban,Monthly,Store,Grocery
69,Male,18-25,Single,Postgraduate,Student,High,Rural,Weekly,Online,Fashion
70,Female,36-45,Married,Graduate,Student,Medium,Urban,Monthly,Online,Grocery
71,Male,26-35,Married,Graduate,Student,High,Semiurban,Weekly,Store,Electronics
72,Male,36-45,Married,Postgraduate,Professional,Medium,Urban,Weekly,Store,HomeDecor
73,Male,18-25,Married,Postgraduate,Student,High,Rural,Weekly,Online,Fashion
74,Female,18-25,Single,Graduate,Business,Medium,Rural,Weekly,Store,HomeDecor
75,Female,36-45,Married,Postgraduate,Business,High,Urban,Weekly,Online,Fashion
76,Female,18-25,Single,Graduate,Student,High,Urban,Weekly,Online,HomeDecor
77,Female,46-55,Married,Graduate,Student,Medium,Rural,Monthly,Store,Electronics
78,Male,36-45,Single,Postgraduate,Student,High,Urban,Weekly,Store,Fashion
79,Male,18-25,Single,Postgraduate,Business,High,Rural,Monthly,Store,Electronics
80,Female,36-45,Married,Postgraduate,Business,High,Semiurban,Monthly,Online,Electronics
81,Female,36-45,Married,Graduate,Student,Low,Rural,Weekly,Store,Electronics
82,Male,46-55,Married,Postgraduate,Student,High,Semiurban,Monthly,Online,HomeDecor
83,Female,46-55,Married,Postgraduate,Business,Low,Urban,Monthly,Store,HomeDecor
84,Female,46-55,Single,Postgraduate,Student,Medium,Semiurban,Monthly,Online,HomeDecor
85,Male,46-55,Married,Graduate,Student,High,Semiurban,Monthly,Store,Electronics
86,Male,36-45,Single,Postgraduate,Professional,High,Semiurban,Weekly,Online,Fashion
87,Male,36-45,Single,Postgraduate,Student,Low,Urban,Monthly,Online,Fashion
88,Female,36-45,Married,Postgraduate,Professional,Medium,Urban,Monthly,Online,HomeDecor
89,Male,26-35,Single,Postgraduate,Professional,Medium,Rural,Monthly,Online,Grocery
90,Female,46-55,Single,Postgraduate,Business,Medium,Semiurban,Monthly,Store,HomeDecor
91,Female,26-35,Single,Postgraduate,Student,Medium,Urban,Monthly,Store,HomeDecor
92,Female,26-35,Married,Graduate,Student,High,Rural,Monthly,Online,HomeDecor
93,Male,46-55,Single,Graduate,Professional,High,Urban,Weekly,Store,Grocery
94,Female,46-55,Single,Postgraduate,Business,High,Semiurban,Monthly,Store,Electronics
95,Male,26-35,Married,Graduate,Business,Low,Semiurban,Weekly,Online,HomeDecor
96,Male,36-45,Single,Graduate,Professional,Low,Semiurban,Monthly,Store,HomeDecor
97,Male,26-35,Married,Graduate,Student,Low,Urban,Monthly,Online,HomeDecor
98,Male,26-35,Married,Postgraduate,Professional,Medium,Rural,Weekly,Store,Grocery
99,Male,18-25,Married,Postgraduate,Business,Medium,Rural,Monthly,Store,HomeDecor
100,Female,26-35,Married,Postgraduate,Student,Low,Semiurban,Monthly,Store,Grocery
101,Male,46-55,Married,Graduate,Business,High,Rural,Weekly,Store,Grocery
102,Male,36-45,Single,Graduate,Business,Medium,Rural,Weekly,Online,Electronics
103,Female,46-55,Single,Postgraduate,Business,Low,Urban,Monthly,Store,HomeDecor
104,Male,26-35,Single,Postgraduate,Business,High,Semiurban,Weekly,Store,HomeDecor
105,Female,36-45,Single,Postgraduate,Student,Low,Urban,Monthly,Store,Electronics
106,Female,18-25,Married,Graduate,Professional,Medium,Rural,Monthly,Store,Grocery
107,Male,26-35,Married,Graduate,Business,High,Semiurban,Weekly,Online,HomeDecor
108,Female,46-55,Single,Graduate,Student,Low,Semiurban,Monthly,Online,Electronics
109,Male,26-35,Married,Postgraduate,Professional,High,Rural,Monthly,Online,HomeDecor
110,Male,46-55,Married,Postgraduate,Student,High,Semiurban,Weekly,Store,HomeDecor
111,Male,36-45,Single,Postgraduate,Business,High,Semiurban,Weekly,Store,Grocery
112,Male,18-25,Married,Graduate,Business,Low,Rural,Weekly,Online,Grocery
113,Male,26-35,Single,Graduate,Business,Low,Rural,Weekly,Online,Grocery
114,Male,18-25,Married,Graduate,Student,High,Semiurban,Weekly,Online,Electronics
115,Male,18-25,Married,Graduate,Business,Medium,Urban,Weekly,Store,Electronics
116,Male,46-55,Single,Graduate,Professional,Medium,Semiurban,Weekly,Store,Fashion
117,Male,36-45,Married,Graduate,Student,Medium,Semiurban,Monthly,Online,HomeDecor
118,Female,18-25,Single,Postgraduate,Business,Low,Urban,Weekly,Store,Grocery
119,Female,36-45,Married,Postgraduate,Student,High,Urban,Weekly,Store,HomeDecor
120,Male,46-55,Married,Postgraduate,Professional,Medium,Rural,Weekly,Store,HomeDecor
121,Female,36-45,Married,Graduate,Business,Medium,Urban,Weekly,Online,Electronics
122,Female,18-25,Married,Graduate,Business,Low,Rural,Monthly,Online,HomeDecor
123,Female,46-55,Single,Postgraduate,Business,Medium,Semiurban,Weekly,Online,Fashion
124,Female,26-35,Single,Postgraduate,Business,Medium,Urban,Monthly,Online,HomeDecor
125,Male,36-45,Single,Graduate,Professional,High,Semiurban,Monthly,Store,Electronics
126,Male,26-35,Married,Graduate,Student,High,Rural,Weekly,Online,Fashion
127,Female,46-55,Married,Postgraduate,Student,Medium,Semiurban,Monthly,Online,Electronics
128,Male,26-35,Single,Graduate,Professional,Medium,Rural,Monthly,Store,HomeDecor
129,Female,36-45,Single,Graduate,Professional,Medium,Urban,Monthly,Store,Grocery
130,Male,26-35,Married,Graduate,Student,Low,Semiurban,Weekly,Online,Grocery
131,Female,36-45,Single,Graduate,Professional,High,Semiurban,Weekly,Online,HomeDecor
132,Male,36-45,Single,Postgraduate,Business,Low,Semiurban,Weekly,Store,Electronics
133,Female,46-55,Married,Postgraduate,Professional,Low,Semiurban,Weekly,Store,Fashion
134,Female,36-45,Single,Postgraduate,Student,Low,Semiurban,Monthly,Online,HomeDecor
135,Female,36-45,Single,Postgraduate,Student,Low,Rural,Weekly,Online,Grocery
136,Female,26-35,Single,Graduate,Student,Medium,Urban,Weekly,Online,Electronics
137,Male,46-55,Married,Postgraduate,Business,High,Rural,Monthly,Store,Fashion
138,Female,18-25,Married,Postgraduate,Business,Medium,Semiurban,Weekly,Store,Electronics
139,Female,46-55,Married,Graduate,Student,Medium,Semiurban,Weekly,Online,HomeDecor
140,Female,18-25,Married,Graduate,Professional,High,Semiurban,Weekly,Online,HomeDecor
141,Male,36-45,Single,Graduate,Student,Low,Rural,Monthly,Store,Fashion
142,Female,36-45,Married,Postgraduate,Professional,Medium,Rural,Weekly,Store,Electronics
143,Female,18-25,Married,Postgraduate,Professional,High,Rural,Weekly,Store,Electronics
144,Male,36-45,Married,Postgraduate,Student,High,Rural,Weekly,Store,HomeDecor
145,Female,26-35,Single,Postgraduate,Business,Medium,Urban,Monthly,Store,Fashion
146,Male,36-45,Married,Graduate,Student,Low,Urban,Weekly,Store,Electronics
147,Male,36-45,Single,Postgraduate,Student,Low,Urban,Weekly,Store,Electronics
148,Female,36-45,Single,Postgraduate,Business,Medium,Rural,Monthly,Online,Fashion
149,Female,46-55,Single,Postgraduate,Business,High,Semiurban,Monthly,Store,HomeDecor
150,Female,26-35,Single,Graduate,Professional,Low,Rural,Monthly,Store,Electronics
151,Male,36-45,Single,Graduate,Professional,Medium,Rural,Weekly,Store,Electronics
152,Male,46-55,Married,Graduate,Professional,Low,Semiurban,Monthly,Online,HomeDecor
153,Male,36-45,Single,Graduate,Professional,Low,Rural,Monthly,Online,Fashion
154,Male,36-45,Married,Graduate,Business,Medium,Semiurban,Weekly,Online,Electronics
155,Female,26-35,Single,Postgraduate,Student,Medium,Urban,Monthly,Online,Electronics
156,Male,46-55,Married,Graduate,Student,Medium,Rural,Weekly,Online,Fashion
157,Female,46-55,Single,Postgraduate,Student,High,Semiurban,Weekly,Online,Grocery
158,Male,18-25,Married,Postgraduate,Student,High,Semiurban,Monthly,Store,Electronics
159,Female,18-25,Married,Graduate,Business,High,Rural,Weekly,Store,Fashion
160,Male,36-45,Married,Graduate,Business,Medium,Rural,Monthly,Online,Fashion
161,Male,46-55,Single,Postgraduate,Student,Low,Urban,Weekly,Store,Grocery
162,Female,46-55,Married,Graduate,Business,Low,Semiurban,Monthly,Online,Grocery
163,Female,18-25,Married,Postgraduate,Professional,High,Semiurban,Monthly,Store,Fashion
164,Female,46-55,Married,Postgraduate,Student,High,Semiurban,Weekly,Store,Fashion
165,Female,36-45,Single,Graduate,Professional,High,Semiurban,Monthly,Store,HomeDecor
166,Male,46-55,Married,Postgraduate,Student,High,Semiurban,Monthly,Store,Electronics
167,Male,46-55,Married,Graduate,Student,Low,Rural,Monthly,Online,Fashion
168,Male,26-35,Married,Postgraduate,Professional,High,Urban,Weekly,Store,Grocery
169,Female,46-55,Single,Graduate,Business,Medium,Semiurban,Monthly,Store,Fashion
170,Male,18-25,Single,Postgraduate,Business,Medium,Rural,Weekly,Store,Grocery
171,Female,26-35,Married,Postgraduate,Student,Low,Urban,Weekly,Store,Fashion
172,Female,18-25,Married,Postgraduate,Business,Low,Rural,Monthly,Store,Fashion
173,Male,36-45,Single,Graduate,Student,Low,Urban,Monthly,Online,Grocery
174,Female,46-55,Single,Graduate,Student,Medium,Semiurban,Monthly,Store,HomeDecor
175,Male,26-35,Married,Graduate,Professional,Medium,Rural,Monthly,Online,Fashion
176,Male,46-55,Single,Graduate,Business,Low,Semiurban,Weekly,Online,Grocery
177,Male,36-45,Married,Graduate,Professional,Low,Rural,Monthly,Online,Grocery
178,Male,26-35,Single,Graduate,Business,High,Rural,Monthly,Online,Electronics
179,Male,18-25,Married,Graduate,Business,Medium,Rural,Weekly,Store,Grocery
180,Female,46-55,Single,Postgraduate,Professional,Medium,Urban,Weekly,Online,HomeDecor
181,Female,46-55,Married,Graduate,Professional,High,Urban,Monthly,Store,Grocery
182,Female,26-35,Married,Graduate,Professional,Low,Semiurban,Weekly,Store,HomeDecor
183,Male,26-35,Single,Graduate,Professional,Medium,Rural,Monthly,Online,Fashion
184,Female,36-45,Single,Graduate,Professional,High,Semiurban,Monthly,Store,HomeDecor
185,Male,18-25,Married,Postgraduate,Student,Low,Rural,Monthly,Online,Electronics
186,Female,46-55,Married,Postgraduate,Business,Low,Urban,Monthly,Online,Grocery
187,Female,46-55,Married,Graduate,Professional,Low,Rural,Weekly,Store,Grocery
188,Male,46-55,Married,Postgraduate,Business,High,Rural,Weekly,Online,Electronics
189,Female,36-45,Married,Postgraduate,Student,Low,Rural,Monthly,Online,Electronics
190,Male,26-35,Married,Postgraduate,Business,Medium,Urban,Weekly,Store,Grocery
191,Male,46-55,Married,Postgraduate,Business,High,Rural,Monthly,Store,HomeDecor
192,Male,36-45,Married,Graduate,Professional,High,Semiurban,Weekly,Store,Grocery
193,Male,18-25,Married,Graduate,Business,High,Rural,Monthly,Online,Fashion
194,Male,18-25,Single,Graduate,Professional,Medium,Semiurban,Weekly,Store,Fashion
195,Female,46-55,Single,Graduate,Business,Low,Rural,Monthly,Store,HomeDecor
196,Female,26-35,Married,Postgraduate,Business,Medium,Rural,Monthly,Store,Fashion
197,Male,36-45,Married,Graduate,Professional,Medium,Rural,Weekly,Store,Grocery
198,Female,36-45,Married,Postgraduate,Student,High,Rural,Monthly,Store,Grocery
199,Male,36-45,Single,Postgraduate,Business,Low,Semiurban,Monthly,Store,HomeDecor
200,Male,26-35,Married,Postgraduate,Student,Low,Rural,Weekly,Online,Electronics
201,Male,26-35,Single,Graduate,Professional,Medium,Rural,Monthly,Online,Fashion
202,Male,26-35,Married,Postgraduate,Professional,High,Urban,Monthly,Store,Grocery
203,Male,18-25,Single,Graduate,Student,Medium,Urban,Weekly,Store,HomeDecor
204,Male,36-45,Single,Graduate,Professional,High,Rural,Weekly,Store,Grocery
205,Female,46-55,Single,Postgraduate,Professional,Low,Urban,Monthly,Online,HomeDecor
206,Female,26-35,Single,Postgraduate,Professional,High,Rural,Weekly,Online,HomeDecor
207,Female,36-45,Single,Postgraduate,Business,Low,Urban,Weekly,Store,Grocery
208,Male,18-25,Married,Postgraduate,Student,Medium,Semiurban,Monthly,Store,Electronics
209,Female,36-45,Single,Graduate,Business,Low,Semiurban,Monthly,Online,HomeDecor
210,Female,18-25,Married,Postgraduate,Business,Low,Urban,Weekly,Store,Fashion
211,Female,36-45,Married,Postgraduate,Business,High,Urban,Weekly,Online,HomeDecor
212,Female,18-25,Single,Graduate,Business,High,Urban,Weekly,Online,Grocery
213,Female,18-25,Single,Postgraduate,Student,High,Semiurban,Weekly,Store,Fashion
214,Female,46-55,Single,Postgraduate,Business,Medium,Rural,Weekly,Store,Grocery
215,Male,26-35,Single,Graduate,Professional,Medium,Rural,Weekly,Online,Electronics
216,Female,18-25,Married,Postgraduate,Student,Low,Rural,Monthly,Store,HomeDecor
217,Female,46-55,Married,Graduate,Business,High,Rural,Weekly,Store,Electronics
218,Male,46-55,Single,Graduate,Student,Low,Semiurban,Monthly,Store,HomeDecor
219,Male,26-35,Married,Postgraduate,Student,Medium,Urban,Weekly,Online,HomeDecor
220,Male,26-35,Single,Graduate,Student,High,Urban,Monthly,Online,Fashion
221,Male,46-55,Married,Graduate,Business,Low,Urban,Weekly,Store,Fashion
222,Female,36-45,Single,Postgraduate,Student,High,Rural,Weekly,Store,Grocery
223,Female,18-25,Single,Postgraduate,Business,Medium,Urban,Monthly,Store,Grocery
224,Female,46-55,Single,Postgraduate,Professional,Low,Rural,Monthly,Online,Fashion
225,Female,26-35,Married,Graduate,Business,Medium,Semiurban,Weekly,Store,Fashion
226,Female,26-35,Married,Graduate,Professional,Medium,Urban,Weekly,Online,Grocery
227,Female,18-25,Single,Graduate,Business,High,Rural,Weekly,Store,Fashion
228,Female,36-45,Single,Graduate,Student,High,Urban,Monthly,Online,Fashion
229,Female,26-35,Married,Postgraduate,Professional,Medium,Rural,Monthly,Store,Grocery
230,Female,46-55,Married,Graduate,Business,Medium,Semiurban,Weekly,Store,Grocery
231,Female,18-25,Single,Graduate,Student,Medium,Rural,Monthly,Store,Fashion
232,Male,36-45,Single,Postgraduate,Business,Low,Semiurban,Monthly,Store,HomeDecor
233,Female,46-55,Single,Postgraduate,Student,Low,Rural,Monthly,Online,Electronics
234,Male,18-25,Single,Graduate,Professional,Low,Rural,Weekly,Online,Fashion
235,Male,26-35,Married,Postgraduate,Student,High,Rural,Monthly,Store,Electronics
236,Male,46-55,Single,Graduate,Business,High,Semiurban,Monthly,Online,HomeDecor
237,Male,18-25,Single,Graduate,Student,Low,Rural,Monthly,Store,Grocery
238,Female,18-25,Married,Postgraduate,Professional,High,Urban,Weekly,Store,Electronics
239,Male,18-25,Married,Postgraduate,Professional,High,Semiurban,Weekly,Online,Fashion
240,Male,46-55,Married,Postgraduate,Business,Low,Rural,Weekly,Online,Fashion
241,Female,36-45,Single,Graduate,Business,Medium,Rural,Weekly,Online,Grocery
242,Male,26-35,Single,Postgraduate,Student,Medium,Urban,Weekly,Store,Grocery
243,Female,26-35,Single,Postgraduate,Student,Low,Semiurban,Weekly,Online,Grocery
244,Female,36-45,Single,Postgraduate,Professional,Medium,Urban,Monthly,Store,HomeDecor
245,Male,46-55,Single,Postgraduate,Student,High,Urban,Weekly,Store,Fashion
246,Female,26-35,Married,Postgraduate,Professional,Low,Urban,Weekly,Store,HomeDecor
247,Female,36-45,Single,Graduate,Student,Low,Semiurban,Monthly,Store,Electronics
248,Male,18-25,Married,Graduate,Business,High,Semiurban,Monthly,Online,Grocery
249,Female,46-55,Single,Graduate,Business,High,Urban,Monthly,Online,Fashion
250,Female,36-45,Married,Postgraduate,Student,Low,Urban,Monthly,Store,HomeDecor
251,Female,46-55,Single,Postgraduate,Professional,Low,Rural,Monthly,Online,HomeDecor
252,Male,26-35,Married,Graduate,Professional,Medium,Rural,Monthly,Store,HomeDecor
253,Female,46-55,Single,Postgraduate,Professional,High,Rural,Weekly,Store,Grocery
254,Male,46-55,Married,Postgraduate,Business,High,Rural,Monthly,Online,Grocery
255,Female,36-45,Married,Postgraduate,Student,High,Urban,Weekly,Online,HomeDecor
256,Male,46-55,Married,Graduate,Professional,High,Semiurban,Weekly,Store,Fashion
257,Female,26-35,Married,Postgraduate,Student,Medium,Rural,Monthly,Store,HomeDecor
258,Male,36-45,Single,Graduate,Student,High,Rural,Monthly,Online,Electronics
259,Female,36-45,Married,Graduate,Student,Low,Semiurban,Weekly,Online,HomeDecor
260,Female,46-55,Married,Graduate,Professional,Low,Semiurban,Weekly,Store,HomeDecor
261,Male,18-25,Single,Postgraduate,Professional,Medium,Semiurban,Weekly,Store,Grocery
262,Female,18-25,Married,Postgraduate,Professional,Low,Semiurban,Weekly,Online,Electronics
263,Female,18-25,Single,Graduate,Business,Low,Rural,Weekly,Store,HomeDecor
264,Female,26-35,Married,Graduate,Student,High,Rural,Monthly,Store,Electronics
265,Male,46-55,Married,Postgraduate,Student,High,Urban,Weekly,Store,Electronics
266,Male,26-35,Married,Postgraduate,Student,Medium,Urban,Monthly,Store,Grocery
267,Female,46-55,Single,Postgraduate,Professional,Medium,Rural,Weekly,Store,Electronics
268,Male,36-45,Single,Graduate,Professional,Low,Urban,Monthly,Online,HomeDecor
269,Female,26-35,Married,Postgraduate,Student,Medium,Rural,Weekly,Online,HomeDecor
270,Female,26-35,Single,Postgraduate,Professional,High,Urban,Monthly,Online,HomeDecor
271,Male,26-35,Married,Postgraduate,Professional,High,Semiurban,Monthly,Store,HomeDecor
272,Male,18-25,Single,Graduate,Professional,Low,Semiurban,Weekly,Store,Fashion
273,Female,46-55,Single,Graduate,Professional,High,Semiurban,Weekly,Store,Fashion
274,Female,18-25,Single,Postgraduate,Student,Medium,Semiurban,Monthly,Online,HomeDecor
275,Male,26-35,Single,Postgraduate,Business,High,Rural,Monthly,Online,Fashion
276,Male,26-35,Single,Postgraduate,Business,Medium,Rural,Weekly,Store,Grocery
277,Female,36-45,Single,Graduate,Professional,Low,Semiurban,Weekly,Online,Fashion
278,Male,36-45,Single,Postgraduate,Professional,Low,Rural,Monthly,Store,HomeDecor
279,Female,18-25,Single,Postgraduate,Business,High,Semiurban,Monthly,Store,HomeDecor
280,Female,18-25,Single,Postgraduate,Business,High,Rural,Monthly,Online,HomeDecor
281,Male,46-55,Single,Postgraduate,Professional,Medium,Semiurban,Monthly,Online,HomeDecor
282,Female,18-25,Single,Graduate,Business,Medium,Urban,Weekly,Online,HomeDecor
283,Female,18-25,Married,Graduate,Business,Low,Rural,Monthly,Online,Grocery
284,Male,36-45,Married,Graduate,Professional,High,Rural,Weekly,Online,HomeDecor
285,Female,26-35,Married,Graduate,Business,Low,Urban,Weekly,Store,Electronics
286,Male,26-35,Married,Graduate,Student,High,Semiurban,Weekly,Store,Fashion
287,Female,18-25,Single,Postgraduate,Student,High,Urban,Weekly,Store,Grocery
288,Female,26-35,Married,Graduate,Business,High,Urban,Weekly,Online,Fashion
289,Female,36-45,Single,Graduate,Professional,High,Rural,Monthly,Online,Electronics
290,Male,26-35,Single,Postgraduate,Professional,Medium,Semiurban,Weekly,Online,Grocery
291,Male,26-35,Married,Graduate,Business,Medium,Urban,Weekly,Store,Grocery
292,Male,26-35,Married,Postgraduate,Student,Low,Semiurban,Weekly,Online,Grocery
293,Female,26-35,Married,Postgraduate,Professional,High,Rural,Weekly,Store,Electronics
294,Male,18-25,Single,Postgraduate,Student,Low,Urban,Monthly,Store,HomeDecor
295,Female,46-55,Single,Graduate,Professional,Low,Semiurban,Weekly,Online,Fashion
296,Female,46-55,Single,Postgraduate,Business,Medium,Rural,Weekly,Online,Fashion
297,Male,46-55,Single,Postgraduate,Business,High,Urban,Monthly,Online,Electronics
298,Male,26-35,Single,Graduate,Professional,Medium,Rural,Monthly,Online,Grocery
299,Male,36-45,Single,Graduate,Professional,Medium,Semiurban,Weekly,Store,Electronics
300,Female,46-55,Married,Graduate,Professional,High,Urban,Monthly,Online,Grocery
301,Male,18-25,Single,Graduate,Student,Low,Urban,Weekly,Store,Grocery
302,Female,26-35,Single,Graduate,Business,High,Rural,Monthly,Online,Grocery
303,Male,46-55,Married,Postgraduate,Student,High,Semiurban,Weekly,Online,Fashion
304,Male,18-25,Married,Graduate,Professional,Medium,Semiurban,Monthly,Online,HomeDecor
305,Male,36-45,Single,Postgraduate,Business,Medium,Rural,Weekly,Store,Grocery
306,Female,26-35,Single,Graduate,Student,Medium,Urban,Weekly,Store,Electronics
307,Female,18-25,Married,Postgraduate,Student,Low,Rural,Weekly,Store,HomeDecor
308,Male,26-35,Married,Graduate,Student,Low,Rural,Monthly,Store,HomeDecor
309,Male,18-25,Single,Postgraduate,Student,High,Rural,Weekly,Store,Fashion
310,Male,36-45,Married,Postgraduate,Professional,High,Rural,Monthly,Store,HomeDecor
311,Female,26-35,Single,Graduate,Student,High,Urban,Weekly,Online,Fashion
312,Female,46-55,Married,Postgraduate,Student,High,Semiurban,Weekly,Store,Grocery
313,Female,36-45,Single,Graduate,Student,High,Semiurban,Weekly,Online,Grocery
314,Male,18-25,Single,Postgraduate,Professional,High,Urban,Monthly,Store,Fashion
315,Male,46-55,Married,Graduate,Student,Medium,Urban,Weekly,Online,Electronics
316,Male,26-35,Single,Graduate,Professional,Medium,Rural,Weekly,Store,Electronics
317,Male,18-25,Single,Postgraduate,Student,Low,Semiurban,Weekly,Online,HomeDecor
318,Male,26-35,Married,Postgraduate,Professional,Low,Semiurban,Monthly,Online,Grocery
319,Male,26-35,Married,Postgraduate,Professional,Low,Urban,Weekly,Store,HomeDecor
320,Female,46-55,Single,Graduate,Professional,Medium,Urban,Monthly,Online,Fashion
321,Male,46-55,Married,Postgraduate,Business,Medium,Semiurban,Monthly,Store,Grocery
322,Male,18-25,Married,Graduate,Student,Medium,Urban,Monthly,Store,Fashion
323,Male,18-25,Single,Graduate,Professional,High,Rural,Weekly,Online,HomeDecor
324,Female,26-35,Single,Graduate,Business,Medium,Rural,Monthly,Online,Grocery
325,Male,26-35,Married,Postgraduate,Student,Medium,Urban,Weekly,Online,Fashion
326,Male,18-25,Married,Graduate,Professional,High,Urban,Weekly,Store,Fashion
327,Female,18-25,Single,Graduate,Business,High,Urban,Weekly,Store,Electronics
328,Female,46-55,Single,Postgraduate,Professional,Medium,Urban,Weekly,Store,HomeDecor
329,Female,26-35,Married,Graduate,Business,High,Urban,Monthly,Store,Grocery
330,Male,26-35,Single,Postgraduate,Business,Low,Urban,Monthly,Online,Electronics
331,Female,26-35,Married,Graduate,Student,Medium,Semiurban,Weekly,Online,Grocery
332,Female,18-25,Married,Graduate,Student,High,Urban,Monthly,Store,Electronics
333,Male,18-25,Married,Postgraduate,Business,Medium,Urban,Monthly,Store,HomeDecor
334,Female,46-55,Single,Postgraduate,Business,High,Rural,Weekly,Online,HomeDecor
335,Male,18-25,Married,Graduate,Professional,Medium,Urban,Weekly,Store,Fashion
336,Female,26-35,Single,Graduate,Professional,High,Rural,Monthly,Online,HomeDecor
337,Male,46-55,Single,Graduate,Student,Medium,Urban,Weekly,Store,Grocery
338,Female,36-45,Single,Graduate,Student,Medium,Rural,Monthly,Online,Electronics
339,Female,18-25,Married,Graduate,Professional,High,Rural,Monthly,Online,Electronics
340,Male,26-35,Single,Postgraduate,Student,Medium,Urban,Monthly,Store,HomeDecor
341,Female,36-45,Single,Postgraduate,Student,Medium,Semiurban,Monthly,Online,HomeDecor
342,Male,36-45,Married,Postgraduate,Professional,Low,Semiurban,Weekly,Online,Electronics
343,Male,36-45,Married,Graduate,Business,Low,Semiurban,Monthly,Store,Fashion
344,Female,36-45,Single,Postgraduate,Business,Low,Rural,Weekly,Online,HomeDecor
345,Male,26-35,Single,Graduate,Student,Low,Semiurban,Weekly,Store,Fashion
346,Male,36-45,Married,Graduate,Student,Medium,Rural,Monthly,Store,Grocery
347,Female,18-25,Married,Graduate,Professional,Low,Urban,Weekly,Online,Electronics
348,Female,36-45,Married,Postgraduate,Professional,High,Semiurban,Monthly,Online,Fashion
349,Female,46-55,Single,Postgraduate,Student,Medium,Semiurban,Weekly,Online,HomeDecor
350,Female,36-45,Single,Postgraduate,Professional,Medium,Semiurban,Monthly,Online,Fashion
351,Male,36-45,Married,Postgraduate,Professional,High,Semiurban,Weekly,Online,HomeDecor
352,Male,46-55,Married,Postgraduate,Student,High,Urban,Weekly,Store,HomeDecor
353,Male,18-25,Single,Graduate,Student,Low,Urban,Weekly,Store,Electronics
354,Female,26-35,Married,Postgraduate,Professional,High,Semiurban,Weekly,Online,Fashion
355,Female,46-55,Married,Graduate,Professional,High,Rural,Monthly,Store,Fashion
356,Female,18-25,Married,Graduate,Professional,Low,Urban,Weekly,Online,Fashion
357,Male,36-45,Married,Graduate,Business,Low,Semiurban,Weekly,Online,Electronics
358,Male,36-45,Married,Postgraduate,Professional,Medium,Semiurban,Monthly,Store,Fashion
359,Female,36-45,Married,Graduate,Student,High,Rural,Monthly,Store,Grocery
360,Male,46-55,Single,Postgraduate,Professional,High,Semiurban,Monthly,Store,Grocery
361,Male,26-35,Single,Graduate,Business,Medium,Rural,Monthly,Online,Electronics
362,Female,36-45,Married,Postgraduate,Professional,Medium,Rural,Weekly,Online,Grocery
363,Male,46-55,Married,Postgraduate,Student,High,Rural,Weekly,Store,Electronics
364,Female,26-35,Married,Graduate,Business,Medium,Rural,Weekly,Online,Grocery
365,Male,36-45,Married,Postgraduate,Professional,Medium,Rural,Monthly,Store,Electronics
366,Female,18-25,Single,Postgraduate,Student,High,Urban,Monthly,Store,HomeDecor
367,Male,26-35,Single,Graduate,Professional,Medium,Rural,Monthly,Online,Grocery
368,Male,18-25,Married,Postgraduate,Business,Low,Semiurban,Weekly,Online,HomeDecor
369,Female,26-35,Single,Graduate,Professional,Low,Urban,Monthly,Store,HomeDecor
370,Female,46-55,Married,Graduate,Student,High,Urban,Monthly,Online,Grocery
371,Male,18-25,Single,Graduate,Student,High,Semiurban,Monthly,Online,Electronics
372,Female,36-45,Single,Graduate,Student,Medium,Semiurban,Monthly,Store,HomeDecor
373,Male,36-45,Married,Postgraduate,Student,Low,Semiurban,Weekly,Online,Fashion
374,Male,26-35,Single,Graduate,Student,Medium,Rural,Weekly,Store,Grocery
375,Male,18-25,Single,Graduate,Student,High,Urban,Monthly,Store,HomeDecor
376,Male,36-45,Married,Graduate,Student,High,Rural,Weekly,Store,HomeDecor
377,Male,36-45,Single,Postgraduate,Student,High,Rural,Weekly,Store,Electronics
378,Male,46-55,Single,Graduate,Professional,High,Urban,Monthly,Store,Grocery
379,Male,18-25,Married,Graduate,Business,Medium,Semiurban,Weekly,Online,Electronics
380,Male,18-25,Married,Graduate,Student,High,Urban,Weekly,Store,Fashion
381,Female,36-45,Married,Postgraduate,Student,Low,Urban,Weekly,Store,Grocery
382,Female,46-55,Single,Graduate,Student,Low,Urban,Weekly,Store,Grocery
383,Female,36-45,Single,Postgraduate,Professional,Low,Urban,Monthly,Store,HomeDecor
384,Female,46-55,Married,Postgraduate,Business,Low,Urban,Weekly,Online,Fashion
385,Male,46-55,Married,Postgraduate,Student,High,Semiurban,Monthly,Online,Fashion
386,Female,46-55,Single,Postgraduate,Professional,Low,Urban,Monthly,Store,Electronics
387,Male,36-45,Single,Postgraduate,Business,High,Urban,Monthly,Store,HomeDecor
388,Male,18-25,Single,Graduate,Business,Medium,Semiurban,Weekly,Online,HomeDecor
389,Female,26-35,Married,Postgraduate,Student,High,Urban,Monthly,Store,Fashion
390,Male,46-55,Married,Postgraduate,Student,Medium,Semiurban,Monthly,Online,HomeDecor
391,Male,18-25,Married,Postgraduate,Student,High,Rural,Weekly,Online,Grocery
392,Male,46-55,Married,Postgraduate,Student,Low,Semiurban,Monthly,Store,Grocery
393,Female,18-25,Single,Graduate,Student,Medium,Semiurban,Monthly,Store,Electronics
394,Male,26-35,Married,Graduate,Business,High,Rural,Monthly,Online,Grocery
395,Male,26-35,Single,Postgraduate,Student,Medium,Urban,Monthly,Online,HomeDecor
396,Male,18-25,Married,Postgraduate,Business,High,Rural,Weekly,Store,Electronics
397,Male,46-55,Married,Graduate,Business,High,Urban,Weekly,Online,HomeDecor
398,Female,46-55,Married,Graduate,Professional,Medium,Semiurban,Monthly,Store,Fashion
399,Male,46-55,Married,Postgraduate,Business,High,Rural,Weekly,Online,Fashion
400,Female,36-45,Single,Graduate,Business,High,Rural,Monthly,Online,Grocery
401,Female,46-55,Married,Postgraduate,Student,High,Urban,Weekly,Store,Fashion
402,Male,18-25,Single,Postgraduate,Student,Medium,Rural,Monthly,Online,Electronics
403,Female,26-35,Single,Postgraduate,Professional,Low,Rural,Weekly,Store,Fashion
404,Female,18-25,Married,Postgraduate,Professional,High,Semiurban,Weekly,Online,Grocery
405,Male,46-55,Single,Postgraduate,Business,High,Rural,Weekly,Online,Grocery
406,Female,26-35,Single,Graduate,Student,High,Rural,Weekly,Store,Electronics
407,Female,36-45,Married,Graduate,Student,High,Semiurban,Weekly,Store,HomeDecor
408,Male,18-25,Single,Postgraduate,Business,Low,Rural,Monthly,Store,Grocery
409,Male,36-45,Single,Graduate,Business,Low,Rural,Weekly,Store,HomeDecor
410,Male,36-45,Single,Graduate,Business,Medium,Semiurban,Monthly,Store,Fashion
411,Female,18-25,Single,Postgraduate,Professional,Low,Rural,Weekly,Online,Grocery
412,Female,18-25,Married,Postgraduate,Business,High,Semiurban,Weekly,Store,HomeDecor
413,Female,18-25,Married,Graduate,Professional,High,Urban,Weekly,Online,Electronics
414,Male,26-35,Single,Postgraduate,Student,Low,Rural,Monthly,Online,Fashion
415,Male,46-55,Married,Graduate,Student,Low,Urban,Weekly,Store,Electronics
416,Male,36-45,Married,Postgraduate,Professional,High,Semiurban,Monthly,Store,Electronics
417,Female,18-25,Single,Graduate,Business,High,Urban,Weekly,Store,Electronics
418,Female,36-45,Single,Postgraduate,Professional,Medium,Semiurban,Weekly,Store,Fashion
419,Male,26-35,Married,Postgraduate,Business,Low,Semiurban,Monthly,Online,Fashion
420,Male,18-25,Single,Postgraduate,Business,High,Urban,Monthly,Online,Grocery
421,Male,46-55,Single,Graduate,Student,Low,Rural,Monthly,Online,Electronics
422,Male,18-25,Married,Graduate,Professional,High,Urban,Monthly,Online,Fashion
423,Female,36-45,Married,Graduate,Business,High,Urban,Weekly,Store,Electronics
424,Male,36-45,Married,Postgraduate,Professional,High,Rural,Monthly,Online,Grocery
425,Female,46-55,Single,Graduate,Professional,Low,Urban,Monthly,Store,Grocery
426,Male,36-45,Married,Postgraduate,Professional,Medium,Semiurban,Monthly,Online,Fashion
427,Male,36-45,Single,Graduate,Professional,High,Rural,Weekly,Online,Electronics
428,Male,46-55,Single,Graduate,Business,Medium,Rural,Monthly,Online,Grocery
429,Female,26-35,Married,Graduate,Professional,High,Rural,Weekly,Store,Grocery
430,Male,26-35,Single,Graduate,Professional,Low,Urban,Weekly,Store,Grocery
431,Male,26-35,Married,Graduate,Student,Medium,Semiurban,Weekly,Online,Fashion
432,Female,46-55,Married,Postgraduate,Student,Low,Rural,Monthly,Online,Grocery
433,Female,26-35,Married,Postgraduate,Professional,High,Rural,Weekly,Store,HomeDecor
434,Male,46-55,Married,Postgraduate,Professional,Medium,Rural,Weekly,Online,HomeDecor
435,Male,26-35,Single,Postgraduate,Student,Low,Urban,Weekly,Store,Electronics
436,Male,46-55,Married,Graduate,Professional,High,Semiurban,Monthly,Online,Fashion
437,Female,18-25,Single,Graduate,Student,High,Rural,Weekly,Online,Electronics
438,Male,18-25,Single,Postgraduate,Student,High,Semiurban,Weekly,Store,Electronics
439,Male,46-55,Married,Postgraduate,Student,Low,Semiurban,Weekly,Online,Grocery
440,Male,36-45,Married,Graduate,Student,Medium,Semiurban,Weekly,Online,Electronics
441,Male,46-55,Single,Graduate,Student,Medium,Rural,Weekly,Online,Electronics
442,Female,26-35,Single,Postgraduate,Business,Medium,Semiurban,Weekly,Store,Fashion
443,Female,46-55,Married,Graduate,Professional,Low,Semiurban,Monthly,Online,Electronics
444,Female,46-55,Married,Graduate,Student,High,Rural,Weekly,Online,Electronics
445,Female,26-35,Married,Postgraduate,Professional,Low,Urban,Monthly,Store,Grocery
446,Female,36-45,Married,Postgraduate,Student,Medium,Rural,Monthly,Online,Grocery
447,Female,36-45,Married,Postgraduate,Business,Medium,Rural,Weekly,Online,Fashion
448,Female,26-35,Single,Graduate,Business,Medium,Semiurban,Weekly,Online,HomeDecor
449,Male,18-25,Single,Postgraduate,Business,Medium,Urban,Weekly,Store,Fashion
450,Female,18-25,Single,Postgraduate,Professional,High,Rural,Monthly,Online,Fashion
451,Female,46-55,Single,Graduate,Business,High,Semiurban,Weekly,Online,Fashion
452,Male,18-25,Married,Graduate,Business,Low,Urban,Weekly,Store,HomeDecor
453,Female,46-55,Married,Graduate,Business,Low,Rural,Weekly,Online,Grocery
454,Female,36-45,Married,Graduate,Business,Low,Semiurban,Monthly,Online,Grocery
455,Male,46-55,Single,Graduate,Business,Medium,Semiurban,Weekly,Store,Grocery
456,Female,46-55,Married,Graduate,Professional,Medium,Rural,Monthly,Online,HomeDecor
457,Male,36-45,Single,Postgraduate,Business,Low,Rural,Weekly,Store,HomeDecor
458,Female,18-25,Married,Graduate,Professional,Low,Semiurban,Monthly,Online,Fashion
459,Female,36-45,Married,Graduate,Business,Medium,Urban,Weekly,Store,Fashion
460,Male,26-35,Married,Graduate,Student,Low,Urban,Monthly,Online,Electronics
461,Male,18-25,Married,Graduate,Business,Low,Semiurban,Monthly,Store,HomeDecor
462,Female,46-55,Single,Postgraduate,Professional,Low,Rural,Weekly,Online,HomeDecor
463,Female,18-25,Married,Postgraduate,Business,Low,Semiurban,Weekly,Store,Grocery
464,Male,18-25,Single,Postgraduate,Business,Low,Semiurban,Monthly,Store,Fashion
465,Female,26-35,Married,Postgraduate,Business,Medium,Semiurban,Weekly,Store,HomeDecor
466,Male,46-55,Married,Postgraduate,Professional,Medium,Semiurban,Weekly,Online,Fashion
467,Male,36-45,Single,Postgraduate,Professional,Low,Urban,Weekly,Store,Electronics
468,Male,46-55,Married,Graduate,Business,High,Rural,Monthly,Store,Grocery
469,Female,18-25,Married,Graduate,Business,Low,Urban,Weekly,Store,HomeDecor
470,Male,46-55,Married,Postgraduate,Professional,Medium,Rural,Monthly,Store,Electronics
471,Female,18-25,Married,Graduate,Business,High,Rural,Weekly,Store,Grocery
472,Female,46-55,Married,Graduate,Professional,High,Semiurban,Monthly,Online,Fashion
473,Female,46-55,Married,Graduate,Student,Low,Semiurban,Weekly,Store,Grocery
474,Female,36-45,Married,Postgraduate,Professional,Medium,Rural,Monthly,Store,Fashion
475,Male,18-25,Single,Graduate,Business,Medium,Rural,Weekly,Online,Fashion
476,Female,18-25,Single,Graduate,Professional,High,Urban,Weekly,Store,Electronics
477,Male,36-45,Single,Graduate,Business,Medium,Semiurban,Weekly,Online,Grocery
478,Female,26-35,Single,Graduate,Student,Low,Rural,Monthly,Store,HomeDecor
479,Female,36-45,Married,Graduate,Business,High,Urban,Monthly,Store,Grocery
480,Female,46-55,Single,Graduate,Professional,Medium,Semiurban,Monthly,Store,Fashion
481,Female,18-25,Single,Graduate,Professional,Medium,Semiurban,Weekly,Store,HomeDecor
482,Female,18-25,Married,Postgraduate,Business,Low,Urban,Monthly,Online,HomeDecor
483,Female,46-55,Single,Graduate,Business,High,Rural,Monthly,Store,Fashion
484,Female,18-25,Married,Graduate,Business,High,Rural,Monthly,Store,Grocery
485,Female,26-35,Single,Graduate,Student,Medium,Urban,Monthly,Store,Grocery
486,Female,26-35,Married,Graduate,Student,Low,Rural,Weekly,Online,Electronics
487,Female,36-45,Single,Postgraduate,Business,Low,Urban,Weekly,Online,Electronics
488,Female,26-35,Married,Postgraduate,Professional,Medium,Semiurban,Monthly,Online,Grocery
489,Male,26-35,Single,Postgraduate,Professional,Low,Rural,Monthly,Online,Fashion
490,Female,46-55,Single,Graduate,Business,Low,Semiurban,Monthly,Online,Electronics
491,Male,46-55,Single,Graduate,Professional,Medium,Rural,Monthly,Store,Fashion
492,Male,18-25,Married,Postgraduate,Business,Medium,Urban,Monthly,Online,Fashion
493,Male,26-35,Married,Postgraduate,Student,Low,Semiurban,Weekly,Store,Fashion
494,Male,18-25,Married,Graduate,Professional,Low,Urban,Weekly,Store,Electronics
495,Female,18-25,Single,Postgraduate,Business,Low,Rural,Weekly,Online,HomeDecor
496,Male,36-45,Married,Postgraduate,Business,Low,Urban,Monthly,Store,Fashion
497,Female,18-25,Married,Postgraduate,Business,Medium,Rural,Monthly,Online,Fashion
498,Female,36-45,Married,Postgraduate,Business,High,Urban,Weekly,Online,HomeDecor
499,Female,36-45,Married,Postgraduate,Student,High,Rural,Monthly,Online,Electronics
500,Female,26-35,Married,Graduate,Business,High,Semiurban,Weekly,Store,Fashion
501,Female,36-45,Married,Postgraduate,Student,Low,Rural,Weekly,Online,Fashion
502,Male,18-25,Single,Graduate,Professional,Low,Urban,Weekly,Store,HomeDecor
503,Female,18-25,Married,Graduate,Business,High,Urban,Weekly,Online,HomeDecor
504,Male,46-55,Single,Postgraduate,Business,High,Semiurban,Monthly,Online,Grocery
505,Male,18-25,Married,Graduate,Student,High,Urban,Weekly,Online,HomeDecor
506,Male,26-35,Single,Graduate,Business,High,Rural,Monthly,Online,Grocery
507,Female,46-55,Single,Graduate,Student,High,Semiurban,Monthly,Online,HomeDecor
508,Female,36-45,Married,Postgraduate,Professional,High,Semiurban,Monthly,Online,Fashion
509,Female,36-45,Married,Postgraduate,Professional,Medium,Urban,Weekly,Store,Electronics
510,Male,36-45,Single,Postgraduate,Student,Low,Semiurban,Weekly,Store,Fashion
511,Male,18-25,Married,Postgraduate,Student,Low,Semiurban,Monthly,Online,Fashion
512,Female,36-45,Single,Postgraduate,Business,Low,Rural,Weekly,Store,HomeDecor
513,Male,46-55,Single,Postgraduate,Student,High,Rural,Monthly,Online,Electronics
514,Female,36-45,Married,Postgraduate,Student,Low,Rural,Weekly,Store,Electronics
515,Female,18-25,Married,Graduate,Professional,High,Rural,Weekly,Online,Electronics
516,Female,46-55,Single,Graduate,Professional,Medium,Semiurban,Weekly,Online,Grocery
517,Male,46-55,Single,Postgraduate,Professional,Low,Semiurban,Monthly,Online,Fashion
518,Female,26-35,Married,Postgraduate,Business,High,Urban,Weekly,Online,Electronics
519,Female,46-55,Married,Graduate,Student,High,Semiurban,Monthly,Store,Grocery
520,Male,36-45,Married,Graduate,Professional,Low,Semiurban,Monthly,Online,HomeDecor
521,Male,26-35,Single,Postgraduate,Student,High,Urban,Weekly,Online,Fashion
522,Male,36-45,Single,Postgraduate,Business,Low,Semiurban,Monthly,Store,Electronics
523,Female,26-35,Single,Graduate,Business,High,Semiurban,Monthly,Online,Electronics
524,Female,18-25,Married,Graduate,Student,Medium,Urban,Monthly,Online,HomeDecor
525,Male,18-25,Married,Postgraduate,Business,High,Semiurban,Weekly,Online,Grocery
526,Female,26-35,Married,Graduate,Professional,Medium,Rural,Weekly,Online,Fashion
527,Female,18-25,Single,Graduate,Business,Medium,Semiurban,Monthly,Store,Fashion
528,Male,36-45,Married,Postgraduate,Business,Medium,Urban,Monthly,Online,Grocery
529,Female,18-25,Married,Graduate,Student,Medium,Semiurban,Weekly,Online,HomeDecor
530,Male,46-55,Single,Graduate,Professional,Medium,Rural,Monthly,Store,Fashion
531,Male,26-35,Single,Graduate,Professional,High,Rural,Weekly,Store,Fashion
532,Male,36-45,Single,Graduate,Student,Medium,Urban,Weekly,Store,HomeDecor
533,Female,36-45,Married,Postgraduate,Student,Low,Urban,Weekly,Online,Electronics
534,Female,26-35,Single,Graduate,Business,Low,Semiurban,Weekly,Store,Fashion
535,Female,36-45,Single,Postgraduate,Professional,Medium,Urban,Weekly,Online,Fashion
536,Male,46-55,Single,Postgraduate,Professional,Low,Rural,Weekly,Online,Electronics
537,Male,46-55,Married,Postgraduate,Professional,Low,Semiurban,Monthly,Online,HomeDecor
538,Female,46-55,Single,Graduate,Professional,Medium,Urban,Weekly,Store,Electronics
539,Female,18-25,Single,Postgraduate,Professional,Medium,Semiurban,Monthly,Store,Fashion
540,Female,36-45,Single,Graduate,Professional,High,Semiurban,Weekly,Online,Fashion
541,Male,46-55,Married,Postgraduate,Professional,Low,Urban,Monthly,Online,HomeDecor
542,Male,36-45,Married,Graduate,Business,High,Urban,Weekly,Online,HomeDecor
543,Female,18-25,Married,Graduate,Professional,High,Semiurban,Weekly,Online,Grocery
544,Male,26-35,Single,Graduate,Business,Low,Semiurban,Monthly,Store,HomeDecor
545,Female,26-35,Single,Graduate,Student,Low,Rural,Monthly,Online,HomeDecor
546,Female,46-55,Single,Postgraduate,Student,Low,Rural,Monthly,Store,HomeDecor
547,Female,18-25,Single,Graduate,Business,Medium,Rural,Weekly,Online,Fashion
548,Male,18-25,Married,Graduate,Student,Low,Rural,Monthly,Store,Electronics
549,Male,18-25,Married,Graduate,Student,High,Semiurban,Weekly,Store,Grocery
550,Male,18-25,Married,Postgraduate,Professional,Medium,Urban,Monthly,Online,Grocery
551,Female,26-35,Single,Postgraduate,Professional,High,Semiurban,Weekly,Online,Electronics
552,Male,18-25,Married,Postgraduate,Professional,High,Semiurban,Monthly,Store,Fashion
553,Female,46-55,Married,Graduate,Business,Low,Rural,Monthly,Online,Electronics
554,Male,18-25,Married,Graduate,Business,Low,Rural,Monthly,Store,Electronics
555,Female,36-45,Single,Graduate,Business,Low,Rural,Monthly,Store,Electronics
556,Female,36-45,Married,Graduate,Student,High,Semiurban,Monthly,Store,Electronics
557,Male,26-35,Married,Postgraduate,Business,Medium,Semiurban,Weekly,Online,HomeDecor
558,Male,46-55,Married,Postgraduate,Professional,High,Urban,Monthly,Store,Electronics
559,Male,36-45,Married,Graduate,Student,Medium,Urban,Monthly,Store,Fashion
560,Female,26-35,Single,Postgraduate,Business,Medium,Rural,Weekly,Store,HomeDecor
561,Male,46-55,Single,Postgraduate,Professional,Medium,Urban,Monthly,Online,Electronics
562,Female,18-25,Single,Graduate,Professional,High,Urban,Monthly,Online,Fashion
563,Female,46-55,Married,Postgraduate,Student,Low,Rural,Weekly,Online,Electronics
564,Female,46-55,Single,Graduate,Professional,Low,Rural,Weekly,Store,HomeDecor
565,Male,18-25,Married,Graduate,Business,Medium,Rural,Weekly,Store,Fashion
566,Male,36-45,Married,Postgraduate,Professional,High,Urban,Monthly,Online,Fashion
567,Female,18-25,Single,Graduate,Student,High,Semiurban,Monthly,Store,Fashion
568,Female,26-35,Single,Graduate,Professional,High,Semiurban,Monthly,Online,Fashion
569,Male,46-55,Single,Graduate,Professional,Low,Urban,Monthly,Store,Fashion
570,Female,36-45,Married,Postgraduate,Student,High,Rural,Weekly,Store,Fashion
571,Male,46-55,Single,Postgraduate,Professional,High,Rural,Monthly,Store,Fashion
572,Male,26-35,Married,Postgraduate,Professional,Low,Rural,Monthly,Store,HomeDecor
573,Female,18-25,Single,Postgraduate,Student,Medium,Semiurban,Monthly,Online,Grocery
574,Female,26-35,Single,Postgraduate,Business,Low,Semiurban,Weekly,Store,HomeDecor
575,Female,46-55,Single,Graduate,Business,Low,Semiurban,Monthly,Online,Grocery
576,Male,46-55,Married,Postgraduate,Business,High,Urban,Weekly,Online,HomeDecor
577,Male,46-55,Married,Graduate,Professional,Low,Semiurban,Monthly,Online,Electronics
578,Female,36-45,Married,Graduate,Student,Low,Urban,Weekly,Online,Fashion
579,Female,36-45,Married,Postgraduate,Student,Low,Rural,Monthly,Store,Grocery
580,Female,36-45,Single,Graduate,Business,High,Semiurban,Weekly,Store,Electronics
581,Female,18-25,Single,Postgraduate,Student,Medium,Urban,Weekly,Store,HomeDecor
582,Female,46-55,Married,Postgraduate,Professional,High,Urban,Weekly,Store,Fashion
583,Male,46-55,Married,Postgraduate,Student,Medium,Rural,Weekly,Online,Electronics
584,Male,18-25,Single,Postgraduate,Business,Medium,Urban,Weekly,Online,HomeDecor
585,Female,46-55,Single,Postgraduate,Business,Medium,Rural,Monthly,Store,Grocery
586,Male,26-35,Married,Graduate,Business,Medium,Rural,Weekly,Store,HomeDecor
587,Female,18-25,Single,Postgraduate,Business,Medium,Urban,Monthly,Online,Fashion
588,Female,46-55,Single,Graduate,Student,Medium,Rural,Weekly,Store,Electronics
589,Female,18-25,Married,Postgraduate,Business,Medium,Rural,Monthly,Store,Grocery
590,Female,36-45,Single,Graduate,Business,High,Rural,Monthly,Store,Electronics
591,Female,26-35,Single,Postgraduate,Business,High,Urban,Monthly,Store,Electronics
592,Male,18-25,Married,Postgraduate,Student,High,Semiurban,Monthly,Store,Electronics
593,Male,26-35,Single,Postgraduate,Professional,Low,Semiurban,Weekly,Store,Fashion
594,Male,36-45,Single,Graduate,Business,Low,Semiurban,Monthly,Store,Fashion
595,Female,26-35,Single,Postgraduate,Student,High,Semiurban,Weekly,Online,Fashion
596,Female,46-55,Married,Postgraduate,Professional,High,Rural,Weekly,Store,HomeDecor
597,Female,36-45,Single,Postgraduate,Student,Medium,Semiurban,Monthly,Store,Electronics
598,Male,36-45,Married,Postgraduate,Professional,Medium,Semiurban,Weekly,Store,HomeDecor
599,Female,26-35,Single,Postgraduate,Business,High,Urban,Monthly,Online,Electronics
600,Male,18-25,Married,Graduate,Business,Low,Rural,Monthly,Store,Fashion
601,Female,36-45,Single,Graduate,Student,High,Urban,Weekly,Online,Electronics
602,Male,18-25,Single,Postgraduate,Business,High,Rural,Weekly,Online,Fashion
603,Female,36-45,Married,Graduate,Business,Medium,Semiurban,Monthly,Store,Grocery
604,Male,18-25,Married,Graduate,Professional,Medium,Semiurban,Weekly,Store,Grocery
605,Male,46-55,Single,Postgraduate,Student,High,Semiurban,Weekly,Store,Electronics
606,Male,46-55,Single,Graduate,Professional,High,Semiurban,Weekly,Online,Electronics
607,Male,36-45,Married,Graduate,Professional,Low,Rural,Weekly,Online,HomeDecor
608,Female,26-35,Married,Postgraduate,Business,Low,Rural,Monthly,Store,HomeDecor
609,Female,18-25,Single,Graduate,Professional,High,Semiurban,Weekly,Store,Grocery
610,Female,46-55,Single,Graduate,Professional,High,Semiurban,Weekly,Store,Grocery
611,Male,26-35,Single,Postgraduate,Business,Low,Semiurban,Monthly,Online,Grocery
612,Female,18-25,Married,Graduate,Student,Low,Urban,Weekly,Online,HomeDecor
613,Female,18-25,Married,Postgraduate,Business,Medium,Urban,Weekly,Store,Electronics
614,Female,18-25,Married,Graduate,Student,High,Rural,Monthly,Online,Fashion
615,Male,18-25,Single,Postgraduate,Business,Low,Semiurban,Weekly,Online,Fashion
616,Male,26-35,Single,Postgraduate,Student,Medium,Rural,Weekly,Online,Electronics
617,Male,46-55,Single,Graduate,Student,Medium,Semiurban,Monthly,Store,Electronics
618,Male,36-45,Single,Graduate,Business,Low,Semiurban,Weekly,Online,Grocery
619,Male,46-55,Single,Postgraduate,Business,Low,Semiurban,Weekly,Online,Fashion
620,Male,46-55,Single,Graduate,Professional,Low,Urban,Weekly,Online,Electronics
621,Female,46-55,Married,Graduate,Student,Low,Rural,Monthly,Store,HomeDecor
622,Male,26-35,Single,Graduate,Business,Medium,Rural,Weekly,Store,Grocery
623,Female,18-25,Single,Graduate,Student,High,Urban,Monthly,Online,HomeDecor
624,Male,36-45,Single,Graduate,Student,Low,Rural,Monthly,Store,Fashion
625,Male,18-25,Single,Postgraduate,Professional,Low,Semiurban,Monthly,Store,HomeDecor
626,Male,18-25,Single,Graduate,Student,Low,Semiurban,Weekly,Online,Fashion
627,Female,36-45,Married,Graduate,Business,High,Semiurban,Weekly,Online,Grocery
628,Male,18-25,Single,Postgraduate,Student,Medium,Urban,Weekly,Store,HomeDecor
629,Male,46-55,Single,Graduate,Business,Medium,Urban,Monthly,Store,Fashion
630,Female,26-35,Married,Postgraduate,Student,Medium,Urban,Weekly,Online,Grocery
631,Male,18-25,Married,Postgraduate,Professional,Low,Semiurban,Weekly,Store,Fashion
632,Male,26-35,Single,Postgraduate,Business,Medium,Urban,Monthly,Store,Grocery
633,Male,46-55,Single,Graduate,Professional,Medium,Rural,Weekly,Online,Electronics
634,Female,18-25,Single,Postgraduate,Business,High,Urban,Monthly,Store,HomeDecor
635,Male,46-55,Married,Graduate,Student,High,Urban,Monthly,Online,Fashion
636,Female,36-45,Single,Graduate,Student,Medium,Rural,Monthly,Online,HomeDecor
637,Male,46-55,Married,Graduate,Business,Medium,Urban,Monthly,Store,Electronics
638,Male,46-55,Married,Graduate,Professional,Medium,Semiurban,Weekly,Online,Grocery
639,Male,36-45,Single,Graduate,Professional,Medium,Semiurban,Weekly,Store,Grocery
640,Male,18-25,Single,Graduate,Professional,Low,Rural,Weekly,Store,Fashion
641,Male,36-45,Married,Postgraduate,Business,High,Semiurban,Monthly,Online,Electronics
642,Female,36-45,Married,Postgraduate,Business,High,Urban,Monthly,Store,HomeDecor
643,Female,18-25,Single,Postgraduate,Student,Low,Semiurban,Weekly,Store,Electronics
644,Male,26-35,Married,Graduate,Business,Low,Semiurban,Weekly,Online,Electronics
645,Female,46-55,Single,Postgraduate,Professional,Medium,Semiurban,Weekly,Store,Fashion
646,Male,18-25,Single,Postgraduate,Professional,High,Semiurban,Monthly,Store,HomeDecor
647,Female,36-45,Single,Postgraduate,Student,Medium,Urban,Monthly,Store,Grocery
648,Male,26-35,Married,Postgraduate,Professional,Low,Rural,Weekly,Store,Fashion
649,Male,26-35,Single,Graduate,Student,Low,Semiurban,Weekly,Store,Grocery
650,Female,26-35,Single,Graduate,Business,Medium,Semiurban,Weekly,Store,HomeDecor
651,Male,36-45,Single,Graduate,Professional,Medium,Urban,Monthly,Store,Fashion
652,Male,36-45,Married,Postgraduate,Professional,High,Rural,Weekly,Store,Grocery
653,Male,46-55,Single,Graduate,Business,High,Urban,Monthly,Online,HomeDecor
654,Male,46-55,Married,Graduate,Professional,Low,Rural,Weekly,Online,Grocery
655,Male,18-25,Single,Postgraduate,Business,High,Urban,Monthly,Online,HomeDecor
656,Female,18-25,Married,Postgraduate,Student,High,Semiurban,Monthly,Store,Grocery
657,Male,36-45,Married,Postgraduate,Professional,Medium,Rural,Weekly,Online,HomeDecor
658,Female,46-55,Married,Graduate,Business,Medium,Rural,Monthly,Online,Electronics
659,Male,26-35,Married,Postgraduate,Business,Medium,Urban,Monthly,Online,Electronics
660,Female,36-45,Married,Graduate,Business,Medium,Rural,Weekly,Online,Fashion
661,Female,36-45,Married,Graduate,Professional,High,Semiurban,Monthly,Store,Fashion
662,Male,18-25,Single,Postgraduate,Professional,High,Rural,Monthly,Online,Grocery
663,Female,26-35,Married,Graduate,Student,Low,Semiurban,Monthly,Online,Grocery
664,Female,46-55,Married,Postgraduate,Business,Low,Semiurban,Weekly,Store,Fashion
665,Male,26-35,Married,Postgraduate,Business,Low,Semiurban,Weekly,Online,Grocery
666,Female,46-55,Married,Graduate,Professional,Medium,Rural,Weekly,Online,Fashion
667,Male,26-35,Married,Postgraduate,Business,Medium,Semiurban,Monthly,Online,Grocery
668,Male,18-25,Single,Postgraduate,Professional,Medium,Semiurban,Monthly,Online,Electronics
669,Male,26-35,Single,Graduate,Business,High,Rural,Weekly,Store,HomeDecor
670,Male,18-25,Single,Graduate,Professional,Medium,Semiurban,Monthly,Online,HomeDecor
671,Female,26-35,Married,Graduate,Business,Low,Urban,Weekly,Online,Fashion
672,Female,26-35,Single,Graduate,Student,Medium,Rural,Weekly,Online,Electronics
673,Female,46-55,Single,Graduate,Student,Low,Rural,Weekly,Store,Electronics
674,Female,18-25,Single,Postgraduate,Business,Low,Urban,Weekly,Online,Fashion
675,Male,36-45,Single,Graduate,Student,High,Semiurban,Monthly,Store,Fashion
676,Male,18-25,Single,Graduate,Business,Low,Rural,Weekly,Store,Fashion
677,Male,18-25,Single,Postgraduate,Professional,High,Rural,Weekly,Store,Electronics
678,Male,36-45,Married,Postgraduate,Student,High,Urban,Monthly,Online,Grocery
679,Male,46-55,Single,Graduate,Professional,Medium,Rural,Monthly,Online,Electronics
680,Female,46-55,Single,Postgraduate,Professional,Medium,Rural,Monthly,Store,Fashion
681,Female,36-45,Married,Graduate,Student,Medium,Rural,Monthly,Online,Electronics
682,Female,18-25,Married,Postgraduate,Business,High,Rural,Weekly,Online,Fashion
683,Female,46-55,Single,Graduate,Student,Medium,Urban,Monthly,Online,HomeDecor
684,Male,26-35,Married,Postgraduate,Professional,High,Rural,Monthly,Store,Grocery
685,Female,46-55,Married,Postgraduate,Student,Medium,Urban,Weekly,Store,HomeDecor
686,Female,26-35,Single,Graduate,Student,High,Urban,Weekly,Store,Electronics
687,Male,46-55,Married,Graduate,Professional,High,Rural,Weekly,Online,HomeDecor
688,Female,26-35,Married,Postgraduate,Professional,High,Semiurban,Monthly,Online,Electronics
689,Female,18-25,Married,Postgraduate,Professional,Medium,Semiurban,Monthly,Online,Electronics
690,Male,36-45,Single,Postgraduate,Professional,Low,Semiurban,Monthly,Store,Electronics
691,Female,46-55,Married,Graduate,Business,Low,Semiurban,Monthly,Store,HomeDecor
692,Female,36-45,Married,Graduate,Student,High,Urban,Weekly,Store,Grocery
693,Male,36-45,Married,Graduate,Professional,Medium,Semiurban,Monthly,Store,Electronics
694,Male,26-35,Single,Postgraduate,Business,Low,Rural,Weekly,Store,Electronics
695,Female,26-35,Single,Postgraduate,Student,Medium,Rural,Monthly,Store,Grocery
696,Male,46-55,Single,Postgraduate,Professional,High,Semiurban,Monthly,Online,HomeDecor
697,Male,26-35,Married,Postgraduate,Business,High,Semiurban,Weekly,Store,Grocery
698,Female,26-35,Married,Graduate,Business,Low,Semiurban,Monthly,Online,Grocery
699,Female,26-35,Single,Graduate,Business,Medium,Semiurban,Weekly,Store,HomeDecor
700,Male,36-45,Single,Postgraduate,Business,Medium,Semiurban,Monthly,Online,HomeDecor
701,Female,36-45,Married,Graduate,Student,High,Rural,Weekly,Store,Fashion
702,Female,36-45,Married,Graduate,Business,Low,Semiurban,Monthly,Online,Fashion
703,Male,36-45,Married,Postgraduate,Professional,Low,Rural,Weekly,Store,Grocery
704,Female,26-35,Married,Graduate,Professional,Low,Urban,Weekly,Online,Electronics
705,Male,36-45,Married,Postgraduate,Business,Medium,Semiurban,Weekly,Online,Fashion
706,Female,26-35,Single,Postgraduate,Professional,High,Rural,Weekly,Online,HomeDecor
707,Male,18-25,Single,Postgraduate,Business,Medium,Urban,Monthly,Store,Electronics
708,Female,26-35,Single,Graduate,Business,High,Rural,Weekly,Store,HomeDecor
709,Male,26-35,Single,Postgraduate,Professional,High,Rural,Monthly,Online,HomeDecor
710,Male,26-35,Single,Graduate,Student,Medium,Semiurban,Monthly,Store,Electronics
711,Female,36-45,Single,Postgraduate,Business,Medium,Semiurban,Weekly,Store,Fashion
712,Female,46-55,Married,Postgraduate,Student,High,Rural,Weekly,Online,Fashion
713,Female,46-55,Married,Postgraduate,Business,Low,Rural,Weekly,Store,HomeDecor
714,Male,46-55,Married,Postgraduate,Student,Low,Semiurban,Weekly,Online,HomeDecor
715,Female,46-55,Single,Postgraduate,Student,Medium,Semiurban,Monthly,Store,HomeDecor
716,Male,26-35,Married,Graduate,Professional,Medium,Rural,Monthly,Store,Electronics
717,Male,26-35,Married,Graduate,Student,Medium,Urban,Monthly,Store,Electronics
718,Male,26-35,Single,Graduate,Business,High,Semiurban,Monthly,Store,HomeDecor
719,Male,36-45,Single,Postgraduate,Professional,Low,Urban,Monthly,Store,Fashion
720,Female,46-55,Single,Graduate,Student,High,Rural,Weekly,Online,HomeDecor
721,Male,36-45,Single,Graduate,Professional,High,Semiurban,Monthly,Online,Electronics
722,Female,26-35,Single,Graduate,Business,High,Semiurban,Monthly,Store,Electronics
723,Male,26-35,Single,Postgraduate,Professional,High,Semiurban,Monthly,Online,HomeDecor
724,Male,26-35,Married,Graduate,Professional,Low,Semiurban,Weekly,Online,Grocery
725,Female,26-35,Married,Graduate,Professional,High,Rural,Monthly,Online,Electronics
726,Female,26-35,Married,Postgraduate,Business,Low,Rural,Monthly,Store,Grocery
727,Male,18-25,Single,Graduate,Professional,Low,Semiurban,Monthly,Online,Electronics
728,Female,46-55,Married,Postgraduate,Business,Medium,Urban,Weekly,Online,Grocery
729,Male,46-55,Married,Postgraduate,Student,Low,Semiurban,Monthly,Online,Grocery
730,Male,36-45,Single,Graduate,Professional,Medium,Rural,Monthly,Store,Grocery
731,Female,36-45,Married,Postgraduate,Student,Medium,Rural,Monthly,Online,HomeDecor
732,Male,26-35,Single,Graduate,Student,Low,Urban,Monthly,Store,Fashion
733,Female,46-55,Single,Postgraduate,Student,Medium,Semiurban,Monthly,Store,HomeDecor
734,Male,26-35,Single,Postgraduate,Student,Low,Semiurban,Weekly,Online,Grocery
735,Male,18-25,Single,Postgraduate,Student,Low,Semiurban,Weekly,Store,Electronics
736,Female,18-25,Married,Postgraduate,Business,Low,Semiurban,Weekly,Online,Electronics
737,Female,46-55,Married,Postgraduate,Business,High,Urban,Monthly,Online,HomeDecor
738,Female,26-35,Single,Graduate,Business,Medium,Semiurban,Weekly,Online,HomeDecor
739,Male,46-55,Married,Graduate,Student,Medium,Urban,Weekly,Online,Fashion
740,Female,46-55,Married,Graduate,Student,Medium,Semiurban,Monthly,Store,Fashion
741,Female,18-25,Married,Graduate,Professional,Medium,Semiurban,Monthly,Store,HomeDecor
742,Male,46-55,Married,Graduate,Professional,High,Semiurban,Weekly,Online,Grocery
743,Female,26-35,Single,Postgraduate,Business,High,Rural,Weekly,Store,HomeDecor
744,Female,18-25,Married,Postgraduate,Student,Low,Rural,Monthly,Online,HomeDecor
745,Female,18-25,Single,Graduate,Business,Low,Rural,Monthly,Store,Electronics
746,Female,36-45,Married,Postgraduate,Business,Low,Rural,Weekly,Online,HomeDecor
747,Male,26-35,Married,Graduate,Student,Medium,Rural,Monthly,Store,HomeDecor
748,Female,36-45,Married,Graduate,Student,Low,Urban,Monthly,Online,HomeDecor
749,Male,18-25,Married,Graduate,Student,Low,Rural,Monthly,Store,HomeDecor
750,Female,36-45,Married,Postgraduate,Professional,Low,Urban,Weekly,Online,Fashion
751,Male,18-25,Single,Graduate,Student,Medium,Rural,Weekly,Online,HomeDecor
752,Male,18-25,Married,Postgraduate,Student,Medium,Semiurban,Weekly,Online,Fashion
753,Male,46-55,Married,Postgraduate,Student,Medium,Rural,Weekly,Online,Grocery
754,Female,18-25,Married,Graduate,Student,High,Rural,Monthly,Store,HomeDecor
755,Female,18-25,Married,Postgraduate,Professional,High,Rural,Monthly,Online,Electronics
756,Male,46-55,Married,Graduate,Professional,High,Semiurban,Monthly,Online,HomeDecor
757,Female,46-55,Married,Graduate,Student,Medium,Rural,Weekly,Store,Grocery
758,Female,26-35,Single,Postgraduate,Business,High,Rural,Monthly,Online,Grocery
759,Female,46-55,Married,Postgraduate,Student,High,Urban,Monthly,Online,HomeDecor
760,Male,26-35,Single,Graduate,Business,Medium,Urban,Monthly,Store,Grocery
761,Male,26-35,Single,Graduate,Professional,Medium,Semiurban,Weekly,Online,Electronics
762,Male,36-45,Married,Graduate,Business,Low,Urban,Weekly,Store,Grocery
763,Female,36-45,Single,Postgraduate,Student,High,Rural,Weekly,Online,HomeDecor
764,Female,18-25,Single,Graduate,Business,Low,Rural,Weekly,Online,Electronics
765,Male,36-45,Single,Postgraduate,Business,Medium,Rural,Monthly,Online,Fashion
766,Female,36-45,Single,Graduate,Student,Medium,Semiurban,Weekly,Online,HomeDecor
767,Female,36-45,Single,Graduate,Professional,Medium,Rural,Monthly,Store,Fashion
768,Male,46-55,Single,Graduate,Professional,Medium,Semiurban,Monthly,Store,Electronics
769,Female,26-35,Single,Graduate,Student,Medium,Semiurban,Monthly,Online,HomeDecor
770,Male,46-55,Single,Graduate,Business,Low,Rural,Monthly,Store,HomeDecor
771,Female,36-45,Married,Graduate,Professional,High,Rural,Weekly,Store,HomeDecor
772,Male,46-55,Married,Postgraduate,Student,Medium,Urban,Weekly,Store,HomeDecor
773,Male,36-45,Single,Graduate,Business,High,Semiurban,Monthly,Online,Electronics
774,Male,36-45,Single,Postgraduate,Business,Medium,Rural,Weekly,Online,Grocery
775,Female,36-45,Single,Graduate,Business,Low,Semiurban,Monthly,Online,HomeDecor
776,Female,26-35,Single,Postgraduate,Professional,Medium,Rural,Weekly,Store,Fashion
777,Male,36-45,Single,Postgraduate,Professional,Low,Urban,Monthly,Store,Electronics
778,Male,18-25,Married,Graduate,Professional,Low,Semiurban,Weekly,Store,HomeDecor
779,Female,36-45,Married,Postgraduate,Professional,High,Semiurban,Monthly,Online,Fashion
780,Male,46-55,Married,Graduate,Business,High,Rural,Weekly,Online,HomeDecor
781,Female,18-25,Single,Postgraduate,Student,High,Semiurban,Weekly,Online,Grocery
782,Female,18-25,Single,Graduate,Professional,Medium,Semiurban,Monthly,Store,HomeDecor
783,Male,26-35,Single,Postgraduate,Student,Medium,Semiurban,Weekly,Online,HomeDecor
784,Male,18-25,Married,Graduate,Student,Medium,Semiurban,Monthly,Store,Grocery
785,Female,46-55,Single,Graduate,Business,High,Semiurban,Monthly,Store,Fashion
786,Female,18-25,Married,Postgraduate,Student,Medium,Semiurban,Weekly,Store,Grocery
787,Male,26-35,Single,Postgraduate,Business,High,Urban,Weekly,Online,Electronics
788,Male,46-55,Single,Graduate,Business,High,Urban,Weekly,Store,Fashion
789,Male,46-55,Single,Postgraduate,Professional,High,Urban,Monthly,Online,Grocery
790,Female,26-35,Married,Graduate,Business,Medium,Semiurban,Monthly,Online,Electronics
791,Male,26-35,Married,Graduate,Student,Medium,Urban,Weekly,Store,HomeDecor
792,Male,18-25,Married,Graduate,Student,High,Urban,Monthly,Store,Electronics
793,Female,26-35,Married,Postgraduate,Professional,Medium,Urban,Weekly,Online,Fashion
794,Male,46-55,Married,Graduate,Professional,Low,Semiurban,Monthly,Store,Electronics
795,Female,18-25,Married,Graduate,Student,Medium,Rural,Weekly,Online,Fashion
796,Female,46-55,Married,Graduate,Business,High,Urban,Weekly,Store,Fashion
797,Male,46-55,Married,Graduate,Student,Medium,Rural,Monthly,Online,Electronics
798,Male,46-55,Married,Postgraduate,Business,Medium,Semiurban,Weekly,Store,Electronics
799,Male,18-25,Married,Graduate,Professional,High,Urban,Weekly,Store,HomeDecor
800,Male,36-45,Married,Postgraduate,Business,Medium,Semiurban,Weekly,Store,Grocery
801,Male,46-55,Married,Graduate,Business,Low,Rural,Weekly,Store,Electronics
802,Male,26-35,Married,Postgraduate,Professional,High,Urban,Weekly,Online,HomeDecor
803,Male,36-45,Married,Postgraduate,Professional,Low,Rural,Weekly,Online,HomeDecor
804,Female,26-35,Married,Graduate,Student,High,Urban,Monthly,Store,Fashion
805,Male,36-45,Single,Graduate,Professional,Medium,Urban,Monthly,Store,Fashion
806,Male,26-35,Married,Graduate,Professional,High,Rural,Monthly,Online,Fashion
807,Male,18-25,Single,Graduate,Student,Medium,Rural,Weekly,Store,Fashion
808,Male,36-45,Married,Graduate,Professional,High,Rural,Weekly,Store,HomeDecor
809,Female,36-45,Single,Postgraduate,Professional,Medium,Rural,Weekly,Online,Electronics
810,Female,46-55,Married,Postgraduate,Student,Medium,Urban,Monthly,Online,Electronics
811,Male,46-55,Single,Graduate,Student,Low,Semiurban,Monthly,Online,Electronics
812,Male,46-55,Married,Graduate,Business,High,Semiurban,Monthly,Online,Electronics
813,Female,26-35,Married,Graduate,Professional,High,Urban,Weekly,Store,Electronics
814,Female,18-25,Single,Graduate,Student,Medium,Semiurban,Weekly,Online,Electronics
815,Female,18-25,Married,Postgraduate,Student,Low,Rural,Weekly,Online,Grocery
816,Female,46-55,Single,Postgraduate,Student,High,Rural,Weekly,Store,HomeDecor
817,Female,46-55,Single,Postgraduate,Business,High,Urban,Monthly,Store,Fashion
818,Male,18-25,Single,Graduate,Business,Low,Rural,Weekly,Store,Grocery
819,Female,46-55,Married,Graduate,Student,Low,Urban,Weekly,Online,Grocery
820,Female,36-45,Married,Graduate,Student,Medium,Semiurban,Monthly,Store,Grocery
821,Male,26-35,Single,Graduate,Business,High,Urban,Monthly,Store,Fashion
822,Male,26-35,Single,Postgraduate,Student,High,Semiurban,Monthly,Store,Grocery
823,Female,46-55,Married,Graduate,Student,Medium,Urban,Monthly,Online,Electronics
824,Male,26-35,Married,Graduate,Student,Medium,Rural,Monthly,Store,Fashion
825,Female,26-35,Single,Postgraduate,Student,Low,Semiurban,Weekly,Online,Fashion
826,Female,46-55,Single,Postgraduate,Student,Low,Urban,Weekly,Store,Fashion
827,Male,36-45,Single,Postgraduate,Business,Low,Urban,Weekly,Online,Fashion
828,Female,18-25,Single,Graduate,Professional,High,Urban,Monthly,Online,Grocery
829,Female,26-35,Married,Postgraduate,Business,Low,Rural,Monthly,Online,Electronics
830,Male,26-35,Single,Graduate,Business,Medium,Rural,Monthly,Store,HomeDecor
831,Male,18-25,Single,Postgraduate,Student,Medium,Urban,Weekly,Store,Fashion
832,Female,26-35,Single,Postgraduate,Business,High,Urban,Weekly,Store,Grocery
833,Female,46-55,Single,Postgraduate,Business,Medium,Rural,Monthly,Store,HomeDecor
834,Female,46-55,Single,Graduate,Student,Low,Semiurban,Weekly,Store,Fashion
835,Female,46-55,Married,Graduate,Professional,Medium,Rural,Weekly,Online,Electronics
836,Female,46-55,Married,Graduate,Business,Low,Semiurban,Monthly,Store,HomeDecor
837,Female,46-55,Married,Postgraduate,Professional,Medium,Semiurban,Monthly,Online,Fashion
838,Female,26-35,Married,Graduate,Professional,Low,Semiurban,Weekly,Store,Fashion
839,Male,18-25,Single,Postgraduate,Student,High,Urban,Monthly,Online,Grocery
840,Female,36-45,Married,Graduate,Business,High,Urban,Monthly,Online,Grocery
841,Female,36-45,Married,Postgraduate,Business,High,Urban,Monthly,Online,HomeDecor
842,Male,26-35,Single,Postgraduate,Student,High,Rural,Monthly,Store,Grocery
843,Male,36-45,Single,Postgraduate,Business,Medium,Urban,Monthly,Store,Electronics
844,Female,26-35,Single,Postgraduate,Business,Low,Semiurban,Monthly,Store,Fashion
845,Female,46-55,Married,Postgraduate,Professional,High,Urban,Weekly,Online,Fashion
846,Female,46-55,Married,Graduate,Professional,Low,Rural,Monthly,Online,HomeDecor
847,Male,36-45,Married,Postgraduate,Student,Low,Urban,Weekly,Online,HomeDecor
848,Male,26-35,Single,Graduate,Professional,Medium,Urban,Weekly,Store,Electronics
849,Female,18-25,Married,Graduate,Student,Medium,Semiurban,Monthly,Online,Electronics
850,Male,46-55,Married,Graduate,Professional,Low,Urban,Weekly,Store,HomeDecor
851,Female,26-35,Married,Graduate,Business,High,Rural,Monthly,Store,Fashion
852,Male,26-35,Married,Graduate,Professional,High,Urban,Monthly,Store,HomeDecor
853,Female,18-25,Single,Postgraduate,Business,Medium,Semiurban,Monthly,Store,Fashion
854,Female,26-35,Single,Postgraduate,Professional,Medium,Rural,Weekly,Online,HomeDecor
855,Male,26-35,Single,Postgraduate,Business,High,Semiurban,Weekly,Online,HomeDecor
856,Female,18-25,Married,Graduate,Student,High,Semiurban,Monthly,Store,Fashion
857,Female,26-35,Single,Postgraduate,Student,Low,Rural,Monthly,Store,Grocery
858,Female,26-35,Married,Graduate,Student,Medium,Urban,Weekly,Store,HomeDecor
859,Female,46-55,Single,Graduate,Business,High,Urban,Monthly,Online,HomeDecor
860,Female,26-35,Single,Graduate,Business,Low,Urban,Monthly,Online,HomeDecor
861,Male,18-25,Single,Postgraduate,Student,Medium,Semiurban,Weekly,Online,Electronics
862,Male,46-55,Single,Graduate,Professional,High,Semiurban,Monthly,Online,Electronics
863,Male,46-55,Single,Graduate,Professional,Low,Urban,Weekly,Online,HomeDecor
864,Male,18-25,Married,Graduate,Business,High,Urban,Weekly,Online,Fashion
865,Male,18-25,Married,Graduate,Professional,Medium,Rural,Weekly,Online,HomeDecor
866,Female,18-25,Single,Graduate,Student,Medium,Semiurban,Weekly,Online,HomeDecor
867,Female,18-25,Married,Graduate,Professional,Low,Urban,Monthly,Store,Electronics
868,Male,26-35,Married,Postgraduate,Business,Medium,Urban,Weekly,Store,Electronics
869,Female,46-55,Single,Postgraduate,Student,High,Rural,Monthly,Store,Electronics
870,Female,18-25,Married,Postgraduate,Business,High,Rural,Weekly,Online,Fashion
871,Male,18-25,Married,Graduate,Business,Medium,Urban,Weekly,Online,Fashion
872,Female,46-55,Married,Graduate,Student,Medium,Urban,Weekly,Online,HomeDecor
873,Female,26-35,Married,Postgraduate,Business,Low,Rural,Monthly,Store,Electronics
874,Male,36-45,Married,Graduate,Student,High,Urban,Weekly,Online,HomeDecor
875,Female,26-35,Married,Graduate,Student,Medium,Urban,Weekly,Online,Fashion
876,Male,26-35,Single,Graduate,Business,High,Urban,Weekly,Online,HomeDecor
877,Female,36-45,Single,Graduate,Student,Medium,Urban,Weekly,Store,Grocery
878,Female,26-35,Married,Postgraduate,Student,Medium,Semiurban,Monthly,Online,HomeDecor
879,Female,46-55,Married,Graduate,Professional,Low,Semiurban,Monthly,Online,Grocery
880,Male,26-35,Married,Postgraduate,Professional,Medium,Semiurban,Monthly,Store,HomeDecor
881,Male,36-45,Single,Postgraduate,Student,Low,Urban,Weekly,Online,Grocery
882,Female,46-55,Married,Postgraduate,Business,Medium,Semiurban,Monthly,Store,Electronics
883,Female,18-25,Single,Postgraduate,Business,Low,Urban,Monthly,Store,Grocery
884,Female,36-45,Single,Postgraduate,Professional,High,Urban,Weekly,Store,Electronics
885,Female,18-25,Single,Postgraduate,Business,Medium,Rural,Weekly,Store,Fashion
886,Male,18-25,Single,Graduate,Business,High,Semiurban,Monthly,Online,Fashion
887,Female,26-35,Married,Postgraduate,Business,Medium,Rural,Monthly,Store,HomeDecor
888,Male,18-25,Married,Graduate,Professional,High,Urban,Monthly,Store,Electronics
889,Male,46-55,Single,Graduate,Student,High,Semiurban,Monthly,Store,HomeDecor
890,Male,26-35,Married,Graduate,Business,Low,Urban,Monthly,Online,Electronics
891,Female,26-35,Single,Graduate,Student,High,Urban,Weekly,Store,HomeDecor
892,Female,18-25,Single,Graduate,Professional,Low,Semiurban,Weekly,Store,Electronics
893,Female,18-25,Single,Postgraduate,Professional,High,Urban,Weekly,Online,Grocery
894,Male,18-25,Single,Graduate,Business,Low,Semiurban,Monthly,Store,HomeDecor
895,Female,46-55,Married,Postgraduate,Business,Medium,Semiurban,Weekly,Store,HomeDecor
896,Female,18-25,Married,Postgraduate,Student,Low,Semiurban,Monthly,Online,Electronics
897,Male,36-45,Single,Postgraduate,Professional,High,Rural,Monthly,Store,Fashion
898,Male,36-45,Single,Postgraduate,Student,High,Semiurban,Monthly,Online,HomeDecor
899,Female,18-25,Married,Postgraduate,Professional,High,Rural,Weekly,Store,Grocery
900,Male,26-35,Single,Graduate,Professional,Low,Semiurban,Monthly,Online,HomeDecor
901,Male,46-55,Single,Graduate,Student,Low,Rural,Weekly,Online,HomeDecor
902,Male,26-35,Married,Postgraduate,Professional,Low,Rural,Monthly,Store,Electronics
903,Male,46-55,Single,Postgraduate,Student,High,Rural,Weekly,Store,HomeDecor
904,Female,46-55,Single,Graduate,Professional,Low,Semiurban,Weekly,Online,Electronics
905,Female,26-35,Single,Postgraduate,Student,Medium,Semiurban,Weekly,Store,Electronics
906,Male,46-55,Married,Postgraduate,Professional,High,Urban,Weekly,Online,HomeDecor
907,Male,46-55,Married,Graduate,Professional,Low,Semiurban,Monthly,Online,Grocery
908,Male,18-25,Married,Postgraduate,Business,High,Urban,Monthly,Store,Fashion
909,Female,36-45,Married,Graduate,Professional,Low,Rural,Weekly,Online,Electronics
910,Male,46-55,Married,Postgraduate,Business,Low,Urban,Monthly,Store,HomeDecor
911,Female,36-45,Married,Postgraduate,Student,High,Rural,Monthly,Store,Fashion
912,Female,18-25,Single,Postgraduate,Business,Low,Rural,Monthly,Store,Fashion
913,Male,46-55,Married,Postgraduate,Student,Low,Urban,Weekly,Online,Grocery
914,Male,26-35,Married,Postgraduate,Business,Low,Urban,Weekly,Store,HomeDecor
915,Male,18-25,Single,Postgraduate,Business,Medium,Urban,Monthly,Online,Electronics
916,Male,26-35,Married,Postgraduate,Professional,High,Rural,Weekly,Store,Electronics
917,Female,46-55,Married,Postgraduate,Professional,Low,Urban,Weekly,Online,Electronics
918,Female,26-35,Single,Postgraduate,Professional,High,Rural,Weekly,Online,HomeDecor
919,Female,46-55,Married,Graduate,Student,Medium,Urban,Weekly,Store,Electronics
920,Female,46-55,Single,Graduate,Student,High,Urban,Weekly,Online,Electronics
921,Female,36-45,Single,Graduate,Student,High,Urban,Weekly,Online,Grocery
922,Male,18-25,Single,Postgraduate,Professional,High,Urban,Monthly,Online,Fashion
923,Female,18-25,Married,Postgraduate,Student,High,Semiurban,Monthly,Store,Fashion
924,Male,18-25,Single,Graduate,Student,Low,Semiurban,Weekly,Online,Fashion
925,Female,36-45,Single,Postgraduate,Student,High,Semiurban,Monthly,Store,Fashion
926,Female,46-55,Single,Postgraduate,Business,Medium,Rural,Weekly,Online,Electronics
927,Female,26-35,Married,Graduate,Professional,Low,Semiurban,Monthly,Store,Electronics
928,Male,18-25,Married,Graduate,Business,Low,Rural,Monthly,Online,Grocery
929,Male,36-45,Married,Postgraduate,Student,Low,Semiurban,Weekly,Online,HomeDecor
930,Male,46-55,Single,Graduate,Student,High,Rural,Monthly,Store,Electronics
931,Female,36-45,Married,Graduate,Student,Low,Semiurban,Monthly,Online,Grocery
932,Female,46-55,Single,Postgraduate,Student,High,Rural,Weekly,Online,Fashion
933,Female,36-45,Single,Postgraduate,Business,Low,Rural,Monthly,Store,Fashion
934,Female,36-45,Married,Postgraduate,Professional,Medium,Rural,Weekly,Store,Electronics
935,Female,46-55,Married,Graduate,Business,Low,Urban,Weekly,Online,Fashion
936,Male,18-25,Married,Postgraduate,Student,Medium,Rural,Weekly,Store,HomeDecor
937,Male,46-55,Single,Graduate,Business,Low,Rural,Monthly,Store,Fashion
938,Male,46-55,Single,Graduate,Student,Low,Semiurban,Weekly,Store,Electronics
939,Female,46-55,Married,Graduate,Professional,Low,Semiurban,Weekly,Online,Grocery
940,Female,46-55,Married,Postgraduate,Student,Low,Rural,Monthly,Online,Grocery
941,Male,46-55,Married,Graduate,Professional,Low,Rural,Monthly,Store,Grocery
942,Female,18-25,Single,Postgraduate,Business,Low,Semiurban,Monthly,Online,Electronics
943,Female,46-55,Single,Graduate,Business,High,Urban,Monthly,Online,HomeDecor
944,Male,26-35,Married,Graduate,Professional,Medium,Semiurban,Monthly,Store,HomeDecor
945,Male,36-45,Single,Postgraduate,Business,Medium,Urban,Weekly,Store,HomeDecor
946,Male,36-45,Single,Graduate,Student,Medium,Urban,Weekly,Store,HomeDecor
947,Female,18-25,Single,Graduate,Professional,High,Semiurban,Weekly,Store,HomeDecor
948,Female,26-35,Married,Postgraduate,Business,High,Rural,Monthly,Online,Electronics
949,Male,18-25,Single,Graduate,Professional,High,Urban,Weekly,Online,Grocery
950,Female,18-25,Married,Postgraduate,Professional,Medium,Semiurban,Weekly,Store,Fashion
951,Male,26-35,Single,Postgraduate,Student,Medium,Rural,Weekly,Store,Fashion
952,Female,18-25,Single,Graduate,Business,High,Rural,Weekly,Online,Electronics
953,Male,46-55,Single,Postgraduate,Student,Low,Semiurban,Weekly,Online,Electronics
954,Male,46-55,Married,Postgraduate,Business,High,Urban,Weekly,Store,HomeDecor
955,Female,18-25,Married,Graduate,Professional,Low,Semiurban,Monthly,Store,Grocery
956,Female,26-35,Married,Graduate,Student,Low,Urban,Weekly,Store,Fashion
957,Female,46-55,Married,Graduate,Professional,Low,Semiurban,Monthly,Store,Grocery
958,Female,18-25,Single,Graduate,Business,High,Urban,Monthly,Store,Grocery
959,Female,26-35,Married,Graduate,Business,Medium,Urban,Weekly,Online,Electronics
960,Male,26-35,Single,Postgraduate,Student,Low,Rural,Monthly,Store,HomeDecor
961,Male,26-35,Single,Graduate,Student,Medium,Rural,Monthly,Store,Grocery
962,Female,18-25,Married,Graduate,Professional,Medium,Rural,Weekly,Online,Grocery
963,Male,36-45,Single,Graduate,Business,Low,Rural,Monthly,Store,Electronics
964,Male,46-55,Married,Postgraduate,Professional,High,Semiurban,Weekly,Online,Electronics
965,Male,26-35,Single,Postgraduate,Business,High,Rural,Monthly,Store,Fashion
966,Female,36-45,Single,Graduate,Student,Low,Rural,Weekly,Store,Electronics
967,Male,36-45,Single,Postgraduate,Student,High,Urban,Weekly,Online,Electronics
968,Female,36-45,Married,Graduate,Business,High,Semiurban,Weekly,Store,Grocery
969,Female,18-25,Single,Postgraduate,Student,High,Semiurban,Weekly,Store,Electronics
970,Male,46-55,Married,Graduate,Professional,Low,Semiurban,Monthly,Online,HomeDecor
971,Male,46-55,Single,Postgraduate,Professional,Low,Semiurban,Weekly,Store,Fashion
972,Female,26-35,Single,Graduate,Business,Medium,Rural,Weekly,Store,Electronics
973,Female,26-35,Single,Postgraduate,Business,High,Urban,Weekly,Online,Electronics
974,Female,26-35,Married,Postgraduate,Student,High,Rural,Weekly,Online,Electronics
975,Female,46-55,Single,Graduate,Student,High,Urban,Weekly,Online,Electronics
976,Female,26-35,Single,Graduate,Student,High,Rural,Monthly,Online,Fashion
977,Male,46-55,Married,Graduate,Professional,Medium,Semiurban,Weekly,Online,Electronics
978,Female,18-25,Single,Graduate,Student,High,Semiurban,Weekly,Store,Fashion
979,Male,26-35,Single,Graduate,Professional,Medium,Urban,Monthly,Store,Fashion
980,Female,18-25,Married,Graduate,Student,Low,Urban,Monthly,Store,Electronics
981,Female,18-25,Married,Graduate,Student,High,Urban,Weekly,Store,Grocery
982,Male,46-55,Single,Postgraduate,Business,Medium,Semiurban,Weekly,Store,HomeDecor
983,Female,36-45,Single,Graduate,Student,High,Urban,Monthly,Online,HomeDecor
984,Female,46-55,Single,Graduate,Business,Medium,Rural,Monthly,Online,Electronics
985,Female,26-35,Single,Postgraduate,Professional,Medium,Semiurban,Monthly,Store,HomeDecor
986,Female,26-35,Single,Postgraduate,Professional,High,Semiurban,Monthly,Online,HomeDecor
987,Male,46-55,Single,Graduate,Student,Medium,Urban,Weekly,Online,Grocery
988,Female,26-35,Single,Graduate,Professional,Medium,Urban,Monthly,Store,Fashion
989,Female,26-35,Single,Graduate,Student,High,Urban,Weekly,Online,HomeDecor
990,Male,46-55,Married,Graduate,Business,Low,Rural,Weekly,Store,Fashion
991,Male,26-35,Married,Graduate,Student,Low,Urban,Weekly,Store,Fashion
992,Male,46-55,Single,Postgraduate,Professional,Medium,Rural,Monthly,Store,Electronics
993,Female,18-25,Single,Graduate,Business,Low,Rural,Weekly,Online,Electronics
994,Female,46-55,Married,Postgraduate,Business,High,Semiurban,Weekly,Store,Fashion
995,Female,18-25,Married,Graduate,Business,Low,Semiurban,Weekly,Online,HomeDecor
996,Male,18-25,Married,Postgraduate,Professional,High,Rural,Monthly,Store,Fashion
997,Male,36-45,Married,Graduate,Professional,Low,Urban,Weekly,Store,Grocery
998,Male,26-35,Married,Graduate,Business,Low,Urban,Weekly,Online,Grocery
999,Male,26-35,Single,Graduate,Professional,Low,Rural,Weekly,Store,Electronics
1000,Male,36-45,Single,Postgraduate,Student,Medium,Semiurban,Monthly,Online,Grocery
