TransactionID,CustomerAge,TransactionAmount,TransactionType,AccountBalance,LocationRisk,DeviceRisk,TransactionTime,Fraud
1,56,398291.84,Transfer,733333.97,1,0,18,0
2,40,29136.0,ATM,337040.07,1,0,20,0
3,19,361027.19,POS,216277.42,1,0,11,0
4,39,3632.45,Online,294772.99,2,0,15,0
5,32,228089.39,Transfer,620294.08,1,1,2,1
6,54,303811.67,Online,453246.76,1,1,13,1
7,67,192769.71,POS,102183.75,2,0,6,0
8,61,247638.94,Transfer,177497.83,1,0,3,1
9,19,212635.42,POS,548976.73,1,1,11,1
10,51,197635.6,ATM,599910.48,3,0,22,0
11,74,480589.89,Online,391733.9,1,1,12,1
12,58,148207.13,Online,79177.89,3,0,11,0
13,25,2860.51,Transfer,202848.19,2,0,4,0
14,59,179297.02,Online,915384.88,3,0,0,1
15,65,185472.04,POS,328557.41,2,0,2,1
16,18,191525.14,Transfer,714678.56,2,0,13,0
17,56,20312.75,Transfer,430403.31,1,0,6,0
18,66,157246.55,ATM,697038.51,1,0,14,0
19,60,101610.31,Online,81595.01,1,0,1,1
20,59,404079.38,Online,109966.79,1,0,19,0
21,47,441651.8,ATM,808402.95,3,0,0,1
22,18,114044.79,POS,5517.78,1,0,5,0
23,25,267091.3,POS,225997.27,1,0,14,0
24,71,109460.23,ATM,704503.86,1,1,19,0
25,29,125965.97,POS,713709.24,1,1,16,0
26,19,251389.24,POS,37885.48,1,0,1,1
27,70,244777.43,ATM,555128.62,1,0,23,0
28,34,364135.35,ATM,472949.13,3,0,15,1
29,33,417667.72,ATM,510657.78,2,1,3,1
30,36,355603.65,Transfer,230363.3,2,0,0,1
31,57,193429.0,POS,838521.56,2,0,17,0
32,40,270769.84,POS,261651.92,2,1,19,1
33,66,121001.96,ATM,965592.25,1,1,22,0
34,26,139507.79,Transfer,727325.9,3,1,23,0
35,50,321051.62,Transfer,935956.82,2,0,2,1
36,65,50825.62,Transfer,973795.52,1,0,1,0
37,71,224267.23,Online,228147.96,2,0,20,0
38,65,373271.05,ATM,745449.67,2,0,15,0
39,29,254456.16,POS,268876.36,1,1,12,1
40,68,446034.07,Transfer,437222.39,1,0,14,0
41,50,97701.97,Online,501697.41,1,0,16,0
42,61,470235.25,Online,283162.54,3,0,4,1
43,41,165442.08,POS,966821.54,3,1,20,1
44,49,425583.22,ATM,487853.47,1,0,21,0
45,20,285073.58,ATM,212874.12,2,0,9,0
46,19,161343.13,ATM,698530.66,2,0,9,0
47,72,209948.45,POS,867736.96,3,0,3,1
48,62,97217.55,ATM,703457.04,2,1,22,0
49,32,187853.92,POS,441281.75,2,0,21,0
50,39,125200.66,POS,823487.56,1,0,0,1
51,25,385019.78,ATM,965425.57,1,1,19,1
52,47,270363.5,Transfer,142661.33,1,1,9,1
53,47,20629.65,ATM,274478.09,1,0,4,0
54,43,481327.94,Transfer,431172.9,2,0,0,1
55,64,125196.42,POS,98403.92,1,1,0,1
56,33,258396.46,ATM,556582.28,2,0,11,0
57,43,178050.74,Online,124563.82,1,0,14,0
58,66,155775.51,POS,705139.57,1,0,15,0
59,38,236788.54,Online,467350.44,2,0,21,0
60,22,443351.53,ATM,377739.55,2,0,0,1
61,73,329380.95,ATM,617771.91,3,1,19,1
62,41,338616.45,Transfer,645071.78,1,0,4,1
63,29,193112.71,Online,653227.35,1,0,11,0
64,48,188691.82,Online,98970.75,2,0,7,0
65,46,422453.17,POS,343921.45,1,0,20,0
66,67,314508.53,Online,43990.4,1,1,3,1
67,27,211793.12,ATM,807800.57,3,0,17,1
68,66,388228.84,ATM,867781.02,1,0,22,0
69,30,369980.39,Transfer,107608.25,3,0,15,1
70,42,160092.8,Transfer,104484.96,1,1,18,1
71,29,177517.1,ATM,950311.66,3,0,14,0
72,33,224277.92,Transfer,604428.72,1,0,20,0
73,40,390669.9,Transfer,95750.07,1,0,4,1
74,52,443863.32,Transfer,707302.33,3,0,11,1
75,34,50651.23,Transfer,428961.02,1,0,1,0
76,22,256711.75,POS,986706.38,1,0,19,0
77,34,473629.56,Online,593929.3,1,0,18,0
78,61,279246.28,Transfer,252480.53,1,0,12,0
79,30,202660.52,POS,61021.76,1,0,8,0
80,56,373047.84,Online,241318.94,1,0,23,0
81,50,111875.56,POS,803098.7,3,0,14,0
82,38,21796.05,Online,992999.97,1,0,19,0
83,74,261596.61,Online,220725.06,1,1,21,1
84,71,192162.5,Transfer,50219.15,1,1,7,1
85,55,227882.81,ATM,338981.76,1,0,7,0
86,67,133042.37,Online,974522.83,3,0,16,0
87,26,154832.86,ATM,604767.97,1,0,2,1
88,23,474904.98,ATM,583256.81,3,0,17,1
89,62,82500.65,ATM,379581.05,2,1,16,0
90,28,297105.94,Transfer,396024.5,2,0,0,1
91,51,18507.25,Transfer,277040.04,1,1,16,0
92,22,499858.86,POS,913599.92,1,0,9,0
93,27,188987.49,Online,453291.41,1,1,12,1
94,21,114398.54,Online,758214.14,1,0,6,0
95,43,249132.78,POS,773456.8,1,1,21,1
96,61,280512.89,POS,792858.75,1,0,22,0
97,32,392355.67,POS,705559.37,1,0,1,1
98,55,304083.12,POS,395282.82,1,1,19,1
99,74,257043.35,ATM,910918.92,1,0,16,0
100,22,398256.24,POS,926954.69,1,0,23,0
101,22,490018.28,Online,350676.34,1,0,10,0
102,68,268677.98,Transfer,132405.61,1,0,7,0
103,21,91021.85,ATM,414602.91,3,0,17,0
104,68,20530.22,Online,348357.21,1,0,5,0
105,18,267258.31,ATM,210302.05,1,0,12,0
106,44,19752.14,Online,483739.67,2,0,10,0
107,65,30632.87,POS,868959.6,1,0,19,0
108,32,268341.66,ATM,487100.37,2,0,23,0
109,19,373760.72,POS,152000.4,1,0,22,0
110,63,374833.15,ATM,111636.15,1,0,14,0
111,42,368728.86,ATM,24970.84,1,0,11,0
112,42,445274.59,ATM,476600.09,1,0,17,0
113,64,292141.32,POS,588906.91,2,0,18,0
114,59,141959.58,POS,900149.16,2,0,12,0
115,23,302926.83,Online,12496.69,1,0,15,0
116,21,425423.68,POS,288669.69,1,1,22,1
117,20,262303.24,ATM,698476.66,3,1,19,1
118,45,458706.07,Transfer,817986.71,1,0,18,0
119,74,359256.79,Transfer,573754.63,1,0,5,0
120,43,161907.25,Transfer,203509.39,2,0,0,1
121,43,383912.97,POS,583332.03,1,0,10,0
122,20,26006.59,POS,456996.63,1,0,1,0
123,30,342317.32,ATM,258367.45,2,0,10,0
124,32,235840.94,Transfer,795318.0,1,1,11,1
125,67,62236.18,ATM,990974.83,1,0,0,0
126,57,360826.12,ATM,842619.63,1,0,13,0
127,47,412583.83,Online,815501.85,2,0,3,1
128,42,438612.55,Online,684567.15,1,0,18,0
129,55,269936.55,Transfer,505206.79,1,1,22,1
130,19,271822.08,ATM,232880.26,1,0,2,1
131,24,365301.51,POS,143575.71,2,0,19,0
132,47,446956.9,ATM,997704.15,2,0,22,0
133,50,16862.86,POS,715493.76,1,0,21,0
134,55,268287.03,Transfer,847220.03,1,0,7,0
135,22,243230.11,ATM,723641.31,2,0,18,0
136,53,271407.95,Transfer,601034.22,2,1,7,1
137,55,113752.76,Transfer,464695.77,3,0,12,0
138,57,252993.75,Online,259735.45,2,0,11,0
139,53,459383.39,Online,922886.88,2,0,8,0
140,71,38752.8,POS,934695.18,3,0,13,0
141,54,492422.12,POS,190389.28,2,0,21,0
142,72,113775.07,Transfer,402007.69,1,0,19,0
143,74,2415.55,Online,118695.96,1,1,5,0
144,19,232903.49,Transfer,738813.74,1,0,11,0
145,68,124188.4,Online,500875.93,1,1,16,0
146,46,290336.12,POS,223996.73,1,0,16,0
147,37,229548.6,ATM,417551.0,1,1,16,1
148,24,297732.97,Online,400331.52,1,0,16,0
149,62,188925.2,ATM,567016.93,1,0,14,0
150,67,262242.7,ATM,483682.51,1,0,3,1
151,18,167247.97,Transfer,946384.88,1,0,13,0
152,51,204426.21,Transfer,979036.78,2,1,7,1
153,18,275906.13,Transfer,234919.42,2,0,21,0
154,74,399978.05,Transfer,888023.18,1,0,2,1
155,49,494365.52,ATM,856417.99,2,0,4,1
156,71,102571.65,Transfer,327370.11,1,0,0,1
157,40,424079.23,ATM,185528.26,1,0,1,1
158,18,408740.04,ATM,339186.53,2,0,22,0
159,29,415344.19,Online,412364.59,1,0,11,0
160,52,474231.81,POS,780859.98,1,0,13,0
161,40,399947.64,Online,487354.48,1,0,1,1
162,62,201334.77,Online,143659.29,2,1,12,1
163,51,136226.43,Transfer,823470.96,1,1,8,0
164,55,33680.98,Online,653163.29,2,0,9,0
165,39,68529.13,Online,270165.9,2,0,12,0
166,74,247187.5,POS,914839.89,1,0,13,0
167,19,83225.06,Transfer,188449.07,1,0,20,0
168,28,144418.0,ATM,915936.11,2,0,21,0
169,51,198385.02,ATM,937145.59,2,0,3,1
170,64,131205.8,Transfer,842322.01,2,1,10,0
171,51,311703.94,POS,111065.26,1,0,10,0
172,57,217470.19,Transfer,80553.74,1,0,18,0
173,47,2726.38,ATM,364169.03,1,1,16,0
174,27,345311.06,Online,189207.26,1,1,7,1
175,48,403299.92,Transfer,725482.81,2,1,17,1
176,42,323367.79,Transfer,987729.67,3,0,9,1
177,33,462631.63,Transfer,558027.55,1,0,14,0
178,70,365538.73,Transfer,924774.21,3,1,17,1
179,48,431035.12,Transfer,457867.97,1,0,13,0
180,48,182412.16,ATM,124964.05,1,0,7,0
181,43,362410.91,ATM,574565.62,2,0,21,0
182,42,368954.1,Online,886547.86,2,0,22,0
183,52,435062.43,POS,5236.34,1,0,2,1
184,56,4841.77,Online,768352.35,1,0,15,0
185,73,135916.32,Online,769432.05,1,0,4,1
186,18,119464.7,Transfer,469974.21,1,1,17,0
187,54,21142.39,Online,910787.41,1,0,23,0
188,21,109205.12,POS,798999.38,1,0,6,0
189,73,442111.07,ATM,470064.5,2,0,19,0
190,21,115912.68,ATM,838636.61,1,1,13,0
191,27,23567.98,Online,224383.78,1,0,5,0
192,22,29015.55,Transfer,220242.4,1,0,16,0
193,59,257672.44,POS,697540.51,1,1,5,1
194,30,111986.43,Transfer,39690.83,3,1,10,0
195,58,195645.77,Transfer,133867.35,3,1,11,1
196,59,404777.09,ATM,931931.54,2,0,14,0
197,55,129950.92,Online,53539.66,1,1,15,0
198,30,447250.52,Online,851950.88,1,0,18,0
199,20,173969.82,POS,546060.01,3,0,23,0
200,36,434093.59,ATM,851328.82,3,0,10,1
201,62,348765.98,POS,110304.92,2,0,4,1
202,60,480661.51,Online,34101.05,2,0,10,0
203,70,371779.78,Transfer,6114.51,1,0,11,0
204,56,96647.12,Online,618842.28,3,0,1,0
205,41,409357.84,ATM,111445.74,2,0,1,1
206,45,316347.68,POS,754930.34,2,0,3,1
207,67,473654.21,ATM,709631.23,1,0,0,1
208,39,310495.67,Transfer,853152.59,3,0,11,1
209,53,323822.06,ATM,759471.88,1,0,5,0
210,64,244372.73,Transfer,256246.21,1,0,1,1
211,46,472157.39,Transfer,454130.09,1,0,10,0
212,69,419989.59,Transfer,682096.81,2,0,16,0
213,61,15748.03,Online,943897.84,1,0,5,0
214,36,137180.18,Transfer,315392.23,1,0,1,1
215,52,15663.93,Online,716349.42,1,0,7,0
216,63,101930.25,Online,777713.87,2,1,19,0
217,24,313147.54,ATM,297697.13,3,1,19,1
218,63,231102.44,POS,121721.65,1,0,3,1
219,26,100342.31,Online,165021.34,2,0,1,1
220,41,216680.05,ATM,457944.05,1,0,17,0
221,63,487352.46,POS,295204.27,2,1,5,1
222,58,19905.45,POS,750415.83,1,0,13,0
223,49,9281.98,POS,620064.96,2,0,17,0
224,50,258904.05,Online,883120.82,1,1,21,1
225,56,66444.61,Transfer,204854.79,2,1,9,0
226,72,335225.69,ATM,638248.1,2,0,5,0
227,26,26080.44,ATM,302341.71,3,1,19,0
228,64,407431.07,Transfer,662516.02,1,0,21,0
229,43,240503.83,Transfer,528770.65,2,0,21,0
230,29,123626.91,Online,481882.53,2,0,13,0
231,53,372165.1,Online,790750.01,2,0,17,0
232,23,359628.97,POS,335653.05,1,0,9,0
233,68,340146.1,Online,421307.79,1,1,16,1
234,47,480394.2,POS,743992.99,1,0,11,0
235,37,252471.96,POS,867696.34,1,0,20,0
236,51,243385.8,POS,599734.95,2,0,18,0
237,68,141998.88,Online,214608.88,2,0,14,0
238,50,65870.69,ATM,408283.63,2,0,13,0
239,31,256356.34,Online,855113.17,1,0,14,0
240,31,257457.2,Online,664308.17,1,0,1,1
241,52,328402.66,Transfer,590470.57,1,0,22,0
242,64,117413.55,POS,78129.26,1,0,9,0
243,29,414458.79,Online,452186.67,1,1,21,1
244,37,189741.36,Transfer,737720.0,2,0,16,0
245,73,402854.51,ATM,864895.1,1,0,19,0
246,67,493347.82,Online,533513.68,3,0,22,1
247,52,226154.29,Online,93112.81,1,0,11,0
248,59,198749.76,POS,965293.1,1,1,17,1
249,46,433972.36,Transfer,257953.46,1,0,5,0
250,37,62958.18,POS,311390.29,2,0,22,0
251,25,484959.03,Online,732175.33,1,0,14,0
252,39,127727.73,Online,838924.71,3,0,17,0
253,35,308961.84,ATM,865285.79,2,0,13,0
254,21,338289.04,Transfer,941170.98,2,0,8,0
255,43,174351.98,POS,999416.66,1,1,8,1
256,42,435389.65,Online,95029.29,1,0,1,1
257,55,163583.88,POS,440981.48,3,1,22,1
258,36,434463.42,Online,124608.01,1,0,14,0
259,18,183294.12,Transfer,565621.73,1,0,0,1
260,66,272888.88,Transfer,231133.28,1,0,13,0
261,31,309783.22,POS,502943.08,1,1,1,1
262,23,457126.83,Online,344541.59,1,0,4,1
263,32,266847.91,Transfer,397393.5,1,0,11,0
264,60,9214.47,Transfer,433707.78,3,0,14,0
265,42,327381.07,Transfer,64966.05,3,0,1,1
266,31,242987.29,ATM,525469.3,2,1,2,1
267,25,155722.72,ATM,719047.61,1,1,10,1
268,24,340590.82,POS,800782.19,1,0,16,0
269,59,92695.7,ATM,963112.24,1,1,0,0
270,61,21801.93,POS,116742.82,1,0,20,0
271,39,296809.93,POS,215984.62,2,0,9,0
272,25,384995.36,Online,240686.21,2,0,18,0
273,53,211926.75,POS,810482.33,2,0,22,0
274,67,76576.6,Online,738189.38,3,0,16,0
275,39,11916.93,Transfer,234094.94,1,0,8,0
276,31,316044.54,Online,499283.02,3,0,20,1
277,35,202218.95,POS,448561.96,2,0,23,0
278,63,52144.41,POS,340541.0,3,0,3,0
279,57,322680.39,ATM,195907.99,1,0,8,0
280,56,34804.98,Online,832703.8,2,0,20,0
281,25,440051.54,POS,681731.27,1,0,21,0
282,23,26264.2,ATM,663529.99,1,0,19,0
283,25,290279.46,POS,957837.16,1,0,22,0
284,33,204797.98,POS,453119.08,2,0,11,0
285,25,397745.44,ATM,385613.65,1,1,21,1
286,22,368616.39,ATM,542257.34,2,0,5,0
287,39,44653.3,Transfer,865362.76,2,0,19,0
288,51,31648.21,ATM,306612.71,1,0,20,0
289,19,468485.22,Online,512175.63,2,0,3,1
290,35,257888.15,Transfer,787344.58,1,0,19,0
291,59,250626.38,Online,120784.57,2,0,23,0
292,59,434041.54,POS,145571.66,1,1,14,1
293,38,11544.62,Transfer,696476.33,1,1,9,0
294,42,287624.16,Online,862704.41,3,0,13,1
295,33,382428.42,Online,320943.79,3,1,12,1
296,70,60968.78,Online,30682.85,1,1,11,0
297,49,61105.32,ATM,315257.05,1,0,5,0
298,49,108097.49,POS,604540.4,1,0,4,1
299,36,95972.05,Online,62872.98,3,0,23,0
300,32,491841.09,Transfer,174811.43,1,0,13,0
301,68,88965.42,ATM,66980.34,1,1,16,0
302,54,307648.2,ATM,177883.83,2,1,17,1
303,54,443313.45,POS,655805.42,1,0,21,0
304,31,88525.88,Online,770458.37,1,0,20,0
305,71,395189.83,Online,761488.37,1,0,0,1
306,30,6159.18,POS,631152.31,1,0,3,0
307,34,54957.13,ATM,647859.67,1,0,20,0
308,43,63687.16,POS,328052.55,2,0,8,0
309,46,197298.69,POS,395431.75,3,0,16,0
310,73,157771.91,Online,809839.04,1,0,17,0
311,57,230792.58,Transfer,497974.84,1,0,16,0
312,32,444706.52,Transfer,520815.98,1,0,0,1
313,40,340145.87,Online,42831.74,2,0,18,0
314,41,52773.23,Online,956718.89,2,0,13,0
315,53,174916.64,Transfer,942603.81,2,0,4,1
316,22,330185.33,ATM,73369.27,1,0,15,0
317,45,449460.52,ATM,770377.03,2,0,17,0
318,20,60781.07,POS,264409.73,1,1,22,0
319,67,161175.53,ATM,296357.93,3,0,20,0
320,49,374061.78,ATM,618417.23,1,0,16,0
321,57,299305.93,Online,375306.19,1,0,17,0
322,39,136968.27,ATM,125893.87,1,1,23,0
323,38,143024.8,ATM,320337.86,3,0,14,0
324,35,318071.77,POS,463236.8,2,0,6,0
325,40,328115.3,Transfer,323459.53,2,0,12,0
326,35,54061.06,Online,727350.01,2,0,18,0
327,40,420367.44,Online,416349.37,2,0,2,1
328,71,282554.49,Online,98288.14,1,1,4,1
329,64,80508.0,POS,14284.96,1,0,0,0
330,21,49679.13,ATM,880417.4,2,0,20,0
331,63,308031.13,Transfer,689444.69,1,0,3,1
332,39,424039.09,POS,40134.8,2,0,1,1
333,70,184033.58,Transfer,757483.33,2,0,18,0
334,54,62444.56,Transfer,451367.58,2,1,2,0
335,43,195823.7,Online,6870.48,1,0,13,0
336,21,90741.51,Online,97525.69,1,0,13,0
337,20,32520.31,ATM,229311.56,2,0,23,0
338,51,299724.55,Transfer,273471.62,2,0,13,0
339,36,29369.61,Online,747195.58,3,0,3,0
340,36,220155.48,ATM,126764.87,2,0,19,0
341,66,299152.82,Transfer,767755.58,2,0,0,1
342,34,318812.88,ATM,786723.36,1,0,13,0
343,28,370019.19,POS,589830.51,1,0,17,0
344,20,13195.73,Online,587881.1,1,0,12,0
345,68,470345.55,POS,853464.38,1,0,4,1
346,37,401341.39,POS,937666.53,2,0,6,0
347,56,248280.93,Online,781312.0,1,0,13,0
348,61,67763.51,Transfer,923009.94,1,0,23,0
349,61,22392.99,POS,265397.16,1,1,23,0
350,27,136047.67,POS,431742.44,2,0,8,0
351,62,426559.5,Transfer,67339.94,3,0,3,1
352,67,205606.69,Transfer,90992.49,1,0,10,0
353,37,64081.31,ATM,937138.35,1,0,13,0
354,74,247291.12,Online,260247.41,2,0,23,0
355,66,232019.85,Online,947300.81,3,0,0,1
356,67,360032.02,Transfer,254711.83,3,0,16,1
357,41,57472.96,POS,406957.99,1,0,16,0
358,34,306488.79,POS,461009.14,1,0,1,1
359,39,425002.69,POS,102074.7,3,0,6,1
360,39,145364.72,Transfer,514940.14,2,0,18,0
361,66,100761.75,Transfer,872775.02,1,0,19,0
362,39,9071.04,ATM,878440.93,3,1,8,0
363,57,492496.33,POS,560190.84,1,0,2,1
364,25,141287.21,POS,500323.45,1,0,17,0
365,60,387828.36,Transfer,199631.23,1,0,8,0
366,53,138293.2,ATM,798924.59,1,1,7,0
367,35,79061.62,ATM,560031.09,1,0,12,0
368,20,448603.45,Transfer,983603.87,1,0,7,0
369,54,366344.35,ATM,156343.76,1,0,21,0
370,36,441219.94,ATM,741031.68,1,1,12,1
371,72,61304.71,POS,636497.92,1,1,22,0
372,44,343461.81,Transfer,529762.62,2,1,4,1
373,52,93787.23,Online,300007.33,3,0,11,0
374,74,235636.83,Transfer,653409.58,1,0,21,0
375,20,439922.97,POS,177892.79,2,1,0,1
376,38,210117.35,POS,351201.7,1,0,22,0
377,65,288667.14,Online,842240.32,1,1,2,1
378,50,63219.74,ATM,110812.01,1,0,14,0
379,56,83649.29,ATM,231043.66,2,0,2,0
380,21,433206.62,Transfer,308784.12,1,0,20,0
381,70,326616.08,POS,904089.81,1,1,12,1
382,32,130217.4,Online,874855.59,1,0,1,1
383,73,189813.5,POS,865240.79,1,0,13,0
384,37,9098.24,ATM,741204.6,3,0,15,0
385,74,146179.89,Transfer,826908.86,2,1,12,0
386,24,310710.11,Online,308227.34,2,0,14,0
387,69,56378.94,POS,124645.99,1,0,8,0
388,50,234437.11,Online,825412.13,1,0,13,0
389,47,299444.27,Transfer,903380.52,3,0,13,1
390,39,446162.02,Transfer,628045.29,1,1,15,1
391,47,214648.38,Transfer,995460.33,3,0,4,1
392,65,415703.62,Transfer,490932.76,2,0,8,0
393,21,434288.9,POS,879584.01,1,0,14,0
394,57,158541.6,ATM,467111.07,1,0,19,0
395,46,85373.9,Online,633151.02,1,0,3,0
396,72,256230.65,ATM,238013.52,2,1,11,1
397,19,135857.23,Transfer,744875.95,1,0,5,0
398,39,127270.35,Online,44567.14,2,1,18,0
399,59,485769.19,Online,475606.49,2,0,15,0
400,62,237196.78,Online,518989.77,1,0,7,0
401,60,421977.91,Online,342166.35,2,0,9,0
402,60,22289.45,Online,400029.97,1,0,23,0
403,38,172677.05,Transfer,576905.66,1,0,13,0
404,36,225353.45,Transfer,278357.87,1,0,11,0
405,25,453814.74,Online,261882.39,2,0,6,0
406,45,410617.02,ATM,863566.1,1,0,14,0
407,40,20375.31,ATM,688156.96,1,0,3,0
408,35,46233.17,Transfer,421853.05,2,0,18,0
409,32,374950.4,POS,670229.78,2,0,10,0
410,30,5164.58,POS,143176.97,1,0,2,0
411,37,318974.76,Online,902941.04,1,0,7,0
412,19,5952.13,POS,534830.24,1,0,14,0
413,43,455076.3,POS,560849.18,1,0,5,0
414,45,193757.55,Transfer,432781.42,2,0,20,0
415,55,394513.68,ATM,230147.71,1,0,11,0
416,32,379699.58,Transfer,322272.48,1,0,21,0
417,53,196547.82,ATM,377680.12,1,0,3,1
418,54,445059.51,Online,946911.21,1,0,17,0
419,45,3454.52,Transfer,76353.33,1,0,5,0
420,22,265589.56,ATM,221803.09,3,0,3,1
421,66,70362.43,Online,232344.31,3,0,12,0
422,21,49741.17,POS,35801.01,1,0,17,0
423,23,378131.19,Transfer,490411.94,1,1,4,1
424,59,187464.3,Transfer,888961.65,2,1,16,1
425,46,144273.88,Transfer,155826.37,1,1,21,0
426,21,490056.49,Online,555942.93,1,0,22,0
427,68,178157.2,POS,263038.22,1,0,13,0
428,61,117595.1,Transfer,559920.28,1,0,23,0
429,52,75345.69,POS,491453.34,1,1,17,0
430,57,162978.98,ATM,622557.18,1,0,4,1
431,34,355471.27,POS,231610.99,3,1,10,1
432,71,266739.98,ATM,42791.66,2,0,4,1
433,34,340409.87,Online,877705.13,3,0,18,1
434,43,490495.59,ATM,755848.12,1,0,3,1
435,55,261269.83,POS,762989.2,1,0,18,0
436,67,362885.66,Online,980835.65,1,1,14,1
437,21,403314.01,Transfer,204472.14,1,1,16,1
438,34,423499.73,ATM,244180.48,1,0,4,1
439,30,485769.37,Online,926750.69,1,0,21,0
440,60,436036.96,POS,138762.95,1,0,1,1
441,58,139452.06,ATM,530935.22,2,1,17,0
442,25,497324.86,ATM,298146.3,1,0,4,1
443,18,34607.87,Online,754660.78,2,0,0,0
444,53,350047.13,Transfer,93161.69,1,0,3,1
445,47,12346.77,Transfer,352076.43,1,1,12,0
446,49,36251.01,Online,105436.49,3,0,16,0
447,72,421053.01,ATM,708551.04,1,0,12,0
448,73,147715.72,ATM,864083.76,1,0,23,0
449,72,453064.89,Online,585341.2,2,0,20,0
450,30,301786.2,Online,419040.82,2,0,22,0
451,40,433480.04,POS,587935.46,2,0,17,0
452,31,231640.04,POS,823422.12,2,0,3,1
453,30,458404.17,ATM,275052.33,1,0,17,0
454,73,314815.89,Transfer,275189.31,1,0,16,0
455,46,23521.27,ATM,595518.33,3,0,7,0
456,58,170251.34,ATM,742199.54,1,0,0,1
457,60,135269.6,Transfer,867215.24,1,1,18,0
458,30,211250.02,POS,380431.46,3,0,22,1
459,43,282358.06,ATM,634548.32,2,0,22,0
460,38,356551.72,Online,186893.2,1,0,3,1
461,64,471996.75,Online,109838.1,2,0,9,0
462,34,180089.23,ATM,388194.52,3,0,15,0
463,35,317248.63,Transfer,372964.19,1,0,17,0
464,54,411107.73,Transfer,721055.55,1,1,21,1
465,73,323891.81,ATM,679424.13,2,0,23,0
466,25,325854.72,POS,738411.07,3,0,7,1
467,71,99687.72,ATM,89914.63,1,0,16,0
468,71,391029.47,Online,271254.71,2,0,4,1
469,55,168739.04,POS,710836.05,3,0,2,1
470,64,165188.37,ATM,597156.02,1,0,3,1
471,43,338803.38,ATM,457644.3,1,0,11,0
472,44,287720.17,POS,771307.42,2,0,5,0
473,24,8874.43,Online,345094.69,2,0,11,0
474,33,284089.45,Online,648226.45,3,1,8,1
475,49,449290.45,Online,608115.83,1,0,3,1
476,57,32940.86,Online,937691.55,2,0,22,0
477,61,29016.44,POS,990257.85,1,0,19,0
478,67,322331.13,ATM,80227.02,1,0,11,0
479,24,70487.39,POS,847958.47,1,0,12,0
480,70,263679.86,ATM,391224.88,2,0,16,0
481,64,458751.17,ATM,726356.26,1,0,13,0
482,67,345079.27,POS,12802.38,2,0,21,0
483,50,478971.27,Transfer,762282.86,1,1,13,1
484,22,310492.2,POS,807930.66,1,0,12,0
485,48,22045.58,POS,864641.77,1,1,11,0
486,50,68585.83,Transfer,794177.16,3,0,5,0
487,58,98543.16,Transfer,500744.82,1,1,11,0
488,28,229535.84,POS,595593.13,1,0,5,0
489,21,414712.87,Online,908359.3,3,1,20,1
490,33,488656.22,Transfer,395829.81,3,0,3,1
491,64,116096.71,Transfer,668267.48,1,0,21,0
492,46,249497.94,Online,836230.79,2,0,9,0
493,60,23123.76,POS,325061.64,2,0,21,0
494,54,122979.14,Online,483485.7,2,0,8,0
495,71,198978.53,Transfer,955072.76,1,0,6,0
496,66,317758.28,ATM,755493.65,3,1,13,1
497,34,393795.79,ATM,389391.56,1,0,0,1
498,67,451127.98,POS,918647.89,1,0,10,0
499,58,19561.09,POS,956538.49,1,0,8,0
500,46,215747.19,ATM,439431.12,1,0,18,0
501,36,71992.79,Transfer,894623.83,3,1,20,0
502,31,390204.71,POS,889442.99,1,0,7,0
503,58,147917.77,ATM,855755.05,1,0,3,1
504,32,439760.34,Online,412365.01,2,1,3,1
505,51,386975.72,ATM,656377.43,1,1,22,1
506,70,141307.97,Transfer,931354.92,1,0,8,0
507,74,295256.5,ATM,524897.63,1,1,6,1
508,56,152168.94,Online,440294.52,3,0,3,1
509,45,155111.26,Transfer,664731.96,2,1,22,1
510,67,448030.8,Online,714058.23,2,0,15,0
511,64,403366.09,Transfer,224385.99,2,0,7,0
512,66,190406.77,Transfer,546774.47,2,0,8,0
513,34,476115.67,POS,484458.14,1,1,14,1
514,42,65057.69,Online,107003.38,1,0,3,0
515,34,466469.14,ATM,163229.88,1,0,5,0
516,18,61103.04,POS,730336.16,3,0,8,0
517,46,71171.01,POS,338932.4,3,1,16,0
518,29,335560.54,Online,947355.21,1,0,14,0
519,53,393124.21,ATM,907039.35,1,0,2,1
520,57,398793.93,Online,970405.82,1,0,18,0
521,23,273260.52,Online,543030.89,1,0,15,0
522,23,59334.33,ATM,801003.46,1,0,10,0
523,27,404414.11,Transfer,313238.92,1,1,18,1
524,74,398361.03,Transfer,316298.85,3,1,22,1
525,36,314033.89,ATM,675649.82,1,0,20,0
526,28,95794.7,ATM,623185.99,1,0,13,0
527,22,34269.76,Transfer,359075.49,1,0,21,0
528,22,36148.34,POS,377051.44,3,0,21,0
529,24,316177.85,POS,782090.91,2,0,19,0
530,46,162694.43,Transfer,434858.83,3,0,9,0
531,34,51650.37,POS,117736.99,1,0,19,0
532,58,102299.84,Online,400624.32,1,0,2,1
533,33,315387.17,ATM,658472.28,3,0,6,1
534,44,37884.25,POS,72992.43,1,0,18,0
535,37,46138.42,POS,271065.02,1,1,14,0
536,44,338045.54,Online,673695.76,1,0,1,1
537,46,87123.43,Transfer,110376.28,1,1,21,0
538,68,441508.61,Transfer,773439.51,2,0,12,0
539,45,313780.54,Online,585011.43,1,0,0,1
540,27,199577.76,Online,619162.78,2,0,5,0
541,34,249070.39,Transfer,436414.88,1,0,14,0
542,32,408644.43,Transfer,724830.58,1,0,16,0
543,60,318880.35,POS,702363.3,1,0,20,0
544,40,25104.29,ATM,18676.83,1,0,4,0
545,60,123855.13,ATM,358086.53,1,0,0,1
546,28,297442.13,POS,951733.26,2,1,18,1
547,53,466361.98,Online,787835.66,1,0,22,0
548,73,493831.03,ATM,73116.43,1,1,5,1
549,60,269212.14,Online,865867.38,3,1,17,1
550,73,393707.94,POS,632095.98,1,0,7,0
551,53,267559.25,Transfer,936599.22,1,1,21,1
552,28,299462.82,Online,304540.85,1,0,21,0
553,41,463562.6,Transfer,284632.89,2,0,0,1
554,55,79830.18,ATM,518842.27,2,1,17,0
555,24,360310.72,Transfer,686708.64,1,0,3,1
556,29,125053.48,ATM,555613.29,1,0,19,0
557,41,394667.49,Transfer,219979.82,2,0,13,0
558,59,186822.74,POS,941415.21,3,0,8,0
559,23,276730.26,Transfer,352145.62,1,0,22,0
560,34,172456.23,ATM,749614.07,1,0,14,0
561,54,205605.7,ATM,695479.84,1,0,16,0
562,72,1095.87,POS,534229.63,2,0,21,0
563,50,172680.45,POS,169919.44,3,0,9,0
564,64,52762.21,ATM,122822.96,1,0,6,0
565,72,121940.37,Transfer,238032.35,1,1,7,0
566,60,278483.53,Transfer,755095.75,3,0,7,1
567,64,376821.96,Online,502612.19,1,1,1,1
568,46,266298.78,Online,698144.13,1,1,6,1
569,41,346067.62,Transfer,118714.34,2,0,16,0
570,56,209693.9,Online,613279.92,3,0,2,1
571,32,442821.32,Transfer,690188.47,1,0,8,0
572,73,376343.88,Online,822281.42,2,0,18,0
573,71,395799.95,POS,513008.99,2,0,14,0
574,20,6782.5,POS,390886.96,2,1,15,0
575,19,33580.11,POS,481863.79,1,0,14,0
576,45,272838.03,Online,78734.9,1,1,14,1
577,37,498591.46,Transfer,47623.37,1,0,13,0
578,57,34449.97,POS,377608.0,1,0,10,0
579,49,4281.0,Transfer,832210.87,2,0,1,0
580,73,274254.74,Online,583110.02,1,0,15,0
581,62,175166.48,ATM,520418.03,1,0,11,0
582,46,193371.42,ATM,199000.32,3,0,16,0
583,33,379381.79,Transfer,435997.3,2,1,20,1
584,39,379157.82,ATM,476551.61,2,0,7,0
585,57,156982.02,ATM,601772.46,3,1,9,1
586,61,372902.11,ATM,81586.81,2,0,22,0
587,35,479253.07,Online,275586.31,2,0,5,0
588,20,318223.5,Online,531080.8,2,0,13,0
589,30,327389.07,Transfer,268311.85,2,1,3,1
590,49,380449.58,POS,787774.8,2,0,0,1
591,45,108693.72,Online,263278.57,1,1,2,1
592,32,278712.85,ATM,858829.79,2,0,13,0
593,73,162712.78,Online,439237.5,2,0,7,0
594,28,406375.54,Online,71919.63,1,1,10,1
595,48,400693.86,Online,858733.15,3,0,14,1
596,33,205654.64,Online,961353.62,3,1,21,1
597,28,6947.91,ATM,656070.3,1,0,13,0
598,41,311909.17,ATM,312411.21,1,0,2,1
599,20,312344.56,Online,405323.28,1,0,18,0
600,60,338095.09,Online,392284.32,1,0,23,0
601,28,464576.85,Transfer,620434.42,2,0,20,0
602,29,247124.42,POS,805391.99,2,0,10,0
603,49,227436.69,POS,365619.17,3,0,10,1
604,38,315858.59,Transfer,692429.56,2,0,9,0
605,39,78187.66,ATM,811207.29,1,0,21,0
606,39,289905.11,Online,838180.24,1,0,15,0
607,50,304887.74,Transfer,456311.1,1,0,5,0
608,20,319552.18,POS,404877.76,1,0,5,0
609,19,460661.63,POS,741861.9,1,0,19,0
610,25,33357.15,POS,89142.55,2,1,15,0
611,63,329556.8,Transfer,504067.82,3,0,20,1
612,40,143331.12,Transfer,129594.46,1,0,16,0
613,64,301559.47,Online,467684.47,2,0,19,0
614,56,217753.28,ATM,817889.04,3,1,18,1
615,63,192860.24,POS,419136.97,1,0,17,0
616,55,471197.49,ATM,171653.63,1,1,7,1
617,25,219926.27,ATM,159793.58,1,0,23,0
618,27,128305.88,Online,356928.2,1,1,21,0
619,21,73546.27,ATM,81097.56,3,0,21,0
620,19,414674.19,Transfer,565591.32,2,0,5,0
621,27,252803.83,POS,315131.38,1,0,22,0
622,34,220929.07,Transfer,309931.15,2,0,23,0
623,51,229269.87,Online,350327.06,1,1,16,1
624,32,99703.05,Transfer,540332.59,2,1,8,0
625,57,185796.48,Transfer,525146.34,1,0,11,0
626,61,343550.87,ATM,364596.76,3,0,22,1
627,56,227049.56,Online,516281.48,3,1,16,1
628,54,255123.18,Online,581417.89,1,0,3,1
629,56,466168.15,Online,663358.92,1,0,20,0
630,47,427144.97,Transfer,186923.59,2,0,5,0
631,25,279427.1,POS,147286.12,1,0,2,1
632,29,278436.78,Transfer,575357.08,1,1,8,1
633,48,109181.95,POS,524343.24,1,0,12,0
634,59,396318.15,ATM,379647.64,1,0,0,1
635,32,99832.71,ATM,488699.83,3,0,13,0
636,25,103849.71,POS,786883.58,1,0,15,0
637,72,243683.95,POS,515357.55,2,1,17,1
638,46,354090.11,POS,174854.82,1,0,22,0
639,34,255339.32,ATM,671682.38,1,0,20,0
640,40,313198.54,POS,553404.16,1,1,0,1
641,61,12583.33,POS,219423.26,1,0,12,0
642,31,457491.44,ATM,284644.5,1,0,7,0
643,59,196107.58,Transfer,570622.57,2,0,20,0
644,38,417549.47,ATM,390385.91,1,0,18,0
645,71,43865.58,Online,238253.47,1,0,18,0
646,19,333967.17,Transfer,638909.23,1,0,23,0
647,55,147897.71,POS,947425.66,3,0,16,0
648,60,169951.14,Online,15233.07,2,0,22,0
649,63,397260.96,ATM,343272.0,1,0,0,1
650,59,171759.01,ATM,543297.88,3,1,17,1
651,21,99325.69,Transfer,96898.73,1,0,23,0
652,72,484041.38,Online,913666.52,1,0,21,0
653,59,452392.69,ATM,755098.74,1,1,4,1
654,20,378548.35,ATM,785285.14,1,1,11,1
655,43,358588.57,Transfer,885163.95,3,1,22,1
656,65,345558.8,Online,442857.76,2,1,20,1
657,42,431581.46,ATM,124291.64,2,0,5,0
658,32,474954.84,POS,598101.55,1,0,4,1
659,23,451216.28,ATM,221819.16,1,0,20,0
660,45,436522.4,ATM,658745.35,3,0,19,1
661,66,41458.75,Transfer,801975.8,1,0,22,0
662,54,59442.68,Online,587153.05,1,1,1,0
663,18,349882.63,Transfer,660424.05,1,0,12,0
664,25,148249.17,Online,250012.94,1,0,6,0
665,48,391047.18,ATM,350781.2,1,0,11,0
666,18,229018.7,ATM,989484.61,1,0,9,0
667,71,448882.01,Transfer,821592.68,1,0,7,0
668,64,25987.77,POS,213014.08,1,0,13,0
669,62,420470.26,POS,186759.02,1,0,12,0
670,66,137951.13,ATM,932892.1,1,1,16,0
671,40,265832.92,POS,937423.4,1,0,17,0
672,35,166121.68,Online,716179.51,1,0,22,0
673,32,306436.64,Transfer,48820.18,2,0,19,0
674,53,340708.37,POS,834475.79,2,0,16,0
675,24,127742.65,Online,446894.67,2,0,13,0
676,54,35147.06,Transfer,291565.32,1,0,15,0
677,21,209649.52,ATM,520684.8,2,0,7,0
678,41,484340.44,Transfer,958327.42,1,1,23,1
679,61,458218.63,POS,320003.83,1,0,5,0
680,35,21621.9,Online,431315.61,2,1,12,0
681,40,416481.56,POS,943458.95,1,0,22,0
682,23,125659.52,POS,253255.56,1,0,9,0
683,37,107680.72,ATM,44073.07,1,0,16,0
684,49,482877.03,ATM,237727.45,1,1,23,1
685,23,220342.71,Online,403211.21,2,0,9,0
686,20,498811.65,ATM,661208.45,2,0,8,0
687,26,90673.52,Transfer,887683.72,1,0,22,0
688,47,388167.61,POS,175081.72,1,0,13,0
689,59,42155.42,POS,343842.11,2,0,2,0
690,69,167878.07,POS,237643.77,1,1,12,1
691,24,67816.22,ATM,283493.19,1,0,17,0
692,71,106927.7,ATM,576080.12,1,0,15,0
693,23,390829.58,Transfer,309900.66,1,0,12,0
694,21,486902.83,POS,66576.27,1,0,7,0
695,24,66069.46,Transfer,552119.22,1,0,10,0
696,34,110968.81,Online,229948.68,2,1,15,0
697,53,225084.31,Online,628324.73,1,0,13,0
698,27,331431.86,ATM,495072.7,1,0,3,1
699,64,265017.3,Transfer,220169.28,1,0,22,0
700,69,273752.68,Online,271833.5,1,0,15,0
701,35,28434.55,ATM,586914.44,1,1,10,0
702,71,129988.09,POS,340624.4,1,0,18,0
703,36,324087.71,ATM,674021.92,2,0,3,1
704,67,198556.38,ATM,658103.93,1,0,3,1
705,46,494879.23,Online,992618.89,1,1,18,1
706,59,396929.67,ATM,762867.5,1,0,20,0
707,49,309733.05,ATM,449209.71,2,0,15,0
708,33,100844.04,Online,432474.75,1,0,20,0
709,21,301635.76,Transfer,819288.52,1,1,0,1
710,64,105238.25,POS,792506.22,2,0,18,0
711,43,143986.87,POS,675469.7,2,0,9,0
712,44,297161.49,POS,766999.89,1,0,19,0
713,55,71783.35,ATM,230141.07,2,0,12,0
714,73,373564.43,POS,254824.7,2,0,19,0
715,67,22593.91,Online,996924.67,1,0,11,0
716,57,63280.57,POS,18614.0,1,0,19,0
717,56,315724.53,Online,674482.9,2,0,1,1
718,48,402782.4,POS,55164.69,3,0,6,1
719,41,181440.52,POS,94427.47,2,0,11,0
720,39,71726.4,ATM,991496.3,2,0,3,0
721,73,396116.38,Online,838343.18,2,0,22,0
722,49,378191.5,ATM,221801.92,2,0,13,0
723,56,8220.1,POS,686203.06,3,1,6,0
724,63,67374.68,ATM,924633.0,1,0,4,0
725,62,447143.13,Transfer,730294.5,2,0,0,1
726,70,356097.31,Online,556584.9,1,0,7,0
727,30,478820.06,Transfer,899293.95,1,1,21,1
728,19,303606.93,ATM,229599.09,1,0,11,0
729,40,40611.2,Transfer,987399.48,1,0,15,0
730,52,445669.97,Transfer,813411.45,1,0,16,0
731,19,336286.38,POS,594339.86,2,0,2,1
732,22,289288.4,ATM,574779.64,1,1,18,1
733,71,497342.61,Transfer,621076.87,1,0,21,0
734,45,221572.55,Online,797525.98,1,0,7,0
735,59,261829.43,Transfer,481098.61,1,0,19,0
736,73,28607.75,Transfer,975595.66,1,0,10,0
737,43,147902.95,Transfer,46371.07,1,0,13,0
738,69,153954.68,POS,158149.91,3,0,19,0
739,71,446828.26,Transfer,642760.7,1,0,5,0
740,63,168717.69,Transfer,911782.49,1,0,12,0
741,42,416618.86,POS,334695.46,2,0,16,0
742,24,227146.41,Transfer,373174.4,1,0,17,0
743,45,289907.61,Online,380950.02,1,0,3,1
744,31,81045.31,POS,501806.43,1,0,19,0
745,46,436340.27,POS,883857.23,1,0,14,0
746,70,221072.51,ATM,399963.23,1,0,6,0
747,39,67764.18,Online,155675.15,1,0,17,0
748,55,434097.83,Online,131189.9,1,0,16,0
749,21,104494.58,POS,218841.95,1,0,2,1
750,25,172805.88,Transfer,298990.59,1,0,13,0
751,74,198216.68,ATM,879375.4,1,1,3,1
752,54,40399.64,ATM,322527.87,1,0,21,0
753,28,395725.73,ATM,829509.64,2,0,6,0
754,18,161617.54,POS,971085.55,1,0,7,0
755,41,202770.87,Online,425542.75,3,0,9,1
756,50,74655.5,ATM,950780.16,1,1,20,0
757,29,407211.95,Online,569058.33,1,0,6,0
758,70,58317.82,POS,601463.83,3,0,4,0
759,50,417702.73,Transfer,821385.15,2,0,16,0
760,51,399911.7,POS,222083.46,3,0,22,1
761,74,7382.12,Transfer,958156.13,1,0,18,0
762,72,239219.91,POS,188914.21,1,0,9,0
763,70,261748.35,POS,545283.14,1,0,14,0
764,20,92311.08,ATM,247940.8,1,0,5,0
765,30,476212.41,Transfer,385870.18,2,0,3,1
766,68,31114.5,Online,555524.19,1,1,8,0
767,31,479899.53,Online,917955.29,2,1,21,1
768,41,262497.5,ATM,50357.23,3,1,23,1
769,66,38686.05,ATM,984111.36,2,0,13,0
770,58,83120.82,Transfer,989557.81,2,1,17,0
771,30,45661.21,ATM,81374.27,1,0,18,0
772,73,205453.33,Transfer,416610.29,2,0,3,1
773,63,494271.14,ATM,956936.83,1,0,15,0
774,56,196634.25,Online,173656.57,1,0,17,0
775,19,293889.74,Online,477714.42,3,0,17,1
776,64,175033.93,Transfer,844536.27,1,0,13,0
777,71,365148.64,ATM,402335.92,1,1,22,1
778,73,399599.07,POS,811415.88,1,0,0,1
779,36,260989.98,ATM,867091.07,1,0,1,1
780,52,229876.33,POS,405725.79,1,1,15,1
781,45,337760.48,ATM,994111.25,1,0,21,0
782,38,217082.68,Online,991575.11,1,0,22,0
783,60,350392.69,ATM,361022.19,1,0,0,1
784,38,235922.74,Transfer,318435.45,1,0,14,0
785,57,127344.82,Transfer,781311.59,1,0,8,0
786,70,283738.73,Transfer,199776.83,1,0,16,0
787,40,158721.01,POS,422003.98,1,0,17,0
788,58,248169.99,Online,246365.37,1,0,1,1
789,57,64385.38,Online,474291.24,1,0,16,0
790,69,203742.03,Online,257344.71,2,0,16,0
791,60,294088.01,ATM,598960.5,2,0,15,0
792,71,456529.43,Online,330783.85,1,0,7,0
793,72,192427.81,Online,557358.12,1,0,8,0
794,65,88745.54,Transfer,175970.31,1,0,23,0
795,69,180251.71,Transfer,18792.83,2,0,8,0
796,43,466383.19,ATM,336116.96,1,0,4,1
797,37,403878.14,Transfer,680671.27,3,1,9,1
798,48,66550.73,Transfer,53974.81,1,1,20,0
799,28,110403.46,Online,29494.89,1,0,4,1
800,27,455871.77,Online,761205.52,1,0,22,0
801,56,488282.86,Transfer,88306.31,1,0,4,1
802,72,75770.45,Transfer,965810.78,1,0,1,0
803,42,364681.97,Transfer,633859.11,2,0,2,1
804,35,103369.85,ATM,746488.67,1,0,18,0
805,64,460764.54,ATM,909706.43,1,0,22,0
806,52,423077.49,Online,659427.57,2,0,16,0
807,42,451633.73,POS,113468.55,1,0,19,0
808,36,437756.78,Transfer,926574.18,3,0,3,1
809,42,455918.13,POS,945298.94,2,0,16,0
810,63,322897.95,POS,247353.27,1,0,10,0
811,55,2669.3,Transfer,952624.82,1,0,7,0
812,68,472880.28,ATM,784299.38,2,1,7,1
813,73,323453.93,Transfer,873677.93,1,0,0,1
814,44,108934.49,Transfer,386480.16,1,1,20,0
815,50,94678.98,ATM,579938.83,1,0,15,0
816,22,490622.67,Transfer,710841.88,1,1,15,1
817,48,71082.93,ATM,726744.74,1,0,13,0
818,67,23693.63,POS,353047.08,3,0,14,0
819,20,314851.21,Online,301781.09,2,0,19,0
820,66,110836.48,POS,372290.51,1,0,1,1
821,35,220388.38,Online,38101.63,1,0,13,0
822,25,198437.85,POS,77997.25,2,0,19,0
823,38,205413.55,POS,199734.08,2,0,16,0
824,60,229068.51,POS,50832.75,3,0,5,1
825,34,497867.65,Online,263305.27,1,0,4,1
826,57,239404.56,POS,223536.75,1,1,21,1
827,39,411131.83,Online,124761.76,1,0,0,1
828,50,352810.8,ATM,514830.86,1,0,0,1
829,45,117326.29,Transfer,40412.28,3,0,22,0
830,67,95018.68,ATM,626540.65,1,0,16,0
831,54,343288.32,Online,511349.6,3,1,18,1
832,47,389045.35,POS,42509.24,2,0,6,0
833,57,139794.71,POS,540703.0,3,1,10,0
834,46,353215.36,POS,859467.62,1,1,23,1
835,68,9235.71,ATM,828386.08,1,0,16,0
836,66,116860.32,Transfer,188995.7,1,0,2,1
837,47,219379.89,Transfer,905772.5,1,0,1,1
838,18,476706.1,ATM,710354.62,3,0,22,1
839,42,422173.0,ATM,126885.37,2,0,11,0
840,51,454723.81,Online,47525.91,3,0,0,1
841,68,238315.58,Online,860347.12,1,1,7,1
842,43,255939.05,Online,837238.82,1,0,22,0
843,24,99689.92,Transfer,506189.85,3,1,13,0
844,31,222781.92,ATM,692790.43,1,0,4,1
845,29,398240.64,ATM,414148.05,2,0,5,0
846,36,188743.85,Online,190031.7,3,0,14,0
847,61,484811.01,Online,47884.61,1,0,4,1
848,19,381781.57,Online,510601.01,2,0,2,1
849,32,314320.34,Online,150290.91,3,1,2,1
850,49,348311.04,Transfer,73691.75,1,0,5,0
851,56,309622.11,POS,598484.74,2,0,16,0
852,50,98424.43,Transfer,659476.56,1,1,15,0
853,58,263088.65,POS,824877.66,1,0,17,0
854,19,189174.44,POS,884265.55,1,0,21,0
855,43,158119.05,POS,726660.65,1,0,8,0
856,62,272790.62,POS,301487.35,1,1,1,1
857,49,241981.72,POS,813264.55,1,0,17,0
858,65,290823.95,POS,742858.28,1,1,23,1
859,27,267326.15,POS,730225.46,1,0,16,0
860,26,445129.29,Online,342129.37,3,0,23,1
861,64,440459.49,Online,317473.59,1,0,22,0
862,36,43645.93,POS,426651.27,1,1,17,0
863,49,244575.3,POS,917634.49,1,0,11,0
864,66,156164.72,Transfer,436525.86,2,0,19,0
865,53,470502.06,Transfer,342524.2,1,0,21,0
866,18,25726.6,POS,67194.41,1,0,6,0
867,45,309640.24,ATM,190487.71,2,0,13,0
868,24,242396.29,Online,485188.23,1,1,10,1
869,19,213609.81,POS,303170.34,3,0,13,1
870,41,340368.12,ATM,127832.62,1,0,1,1
871,59,488644.18,Transfer,336992.59,1,0,1,1
872,37,428496.51,POS,602250.15,2,0,3,1
873,31,286824.28,POS,937040.93,1,0,3,1
874,39,54166.69,ATM,816666.65,1,0,6,0
875,49,427288.24,POS,210958.63,3,0,6,1
876,22,90990.64,ATM,828536.82,2,0,8,0
877,32,70359.51,POS,215687.13,1,0,10,0
878,55,428981.66,ATM,740049.79,1,0,9,0
879,29,96516.0,Transfer,262609.75,1,0,16,0
880,20,151457.29,Transfer,484862.63,1,0,1,1
881,59,355917.79,Online,969969.77,2,1,16,1
882,27,295899.31,ATM,331743.57,1,0,11,0
883,26,204004.02,POS,337770.31,1,0,19,0
884,65,92969.9,Online,388625.8,1,1,17,0
885,38,402577.91,ATM,350267.32,3,1,6,1
886,26,164009.21,POS,837233.52,3,0,9,0
887,72,20562.88,POS,555050.8,2,0,9,0
888,73,486233.45,ATM,183701.78,1,0,0,1
889,35,37540.43,Online,459533.72,2,0,9,0
890,63,414005.43,POS,66636.79,1,0,1,1
891,74,26466.7,POS,385968.73,2,0,0,0
892,38,125520.07,Transfer,424604.05,1,0,17,0
893,71,326928.0,POS,318955.51,1,0,9,0
894,40,383321.31,Transfer,869214.24,1,0,12,0
895,57,258652.99,POS,632616.57,1,0,22,0
896,71,84962.62,ATM,925018.58,1,0,15,0
897,22,82383.18,POS,253495.46,1,1,11,0
898,19,8112.48,ATM,535162.9,3,0,4,0
899,24,466290.1,ATM,349129.56,1,0,8,0
900,49,80380.79,Online,650439.54,3,0,20,0
901,63,154914.89,POS,478940.74,2,0,2,1
902,32,92103.98,Online,376134.84,1,0,4,0
903,40,163152.51,ATM,256267.74,1,1,12,1
904,40,476052.62,POS,770215.83,1,0,20,0
905,59,17312.21,ATM,385222.24,1,0,8,0
906,29,201575.35,ATM,391032.89,2,0,13,0
907,51,375736.52,POS,490676.96,2,0,5,0
908,21,314288.23,Transfer,702304.38,2,1,9,1
909,60,399019.22,POS,313755.58,1,0,9,0
910,29,477281.47,Transfer,644563.53,2,1,11,1
911,51,400939.9,Transfer,642178.84,3,0,22,1
912,51,378120.5,ATM,491781.12,1,0,9,0
913,33,29323.15,Online,292797.68,1,0,16,0
914,65,476977.21,ATM,585390.71,3,0,16,1
915,55,397850.55,ATM,702592.1,1,0,1,1
916,66,345890.89,Transfer,798407.39,1,0,15,0
917,68,257293.35,Transfer,910380.51,2,0,14,0
918,30,432196.7,ATM,939182.59,1,0,2,1
919,39,344591.63,POS,863644.83,1,0,22,0
920,38,208640.42,Transfer,874643.6,1,0,19,0
921,32,411369.19,ATM,515052.17,1,0,12,0
922,36,152521.07,POS,179793.74,1,0,18,0
923,62,100783.01,Online,170354.07,1,1,4,1
924,72,494063.23,POS,332584.46,1,0,9,0
925,55,176007.23,ATM,54924.47,1,0,6,0
926,31,92232.27,Online,83817.08,1,0,19,0
927,57,214233.07,Transfer,293803.83,1,0,23,0
928,50,284259.13,Transfer,537864.76,1,0,5,0
929,74,446977.36,POS,489969.27,3,0,13,1
930,40,25348.65,POS,282300.84,3,0,17,0
931,64,141346.88,Online,824527.37,2,0,9,0
932,38,196194.29,ATM,158748.23,1,0,22,0
933,37,158296.92,Online,870332.92,1,0,5,0
934,68,129429.6,Online,910047.41,1,1,18,0
935,73,45753.73,Transfer,612145.03,3,0,14,0
936,19,225026.84,ATM,749954.99,1,1,21,1
937,24,266708.44,ATM,101493.87,1,0,11,0
938,21,301662.39,Online,275305.87,1,0,9,0
939,74,334034.83,POS,374118.84,2,0,16,0
940,18,173544.78,ATM,243447.56,1,0,2,1
941,39,398342.77,Online,810928.85,1,0,0,1
942,27,130498.54,Transfer,189481.81,1,0,15,0
943,63,39894.58,ATM,864114.42,1,0,11,0
944,25,291594.57,POS,661693.48,1,0,8,0
945,26,122073.25,Transfer,601599.27,1,0,3,1
946,56,483314.45,Online,889567.13,1,0,22,0
947,65,368262.94,POS,110879.7,2,0,6,0
948,74,24052.14,POS,324129.91,1,0,11,0
949,56,205615.6,POS,524884.32,2,0,6,0
950,58,358020.75,ATM,383985.91,1,0,17,0
951,55,493245.05,Transfer,214915.04,2,0,17,0
952,54,230218.49,Transfer,938136.67,2,0,11,0
953,46,173976.39,Transfer,257714.83,3,0,23,0
954,34,135644.01,Transfer,414088.61,2,0,18,0
955,38,195519.62,ATM,872227.95,1,0,4,1
956,57,358331.49,Transfer,270460.58,1,0,3,1
957,63,422447.56,Transfer,646262.64,1,0,16,0
958,58,496472.44,Online,412136.67,1,0,21,0
959,64,68612.7,Transfer,297447.18,1,0,19,0
960,56,493685.5,Online,108893.29,1,0,9,0
961,50,198454.98,POS,570427.27,1,0,4,1
962,43,289698.77,Transfer,178285.91,1,0,2,1
963,25,13637.86,Online,494541.72,1,0,19,0
964,74,26454.61,ATM,466665.49,1,1,10,0
965,23,353839.53,Transfer,623000.79,1,1,19,1
966,42,219380.64,Online,835153.17,1,0,21,0
967,67,264400.79,Transfer,824627.66,1,1,18,1
968,48,148339.14,Transfer,137749.25,2,0,0,1
969,33,52246.11,Transfer,491099.75,1,0,15,0
970,22,324813.05,Online,133440.76,2,0,12,0
971,44,110008.99,Transfer,139983.16,1,0,22,0
972,45,305226.99,Transfer,456656.51,1,0,21,0
973,68,218435.23,POS,267233.72,1,1,0,1
974,55,348374.83,Transfer,226894.77,1,0,1,1
975,44,45979.63,Transfer,648078.38,2,0,6,0
976,18,455918.1,POS,590423.86,1,0,11,0
977,27,27645.26,POS,466303.96,2,1,17,0
978,29,199040.38,Online,70725.03,3,0,9,0
979,22,177706.46,Online,750797.84,2,0,7,0
980,22,62713.09,Transfer,107016.55,1,0,14,0
981,48,486399.57,ATM,462007.17,1,0,5,0
982,43,122403.06,Transfer,141541.01,3,0,0,1
983,70,335862.95,POS,106369.37,3,1,23,1
984,37,257060.28,POS,440853.86,1,0,14,0
985,47,378347.61,Online,728815.13,3,0,4,1
986,39,473903.25,Online,841146.44,1,0,5,0
987,48,409765.89,Online,543655.83,1,1,12,1
988,43,220425.45,Online,627521.66,1,0,4,1
989,59,103020.41,ATM,287378.95,2,0,8,0
990,70,309911.95,Transfer,630205.38,1,0,2,1
991,23,289420.36,POS,778009.28,1,0,1,1
992,29,336448.56,ATM,851598.49,1,0,16,0
993,18,16602.67,Online,581893.88,1,0,10,0
994,41,117768.09,ATM,52838.57,1,0,9,0
995,52,488045.4,ATM,912226.19,1,0,21,0
996,32,78464.54,Online,354023.73,2,0,3,0
997,60,464014.32,Online,984169.02,1,0,9,0
998,67,282340.58,Transfer,460515.91,1,1,0,1
999,54,473655.27,POS,907450.59,1,1,17,1
1000,70,472862.98,ATM,523281.35,1,0,21,0
