PatientID,Age,RestingBP,Cholesterol,MaxHeartRate,Oldpeak,BMI,BloodSugar,HeartDisease
1,68,141,212,84,4.4,31.2,172,1
2,48,176,194,157,2.0,21.1,200,1
3,51,142,121,157,5.0,22.7,90,1
4,62,165,177,91,0.0,18.5,128,1
5,71,181,307,84,2.7,35.3,120,1
6,73,144,183,120,4.1,27.9,87,1
7,33,178,179,83,4.9,24.7,122,1
8,31,173,211,180,4.1,31.4,77,1
9,76,124,325,150,1.6,32.6,71,1
10,35,143,225,73,1.1,39.3,113,1
11,63,163,309,83,4.4,25.2,109,1
12,50,169,201,180,5.0,25.8,193,1
13,74,130,276,84,1.0,18.3,78,1
14,53,90,255,132,4.9,33.6,102,1
15,34,130,147,141,2.7,20.1,131,1
16,53,126,218,173,1.6,30.3,170,1
17,76,167,250,70,4.3,23.2,211,1
18,68,116,256,84,0.7,27.7,132,1
19,61,141,215,98,1.4,19.7,155,1
20,57,155,289,114,1.8,20.3,97,1
21,57,133,203,99,5.3,25.1,161,1
22,54,151,344,198,1.4,27.4,185,1
23,42,92,222,131,1.3,20.6,128,0
24,61,185,335,182,0.4,23.6,81,1
25,68,91,250,182,0.9,40.0,182,1
26,31,91,339,123,0.2,25.6,198,1
27,48,91,172,137,0.5,26.1,214,1
28,67,113,188,185,5.9,26.8,213,1
29,62,162,243,139,4.2,36.9,216,1
30,55,156,266,165,0.6,38.7,197,1
31,68,171,223,198,4.1,34.2,111,1
32,64,96,263,159,5.9,29.4,182,1
33,31,90,167,106,5.3,22.2,168,1
34,48,137,327,123,4.7,32.1,144,1
35,78,161,283,173,3.6,18.2,168,1
36,54,182,265,197,1.8,28.7,137,1
37,62,103,140,117,4.5,32.3,204,1
38,32,106,247,102,3.3,29.2,188,1
39,51,119,157,178,2.9,37.9,96,1
40,63,110,149,166,3.5,28.8,130,1
41,77,108,123,104,4.6,19.0,115,1
42,35,188,243,106,5.6,27.4,164,1
43,64,149,344,185,1.8,26.5,136,1
44,47,114,342,123,4.2,30.5,93,1
45,79,121,294,155,2.2,23.6,199,1
46,55,106,223,112,4.3,30.2,95,1
47,64,139,272,82,0.5,18.1,105,1
48,74,109,184,77,4.2,35.5,184,1
49,52,104,211,167,0.6,30.7,155,1
50,80,114,305,132,5.9,36.5,127,1
51,51,138,299,139,1.8,29.8,170,1
52,62,97,172,129,1.3,31.7,75,1
53,74,185,235,163,3.2,32.0,121,1
54,45,102,233,193,4.3,18.9,189,1
55,48,181,177,159,0.2,39.2,92,1
56,38,101,248,127,5.5,27.7,165,1
57,77,178,236,198,5.7,34.2,138,1
58,51,182,314,145,3.4,21.5,155,1
59,58,167,339,138,0.6,24.9,213,1
60,55,179,295,154,2.8,21.8,170,1
61,52,99,188,169,0.3,26.2,216,1
62,61,90,188,73,3.7,38.8,71,1
63,78,181,247,153,3.5,26.5,193,1
64,62,122,308,170,3.8,36.0,143,1
65,72,133,148,81,0.6,18.4,104,1
66,52,170,209,77,2.3,33.0,184,1
67,70,96,315,127,4.2,31.8,189,1
68,65,178,140,170,4.5,35.8,168,1
69,77,125,329,165,2.0,38.5,106,1
70,41,144,132,92,4.5,20.3,86,1
71,78,151,203,181,2.3,24.5,88,1
72,78,189,259,145,2.1,39.0,197,1
73,48,105,236,138,1.8,25.2,192,1
74,50,189,172,126,0.7,38.5,211,1
75,60,94,282,144,0.7,21.1,143,1
76,73,106,349,76,2.6,22.9,206,1
77,79,116,241,74,3.1,23.1,205,1
78,77,154,205,140,5.9,34.6,139,1
79,60,108,308,177,3.4,27.3,159,1
80,48,128,245,195,0.3,20.6,130,1
81,70,128,120,161,5.8,26.2,182,1
82,54,145,280,186,5.8,18.3,130,1
83,76,110,199,187,5.5,38.2,216,1
84,49,146,265,116,3.8,33.3,70,1
85,32,105,334,81,5.8,19.3,171,1
86,41,113,275,186,1.7,22.1,159,1
87,37,147,179,97,0.5,39.4,214,1
88,38,122,331,115,0.5,38.7,184,1
89,34,136,272,79,5.6,37.1,178,1
90,34,122,237,134,2.9,39.7,80,1
91,50,115,182,155,5.0,30.5,167,1
92,70,188,248,124,5.2,35.9,164,1
93,34,92,300,92,4.6,38.8,152,1
94,46,174,197,179,1.5,24.0,73,1
95,30,121,153,161,1.6,18.5,187,1
96,32,139,131,123,5.8,19.9,126,1
97,46,136,270,154,3.8,35.7,172,1
98,67,153,345,107,3.6,32.0,148,1
99,56,140,310,121,3.3,27.9,148,1
100,59,140,200,98,0.9,38.4,143,1
101,46,173,335,138,5.9,28.8,195,1
102,72,132,322,184,3.2,28.1,149,1
103,60,164,237,77,1.1,33.3,94,1
104,32,185,314,162,5.8,31.2,120,1
105,48,110,124,161,2.1,18.7,139,0
106,30,94,131,159,5.4,20.8,114,1
107,56,162,145,116,3.8,19.8,163,1
108,72,152,167,130,0.0,37.1,77,1
109,78,188,299,116,2.2,28.7,97,1
110,52,167,335,199,4.5,18.8,125,1
111,80,96,122,180,5.1,34.5,87,1
112,67,188,234,84,0.6,34.2,97,1
113,39,128,304,86,1.3,25.2,113,1
114,54,106,132,94,4.1,35.4,178,1
115,47,189,230,103,3.3,30.9,152,1
116,71,130,220,75,5.4,31.4,128,1
117,74,159,348,190,1.4,20.2,139,1
118,77,93,213,144,0.5,35.7,124,1
119,38,92,150,109,4.2,39.9,75,1
120,31,173,339,144,5.2,36.0,182,1
121,59,140,181,148,3.2,28.5,113,1
122,34,159,273,187,4.3,22.4,89,1
123,78,101,166,70,3.7,24.3,106,1
124,40,189,196,72,0.3,25.4,79,1
125,34,112,257,199,1.9,35.8,134,1
126,66,162,136,78,3.6,28.4,163,1
127,60,138,188,131,4.5,27.0,186,1
128,40,98,281,145,2.3,38.4,133,1
129,51,149,183,162,0.8,35.5,83,1
130,59,124,332,74,1.4,31.9,131,1
131,33,178,161,158,4.1,27.9,173,1
132,43,121,298,194,1.8,34.4,212,1
133,62,114,264,122,5.4,31.7,203,1
134,32,96,298,111,0.8,35.5,102,1
135,59,116,283,107,4.5,33.6,102,1
136,33,175,185,79,3.0,34.6,187,1
137,67,102,278,116,5.1,20.8,84,1
138,58,97,124,116,2.5,35.0,164,1
139,80,125,155,95,1.5,25.6,80,1
140,39,127,253,92,2.8,38.8,209,1
141,55,102,223,180,4.4,31.0,169,1
142,77,157,252,189,0.1,32.3,161,1
143,60,98,170,98,0.6,36.5,80,1
144,52,90,165,170,5.9,36.5,126,1
145,30,152,301,124,1.4,31.4,122,1
146,38,163,299,126,0.0,25.3,132,1
147,54,179,194,107,2.1,25.6,160,1
148,46,132,306,177,5.5,23.5,94,1
149,36,141,317,157,1.9,35.2,219,1
150,55,117,233,118,1.1,39.1,217,1
151,51,181,182,173,3.0,31.1,210,1
152,59,176,298,192,4.8,25.7,98,1
153,78,134,340,99,5.0,30.9,70,1
154,43,136,313,182,2.4,30.3,132,1
155,33,90,127,124,5.7,26.2,179,1
156,63,186,206,124,0.9,33.8,162,1
157,37,154,176,136,1.4,32.8,141,1
158,76,156,170,166,3.3,33.9,104,1
159,61,177,197,101,5.1,36.3,211,1
160,60,144,295,76,3.8,34.2,154,1
161,48,108,155,98,2.5,37.6,116,1
162,34,109,130,199,2.2,18.8,89,0
163,34,126,285,122,1.8,38.9,155,1
164,73,113,200,189,5.9,28.4,183,1
165,80,170,133,78,3.2,31.9,172,1
166,38,111,123,98,1.0,24.0,144,1
167,35,107,247,154,4.9,29.0,103,1
168,46,126,272,191,4.3,20.3,155,1
169,50,116,176,100,5.2,31.1,81,1
170,74,142,318,191,2.5,25.8,123,1
171,72,154,170,105,4.6,19.5,80,1
172,69,100,283,182,4.3,31.4,123,1
173,63,144,230,138,2.9,23.9,217,1
174,48,188,200,178,0.9,31.7,142,1
175,38,129,136,198,3.0,33.1,111,1
176,54,128,154,177,4.2,24.0,167,1
177,41,108,220,113,4.8,39.2,86,1
178,39,146,174,116,0.5,39.1,152,1
179,37,184,268,150,4.0,33.2,94,1
180,47,178,131,128,5.9,38.8,116,1
181,61,99,135,95,3.4,38.1,83,1
182,44,96,256,184,5.5,39.4,151,1
183,60,183,235,172,0.2,31.1,177,1
184,74,187,250,106,3.2,27.7,177,1
185,68,104,239,73,4.7,25.0,85,1
186,74,131,227,195,2.5,28.2,103,1
187,59,102,260,87,5.6,35.6,108,1
188,75,118,309,131,2.9,31.8,190,1
189,39,119,272,172,3.1,34.1,72,1
190,74,103,239,137,4.3,31.0,142,1
191,44,138,240,157,0.7,39.0,106,1
192,66,132,243,108,5.3,38.8,80,1
193,42,187,272,121,0.4,26.8,162,1
194,80,163,226,126,1.3,22.1,72,1
195,35,94,124,123,5.8,37.4,168,1
196,49,150,242,151,4.2,21.4,82,1
197,76,178,192,137,3.5,20.0,174,1
198,32,181,148,145,0.2,25.2,94,1
199,34,100,306,193,2.2,23.7,202,1
200,77,179,265,106,1.3,33.0,150,1
201,79,129,164,131,3.6,36.1,125,1
202,69,187,159,160,5.2,34.1,216,1
203,45,129,211,166,0.9,21.5,82,0
204,72,134,208,169,3.7,34.6,76,1
205,34,134,177,100,5.0,20.8,176,1
206,59,128,278,151,4.9,36.3,81,1
207,68,155,343,82,3.7,39.6,86,1
208,69,184,217,157,4.9,20.8,143,1
209,70,185,345,132,2.4,21.9,106,1
210,58,111,315,165,4.6,38.8,86,1
211,41,111,264,187,2.1,31.7,119,1
212,43,153,294,98,2.7,32.2,194,1
213,41,96,148,102,1.9,28.8,127,0
214,52,115,345,98,5.7,20.2,108,1
215,44,118,276,144,1.3,19.8,153,1
216,51,164,146,150,5.8,18.7,90,1
217,76,169,220,153,2.4,24.0,200,1
218,30,147,243,84,4.5,22.4,94,1
219,53,101,137,84,2.8,30.0,129,1
220,75,178,264,162,4.7,35.0,119,1
221,36,92,212,93,5.5,31.6,115,1
222,44,114,341,86,3.6,23.4,78,1
223,67,137,307,132,3.9,25.2,199,1
224,53,161,258,133,2.7,18.3,87,1
225,59,153,201,179,5.8,33.9,80,1
226,74,178,152,171,5.4,33.9,157,1
227,70,106,195,190,3.4,18.4,123,1
228,51,181,267,166,3.1,19.9,146,1
229,55,111,222,172,1.2,33.3,212,1
230,63,133,168,173,3.8,33.5,203,1
231,38,95,192,172,3.7,24.6,77,1
232,37,139,211,131,4.7,31.5,196,1
233,36,164,203,127,4.7,28.6,196,1
234,70,149,225,83,0.5,19.3,156,1
235,41,102,144,114,3.7,25.2,169,1
236,74,97,340,188,2.6,19.0,113,1
237,47,159,265,106,6.0,39.4,200,1
238,57,163,154,162,2.5,22.5,204,1
239,41,138,213,93,2.6,25.6,177,1
240,49,149,271,119,5.2,30.7,186,1
241,63,189,185,148,5.4,27.3,184,1
242,41,92,137,109,5.0,23.2,95,1
243,37,189,341,156,3.8,26.2,71,1
244,66,158,285,110,1.5,37.2,180,1
245,43,178,203,199,0.6,32.3,158,1
246,57,155,282,74,2.0,35.0,114,1
247,52,136,150,79,0.4,21.7,162,1
248,39,165,213,174,2.6,23.5,70,1
249,49,117,240,176,4.4,32.6,118,1
250,78,133,175,180,5.2,22.5,217,1
251,79,167,249,106,5.6,18.9,188,1
252,64,159,348,128,1.9,29.2,81,1
253,71,109,300,112,0.1,25.1,98,1
254,68,184,303,107,0.8,18.7,114,1
255,45,139,243,188,1.0,22.1,77,1
256,58,185,221,74,5.8,23.6,124,1
257,55,132,321,183,1.5,36.3,116,1
258,69,165,338,141,4.8,38.2,70,1
259,48,120,327,122,4.0,30.7,132,1
260,38,122,288,158,5.2,35.2,146,1
261,60,164,187,167,2.4,25.2,171,1
262,48,159,345,151,5.3,25.0,178,1
263,40,90,207,123,3.9,25.2,134,1
264,41,160,262,129,3.3,31.1,104,1
265,73,179,130,168,1.0,32.1,78,1
266,32,174,145,141,3.1,28.5,186,1
267,58,115,272,81,0.9,29.6,113,1
268,65,104,162,156,4.9,33.8,192,1
269,72,110,270,176,0.0,32.2,193,1
270,44,114,155,120,0.4,38.6,88,1
271,63,167,244,186,1.7,24.8,104,1
272,37,105,225,71,1.6,27.1,158,1
273,59,164,126,164,5.2,35.6,140,1
274,78,131,308,111,5.5,27.3,187,1
275,36,143,248,189,3.2,20.5,210,1
276,51,110,333,95,1.3,31.4,191,1
277,71,161,271,118,1.4,35.2,119,1
278,53,108,219,129,4.0,35.8,216,1
279,65,163,344,138,1.0,34.2,188,1
280,50,170,269,106,3.9,31.4,80,1
281,39,162,197,146,3.6,28.9,71,1
282,64,96,204,136,2.7,27.8,93,1
283,75,108,187,171,3.5,24.0,105,1
284,69,186,283,142,1.9,23.0,82,1
285,78,149,249,74,0.4,32.1,77,1
286,67,161,169,136,3.2,25.1,72,1
287,51,159,249,71,2.2,39.9,99,1
288,37,111,163,105,5.8,32.0,116,1
289,45,151,277,190,4.9,18.0,213,1
290,41,97,331,72,5.6,23.2,161,1
291,80,94,331,173,4.6,23.4,99,1
292,50,173,317,101,0.8,36.2,107,1
293,63,103,155,183,2.1,26.4,71,1
294,56,162,312,144,5.0,24.2,124,1
295,35,124,269,155,3.4,26.6,81,1
296,76,138,161,151,3.8,32.8,203,1
297,32,169,126,83,0.5,26.9,135,1
298,56,91,282,89,3.4,38.5,94,1
299,62,125,214,83,0.8,37.8,194,1
300,32,188,288,94,4.0,20.7,218,1
301,63,157,144,148,5.8,30.1,101,1
302,61,181,260,100,3.0,27.7,129,1
303,35,121,212,112,3.7,32.3,100,1
304,80,94,330,79,1.3,28.7,125,1
305,44,162,334,152,1.0,19.6,184,1
306,36,169,263,166,3.1,39.9,86,1
307,66,141,340,121,3.9,36.7,132,1
308,66,152,181,76,3.2,28.6,155,1
309,34,144,249,131,2.9,18.4,148,1
310,50,99,334,127,1.1,31.6,82,1
311,50,179,332,151,0.4,18.9,208,1
312,50,141,302,186,2.9,21.3,121,1
313,77,171,346,111,4.7,37.6,174,1
314,46,98,288,198,4.9,19.7,166,1
315,39,147,307,90,5.0,28.9,77,1
316,51,161,296,148,5.3,27.9,138,1
317,61,133,312,156,4.1,18.9,156,1
318,72,90,228,86,5.7,34.2,127,1
319,60,189,258,97,2.1,27.1,74,1
320,59,185,127,133,2.5,19.8,181,1
321,57,170,342,173,3.7,26.4,118,1
322,65,157,197,174,3.9,29.7,183,1
323,39,110,283,160,5.9,31.2,164,1
324,45,121,151,193,0.9,19.0,86,0
325,69,107,302,128,3.3,26.6,183,1
326,51,119,331,101,3.0,18.3,218,1
327,64,121,341,188,5.3,23.7,87,1
328,50,102,268,195,5.1,34.0,204,1
329,52,185,322,155,4.5,23.9,161,1
330,58,102,329,71,0.8,34.0,96,1
331,79,184,326,157,2.1,27.1,166,1
332,32,152,237,88,0.9,20.1,177,1
333,76,114,247,180,1.0,30.3,141,1
334,30,94,122,173,1.2,37.4,167,1
335,72,178,129,197,4.9,31.5,135,1
336,70,102,256,155,5.1,36.5,81,1
337,46,167,133,190,5.7,26.1,144,1
338,45,184,189,125,3.0,20.7,180,1
339,33,109,257,93,1.3,21.0,123,1
340,69,110,321,107,1.0,22.0,89,1
341,46,160,123,83,4.3,20.3,124,1
342,33,113,281,151,3.6,18.5,216,1
343,78,152,229,178,4.5,39.6,186,1
344,60,189,311,88,2.6,21.2,182,1
345,62,107,182,185,0.4,35.6,116,1
346,40,146,237,114,1.0,32.0,217,1
347,77,136,338,116,5.0,26.4,206,1
348,55,105,188,130,5.9,21.6,176,1
349,78,183,237,150,5.6,35.2,216,1
350,71,124,165,138,5.1,22.1,118,1
351,50,163,311,74,4.2,31.9,195,1
352,68,128,282,198,4.7,18.2,110,1
353,75,149,227,126,4.5,32.5,105,1
354,50,119,271,177,0.3,18.8,204,1
355,64,144,339,83,1.5,24.0,175,1
356,54,166,189,113,0.9,36.8,176,1
357,49,171,226,90,3.2,27.0,76,1
358,35,104,329,189,1.6,34.1,127,1
359,50,171,188,156,1.2,30.4,216,1
360,80,178,204,197,5.8,22.0,186,1
361,33,160,205,102,3.1,20.5,167,1
362,57,147,162,155,3.3,31.5,167,1
363,30,163,204,74,5.7,36.7,135,1
364,39,187,263,181,2.8,34.5,145,1
365,53,129,157,128,2.8,19.1,132,1
366,78,153,151,90,1.0,25.3,179,1
367,51,104,239,148,5.3,37.2,194,1
368,70,129,177,97,4.6,18.6,200,1
369,37,133,216,111,3.0,20.3,92,1
370,54,139,290,120,1.2,22.1,77,1
371,53,181,160,154,1.9,32.1,212,1
372,77,171,161,129,4.2,35.5,76,1
373,45,92,228,72,5.4,21.7,198,1
374,37,121,243,176,1.9,35.6,179,1
375,48,121,256,81,4.4,25.0,198,1
376,74,110,277,82,1.9,39.9,128,1
377,56,158,144,166,0.2,36.1,195,1
378,34,188,308,78,4.9,29.9,129,1
379,73,100,313,177,2.8,25.9,200,1
380,41,181,149,90,0.7,19.9,103,1
381,70,140,294,151,4.5,32.3,197,1
382,51,106,188,177,2.8,39.5,102,1
383,49,105,281,135,1.9,18.1,116,1
384,68,159,320,193,6.0,19.6,197,1
385,32,93,305,116,1.8,22.7,126,1
386,75,103,347,108,4.8,19.3,184,1
387,62,95,338,160,2.3,26.3,211,1
388,65,161,309,104,2.5,35.7,153,1
389,78,114,287,157,0.2,39.3,219,1
390,77,172,229,88,4.8,18.4,140,1
391,43,152,192,193,5.0,24.2,211,1
392,67,142,180,99,0.3,30.5,121,1
393,54,103,322,122,1.8,24.6,110,1
394,33,157,339,77,5.3,25.3,155,1
395,70,144,135,131,4.8,18.8,104,1
396,40,153,169,138,1.5,22.8,206,1
397,33,124,328,134,0.2,33.3,145,1
398,41,135,166,84,3.6,37.6,162,1
399,51,110,170,107,3.6,33.5,201,1
400,36,181,147,73,2.3,28.7,155,1
401,73,155,335,160,4.5,29.1,156,1
402,67,95,333,130,2.8,19.0,205,1
403,48,154,304,162,2.8,31.7,211,1
404,64,137,203,125,3.5,29.8,118,1
405,75,151,255,112,5.1,24.3,108,1
406,50,138,311,131,2.4,19.0,78,1
407,53,126,168,110,4.9,29.7,128,1
408,68,144,160,108,3.0,33.4,216,1
409,40,166,246,115,1.0,26.6,88,1
410,41,161,319,178,3.6,24.8,114,1
411,55,181,316,77,5.2,18.0,153,1
412,47,107,313,137,2.3,28.0,151,1
413,66,108,275,153,5.4,26.9,212,1
414,70,128,121,98,4.1,26.0,144,1
415,42,99,261,120,5.5,31.5,97,1
416,32,173,317,186,5.4,19.5,213,1
417,59,129,121,150,4.2,29.7,134,1
418,74,168,337,170,0.7,30.3,92,1
419,53,127,147,90,4.2,27.5,168,1
420,74,162,300,191,3.5,23.0,101,1
421,32,156,275,148,4.6,20.2,144,1
422,77,121,176,187,4.2,33.1,103,1
423,57,126,126,125,4.6,38.8,88,1
424,58,163,307,195,3.6,20.2,133,1
425,34,97,281,185,3.5,30.3,100,1
426,33,139,188,189,5.9,29.7,114,1
427,33,115,274,176,2.3,21.5,119,1
428,35,148,244,99,0.8,36.4,106,1
429,71,124,206,87,5.0,39.6,146,1
430,76,106,228,91,3.2,21.4,118,1
431,42,123,228,155,1.5,36.4,200,1
432,71,187,279,178,1.2,19.3,196,1
433,73,110,163,172,3.3,21.6,93,1
434,64,102,230,167,2.9,26.8,86,1
435,64,171,223,88,1.2,26.7,97,1
436,34,106,220,187,1.4,39.2,186,1
437,63,100,173,116,5.2,20.9,208,1
438,68,181,124,89,2.8,18.8,139,1
439,46,108,273,117,0.6,34.6,139,1
440,65,164,280,151,2.7,31.2,73,1
441,36,124,167,142,0.4,18.1,150,1
442,78,186,215,141,0.4,37.4,138,1
443,42,136,308,100,4.4,34.8,91,1
444,58,175,290,136,4.2,21.0,195,1
445,50,169,323,104,1.3,39.1,116,1
446,64,108,233,77,6.0,20.0,99,1
447,36,156,184,105,5.0,34.3,106,1
448,42,97,252,197,4.9,37.5,104,1
449,31,152,223,92,2.9,19.7,197,1
450,33,119,342,171,1.8,30.1,211,1
451,42,134,343,103,0.0,20.2,171,1
452,45,155,287,188,5.1,23.3,171,1
453,31,155,337,82,4.0,22.6,103,1
454,68,156,255,189,2.4,37.9,122,1
455,68,154,264,82,3.6,25.9,126,1
456,54,175,150,150,4.3,37.1,143,1
457,39,189,319,123,0.4,33.0,83,1
458,79,117,229,122,4.8,30.2,73,1
459,42,148,334,77,1.6,28.9,103,1
460,47,187,246,144,1.6,26.9,162,1
461,55,107,215,107,5.4,30.8,77,1
462,70,95,188,190,0.5,38.5,190,1
463,30,108,256,169,5.4,38.7,152,1
464,78,159,231,125,5.8,20.0,129,1
465,56,178,239,92,1.5,37.3,170,1
466,62,113,227,80,5.7,33.5,163,1
467,38,110,203,106,0.3,25.9,117,0
468,68,117,160,168,2.7,22.6,174,1
469,36,102,329,169,5.1,22.7,142,1
470,67,164,173,169,4.1,31.4,206,1
471,53,97,126,105,4.4,24.9,218,1
472,57,143,301,134,5.3,24.3,82,1
473,78,143,257,122,1.6,36.4,115,1
474,42,126,221,93,5.0,33.6,211,1
475,39,124,272,180,2.0,37.9,185,1
476,53,118,290,191,3.1,32.9,153,1
477,57,105,294,173,0.8,36.9,203,1
478,36,185,343,102,4.4,22.9,126,1
479,41,105,327,112,4.0,30.1,180,1
480,80,162,279,144,5.0,31.3,114,1
481,51,148,251,173,0.4,23.0,167,1
482,63,117,324,148,0.4,32.8,73,1
483,55,98,238,125,5.9,30.0,212,1
484,61,117,141,86,1.4,22.3,175,1
485,55,114,257,114,1.7,39.6,173,1
486,33,184,275,134,2.1,38.2,126,1
487,76,120,293,95,0.9,18.2,121,1
488,70,164,173,84,2.1,38.9,115,1
489,34,95,157,131,4.8,28.1,115,1
490,42,184,341,72,1.0,27.8,177,1
491,62,170,194,146,3.2,26.6,139,1
492,70,105,187,168,3.0,26.9,159,1
493,41,100,220,158,5.5,21.9,171,1
494,47,115,253,73,5.0,34.1,194,1
495,63,106,226,112,3.1,39.5,77,1
496,42,97,341,165,1.9,23.1,108,1
497,46,148,203,157,4.6,36.8,113,1
498,38,126,193,105,2.1,38.4,173,1
499,31,144,319,160,1.5,23.4,162,1
500,32,102,292,79,5.4,21.4,103,1
501,80,90,279,158,4.6,26.2,217,1
502,59,124,218,182,2.7,24.1,86,1
503,47,134,235,162,3.4,25.9,137,1
504,30,90,177,178,5.8,18.6,128,1
505,40,130,224,191,5.7,21.3,137,1
506,34,100,175,168,2.0,36.5,178,1
507,36,136,190,109,2.4,34.8,92,1
508,71,173,262,185,1.2,23.6,181,1
509,48,135,275,137,1.8,37.3,198,1
510,32,113,146,109,0.3,34.0,93,1
511,53,93,186,103,5.3,29.9,185,1
512,52,158,214,131,3.2,31.0,123,1
513,35,146,257,172,1.8,24.7,72,1
514,80,175,166,145,1.3,32.6,210,1
515,52,147,169,99,2.0,33.7,195,1
516,77,136,237,108,1.3,34.8,123,1
517,50,161,135,128,2.5,34.6,101,1
518,63,98,328,79,2.9,26.0,117,1
519,76,114,242,170,0.6,29.3,120,1
520,65,170,246,157,1.0,22.0,192,1
521,35,90,270,191,4.4,37.0,150,1
522,63,130,340,142,2.1,25.4,121,1
523,32,170,182,118,4.4,30.4,134,1
524,46,156,337,84,3.0,26.5,215,1
525,78,172,162,185,0.7,35.5,102,1
526,43,123,308,128,3.0,33.5,152,1
527,30,158,146,149,5.2,21.9,133,1
528,64,108,323,149,0.8,37.0,217,1
529,60,157,291,71,5.2,32.8,141,1
530,36,167,303,188,3.4,36.3,152,1
531,80,171,327,141,0.3,30.1,195,1
532,40,94,146,166,2.6,37.3,138,1
533,62,151,169,181,2.0,32.9,192,1
534,31,183,166,102,3.9,32.8,148,1
535,52,103,334,197,4.5,20.2,98,1
536,53,171,182,174,5.9,19.5,86,1
537,31,95,177,138,5.9,30.2,151,1
538,55,173,288,140,1.6,22.5,158,1
539,64,169,121,193,3.3,33.2,108,1
540,56,118,349,89,1.8,20.0,177,1
541,48,173,346,180,3.3,32.1,219,1
542,32,95,326,96,4.1,33.5,117,1
543,35,148,219,128,3.6,37.1,134,1
544,48,115,336,79,3.7,22.7,117,1
545,50,111,219,167,2.2,19.1,182,1
546,74,157,126,118,3.3,38.7,207,1
547,65,162,165,175,4.4,22.7,214,1
548,39,116,173,154,5.5,27.5,84,1
549,33,182,242,142,2.6,39.9,161,1
550,46,132,240,110,1.5,33.7,108,1
551,78,112,230,116,0.2,25.8,179,1
552,34,132,295,103,0.4,28.1,131,1
553,62,164,135,151,2.2,25.3,151,1
554,67,108,283,132,3.3,22.4,171,1
555,30,180,127,142,1.2,35.6,108,1
556,78,149,147,166,5.4,32.7,125,1
557,50,91,308,127,1.5,33.5,183,1
558,72,126,198,161,2.5,29.0,208,1
559,42,93,333,130,2.8,18.6,198,1
560,32,167,285,190,1.6,21.5,202,1
561,78,163,211,90,4.5,33.9,116,1
562,49,172,154,138,0.0,38.3,96,1
563,71,112,272,90,4.5,19.7,157,1
564,54,144,165,101,4.9,35.3,179,1
565,71,138,225,127,5.6,37.3,130,1
566,38,95,228,104,2.1,29.5,74,0
567,71,176,328,145,5.2,34.5,126,1
568,51,162,148,156,1.1,33.3,181,1
569,52,134,264,173,5.2,29.7,177,1
570,47,183,269,102,2.1,27.1,191,1
571,39,125,281,97,1.9,21.7,116,1
572,48,104,245,141,5.9,27.1,102,1
573,62,108,314,143,2.5,34.6,167,1
574,80,102,248,162,3.2,20.5,133,1
575,58,128,247,157,4.2,22.5,138,1
576,55,138,314,76,4.6,38.9,131,1
577,46,132,144,98,3.8,33.1,193,1
578,45,114,173,142,3.2,36.4,155,1
579,45,130,227,187,4.7,27.9,152,1
580,48,155,288,84,2.8,19.7,99,1
581,69,107,298,197,1.2,19.5,91,1
582,35,165,304,173,5.8,19.5,126,1
583,78,134,201,135,3.1,39.8,89,1
584,58,182,186,152,0.4,34.0,109,1
585,33,149,235,144,3.9,33.6,160,1
586,59,91,181,118,2.2,31.9,130,1
587,44,137,272,127,4.7,34.5,108,1
588,61,147,328,168,4.0,31.7,98,1
589,36,181,128,196,5.3,34.5,214,1
590,45,176,342,90,3.9,37.6,131,1
591,71,165,289,82,4.3,26.5,173,1
592,69,148,249,163,5.2,33.9,208,1
593,44,169,200,71,0.8,27.8,92,1
594,47,151,343,182,1.6,33.2,130,1
595,30,183,292,191,1.7,32.4,204,1
596,51,163,300,92,5.9,35.3,170,1
597,49,165,280,97,1.3,28.2,91,1
598,35,110,215,148,3.3,18.9,203,1
599,54,145,229,173,4.0,20.1,77,1
600,40,186,301,194,0.4,20.1,89,1
601,41,132,308,100,4.8,32.8,178,1
602,56,124,214,82,0.8,18.5,218,1
603,80,143,322,117,1.9,18.3,183,1
604,78,185,219,168,5.6,27.1,194,1
605,39,172,144,137,5.9,34.6,143,1
606,72,114,139,117,3.6,38.4,179,1
607,63,144,147,128,2.8,27.7,119,1
608,33,131,331,83,0.3,28.0,215,1
609,56,144,301,189,5.7,21.7,202,1
610,52,130,178,158,3.9,24.1,152,1
611,30,153,190,73,2.5,22.5,219,1
612,51,136,328,162,5.7,19.3,181,1
613,62,148,162,81,2.7,33.1,200,1
614,57,145,209,163,5.3,30.9,135,1
615,65,143,145,144,3.6,25.8,219,1
616,49,97,148,109,1.4,38.1,153,1
617,45,135,181,76,3.0,39.5,157,1
618,38,124,298,106,5.4,31.7,188,1
619,37,168,214,186,0.4,25.4,122,1
620,41,138,136,133,5.4,24.7,80,1
621,63,139,190,177,1.0,28.4,119,1
622,67,177,257,121,2.6,29.7,106,1
623,69,161,159,125,0.9,22.6,205,1
624,58,183,175,129,5.0,26.0,194,1
625,42,185,155,170,1.0,37.8,151,1
626,67,177,246,189,0.5,28.7,188,1
627,40,181,165,165,0.9,28.5,79,1
628,69,113,218,181,1.0,37.3,134,1
629,60,184,176,175,1.7,26.0,91,1
630,42,178,295,87,4.0,35.1,212,1
631,71,104,326,132,0.8,30.4,101,1
632,38,129,267,151,2.8,32.4,145,1
633,73,127,330,140,0.7,35.6,213,1
634,68,157,306,158,3.1,37.9,178,1
635,46,95,330,146,3.5,28.8,164,1
636,33,128,191,94,4.4,24.1,189,1
637,57,142,341,165,5.6,39.3,141,1
638,35,167,151,168,5.6,37.7,145,1
639,78,148,150,162,4.8,21.9,158,1
640,70,120,332,153,1.5,23.8,82,1
641,74,131,233,89,2.3,23.1,198,1
642,44,166,136,127,1.4,38.9,92,1
643,75,161,127,128,1.4,38.0,85,1
644,31,171,264,99,6.0,34.9,163,1
645,47,102,290,163,1.2,25.5,185,1
646,44,162,299,177,3.0,19.1,126,1
647,38,143,230,70,4.8,34.6,78,1
648,61,104,259,141,5.5,33.3,176,1
649,69,131,309,184,4.5,20.8,86,1
650,62,121,340,154,5.0,38.4,155,1
651,79,126,311,123,0.5,24.2,184,1
652,40,177,168,184,1.8,18.9,172,1
653,57,106,125,97,5.1,38.8,184,1
654,33,175,337,112,2.0,28.0,127,1
655,61,170,224,152,1.9,25.5,173,1
656,57,90,289,117,5.0,38.6,183,1
657,33,127,274,180,1.0,31.1,188,1
658,43,114,153,136,1.5,28.4,142,1
659,55,109,311,173,3.5,37.9,74,1
660,32,147,146,182,0.0,22.7,113,1
661,55,136,281,164,2.1,34.7,201,1
662,52,137,302,181,1.6,22.2,200,1
663,50,178,203,185,0.7,34.2,185,1
664,67,104,229,115,3.8,30.8,191,1
665,34,159,232,176,2.1,34.1,160,1
666,47,110,339,173,3.9,37.8,207,1
667,54,141,319,130,4.7,20.2,124,1
668,66,145,306,171,1.3,19.5,71,1
669,30,149,170,99,5.2,22.9,159,1
670,42,161,310,194,4.9,39.6,172,1
671,60,147,332,100,0.3,33.2,91,1
672,69,90,184,148,4.9,28.5,77,1
673,76,106,136,159,0.9,36.4,147,1
674,74,95,282,179,1.1,21.1,212,1
675,56,102,278,129,0.7,38.5,118,1
676,52,178,281,95,5.6,24.9,203,1
677,35,148,311,86,5.6,36.6,204,1
678,73,104,138,132,5.6,32.6,150,1
679,64,108,267,169,4.1,38.7,113,1
680,69,113,180,194,2.2,23.6,134,1
681,64,121,283,127,3.2,24.1,137,1
682,69,148,327,159,1.0,37.3,100,1
683,32,97,143,84,4.4,39.1,114,1
684,31,97,190,177,5.5,32.0,126,1
685,45,188,149,183,4.1,27.4,129,1
686,63,132,245,163,3.2,36.6,177,1
687,33,182,270,75,1.5,36.6,191,1
688,61,162,348,75,2.0,18.9,136,1
689,71,100,162,165,5.8,26.7,110,1
690,48,94,279,104,5.7,26.8,181,1
691,40,166,122,129,1.1,28.1,87,1
692,78,162,142,152,5.3,27.2,185,1
693,52,119,144,181,2.7,35.5,127,1
694,59,130,144,147,1.0,25.4,79,1
695,64,164,130,154,5.0,39.4,195,1
696,31,165,240,111,5.6,22.7,85,1
697,78,107,346,159,5.7,35.2,117,1
698,71,165,307,146,3.4,18.1,128,1
699,56,116,198,141,5.4,26.2,132,1
700,69,101,260,112,4.8,22.9,189,1
701,65,174,127,138,0.5,22.3,187,1
702,58,136,195,170,0.5,22.6,140,1
703,74,141,243,194,2.7,25.4,88,1
704,42,110,183,96,5.5,30.0,94,1
705,35,152,283,199,2.5,33.0,169,1
706,59,134,138,103,1.2,32.1,169,1
707,51,141,299,180,1.8,23.1,216,1
708,67,159,235,148,5.0,32.8,201,1
709,79,171,124,156,4.4,25.9,137,1
710,58,133,153,146,6.0,21.4,204,1
711,33,108,341,197,4.6,29.2,152,1
712,60,142,151,135,2.6,27.8,129,1
713,53,106,215,85,1.2,38.6,176,1
714,53,90,258,188,0.6,31.3,180,1
715,79,101,214,161,1.2,32.3,175,1
716,36,91,225,93,3.1,19.3,109,1
717,79,132,194,81,0.9,37.6,118,1
718,45,91,179,99,2.3,21.2,165,1
719,39,149,161,109,1.9,32.5,187,1
720,71,136,284,91,0.7,33.4,96,1
721,70,169,281,158,5.6,25.3,145,1
722,55,162,129,165,4.8,36.5,108,1
723,31,154,298,193,4.3,28.8,199,1
724,60,146,197,98,4.8,31.0,153,1
725,68,113,268,179,0.5,31.2,211,1
726,63,147,195,105,5.9,34.0,196,1
727,45,150,219,165,4.1,33.0,87,1
728,67,156,270,178,1.6,22.8,218,1
729,69,167,342,150,4.0,30.2,115,1
730,61,104,163,123,5.5,32.3,178,1
731,56,176,223,192,1.8,37.6,100,1
732,64,106,339,152,0.9,20.0,101,1
733,69,102,331,104,5.4,30.2,164,1
734,51,155,292,138,2.3,23.3,198,1
735,49,133,206,165,1.1,39.7,157,1
736,40,118,173,85,6.0,30.8,196,1
737,76,90,200,153,4.1,24.9,200,1
738,64,158,338,177,4.2,33.4,142,1
739,68,93,138,171,0.6,35.2,210,1
740,51,181,171,180,3.7,36.7,111,1
741,55,115,270,112,1.7,35.0,108,1
742,80,101,326,80,3.8,36.0,107,1
743,63,132,138,185,1.8,31.5,134,1
744,64,161,306,121,4.4,26.0,80,1
745,68,150,187,171,3.3,25.9,186,1
746,66,135,172,157,5.5,39.5,194,1
747,33,164,343,118,4.1,24.8,161,1
748,70,176,292,92,1.9,30.8,126,1
749,55,114,173,98,2.0,29.1,147,1
750,64,119,211,86,0.6,20.5,162,1
751,74,168,229,171,2.3,32.5,133,1
752,67,153,206,76,3.9,39.0,143,1
753,39,146,254,194,0.7,37.1,70,1
754,73,142,307,73,4.4,22.6,73,1
755,30,160,341,104,0.7,23.6,105,1
756,79,132,146,101,5.4,26.7,85,1
757,64,136,306,100,3.6,19.8,117,1
758,75,179,295,108,3.0,22.4,91,1
759,40,155,227,81,5.0,35.2,70,1
760,55,176,209,139,3.6,35.6,88,1
761,66,107,214,170,0.1,37.7,81,1
762,59,116,286,145,4.9,24.2,186,1
763,44,91,299,186,0.7,20.8,204,1
764,72,171,285,177,0.3,36.1,137,1
765,47,157,232,167,4.8,30.2,196,1
766,35,131,144,154,2.5,39.1,211,1
767,68,117,343,188,2.9,18.5,219,1
768,61,158,334,111,1.7,36.4,108,1
769,44,160,276,192,1.0,22.1,161,1
770,58,168,154,75,2.3,36.8,162,1
771,48,156,255,77,5.0,21.2,201,1
772,80,174,314,114,3.3,29.4,78,1
773,43,166,190,84,4.7,36.1,91,1
774,53,133,120,79,5.7,36.5,182,1
775,54,139,131,158,0.8,20.7,181,1
776,43,130,283,190,0.4,33.2,94,1
777,47,151,260,112,3.3,19.7,132,1
778,57,140,175,180,2.5,32.4,137,1
779,75,187,186,75,4.4,24.9,163,1
780,74,102,316,94,0.3,31.6,151,1
781,31,163,164,183,2.0,35.2,183,1
782,76,144,322,104,1.9,33.1,83,1
783,74,133,335,120,4.4,31.5,88,1
784,47,165,302,161,4.4,26.2,97,1
785,78,126,273,168,0.8,27.1,149,1
786,67,166,245,156,3.4,19.3,97,1
787,77,124,307,115,0.1,34.1,154,1
788,55,174,272,134,2.1,24.7,156,1
789,72,112,215,146,3.6,30.7,218,1
790,68,112,210,114,1.3,19.5,116,1
791,69,140,289,119,0.3,33.4,160,1
792,38,146,150,90,4.4,31.4,146,1
793,78,176,267,170,5.5,19.3,97,1
794,70,155,144,127,0.0,28.9,107,1
795,35,134,194,135,5.6,21.8,168,1
796,62,113,138,185,2.4,29.5,70,1
797,65,114,292,195,3.5,37.6,216,1
798,52,172,144,85,1.8,23.6,111,1
799,48,186,281,149,1.2,23.4,103,1
800,54,134,253,90,2.6,31.5,117,1
801,72,128,150,79,3.1,22.7,157,1
802,38,184,134,73,3.9,32.7,206,1
803,55,93,328,85,2.0,30.3,138,1
804,34,109,198,180,4.1,38.5,178,1
805,39,150,214,174,5.3,19.1,179,1
806,38,183,236,80,1.3,21.0,210,1
807,65,102,131,106,1.4,34.7,121,1
808,36,91,175,129,1.3,39.5,154,1
809,52,118,325,158,0.9,25.2,199,1
810,54,102,241,172,3.8,34.0,168,1
811,47,164,237,153,4.5,23.1,128,1
812,48,151,263,197,5.5,26.1,104,1
813,43,138,330,171,3.8,18.6,118,1
814,54,105,230,141,0.5,31.2,152,1
815,71,106,310,76,5.1,34.8,75,1
816,53,107,334,98,2.0,19.2,144,1
817,55,187,147,144,5.2,21.0,159,1
818,77,110,173,172,4.5,35.9,89,1
819,77,185,333,128,4.8,39.7,125,1
820,33,124,242,173,5.2,39.1,156,1
821,70,164,161,186,3.8,26.8,196,1
822,46,188,295,117,5.0,33.6,168,1
823,43,152,231,130,2.2,37.3,93,1
824,52,171,169,148,0.4,25.7,119,1
825,65,97,198,116,5.2,20.9,165,1
826,61,183,235,82,5.9,26.1,147,1
827,58,187,201,107,0.4,26.7,199,1
828,46,167,208,125,3.2,28.3,91,1
829,64,105,169,191,4.0,21.0,149,1
830,31,93,204,163,3.6,39.9,138,1
831,34,109,311,85,2.3,30.6,135,1
832,38,189,205,133,1.7,36.1,179,1
833,62,107,190,196,2.6,20.6,73,1
834,47,116,290,128,3.7,33.8,174,1
835,65,149,189,131,1.4,19.2,175,1
836,53,145,232,82,0.5,27.9,182,1
837,66,132,158,148,4.6,32.8,99,1
838,63,147,315,136,4.8,25.1,76,1
839,69,159,333,137,6.0,36.9,176,1
840,58,110,337,147,5.2,25.2,111,1
841,80,145,298,197,5.4,19.5,141,1
842,30,143,232,93,3.2,22.1,132,1
843,64,151,149,91,5.9,35.8,111,1
844,63,154,150,181,4.3,39.9,107,1
845,43,176,336,179,5.5,33.8,188,1
846,48,146,291,104,4.6,18.9,154,1
847,58,159,284,134,5.7,23.4,85,1
848,73,150,173,95,3.1,34.9,143,1
849,72,106,240,92,5.9,31.3,177,1
850,44,123,165,147,2.7,31.0,71,1
851,39,139,244,150,3.0,35.5,101,1
852,70,173,248,127,0.5,26.3,114,1
853,62,112,142,148,5.7,25.8,105,1
854,74,144,311,138,0.8,34.8,166,1
855,45,176,157,188,2.9,28.5,104,1
856,44,156,206,103,2.7,29.7,140,1
857,32,147,151,100,4.8,19.5,70,1
858,43,141,343,75,2.1,21.3,218,1
859,46,186,193,184,1.4,24.6,125,1
860,45,130,151,84,4.6,33.7,133,1
861,75,148,305,199,2.3,29.4,82,1
862,44,178,334,91,0.4,30.7,143,1
863,54,137,290,186,2.3,19.8,179,1
864,62,106,335,126,0.0,28.6,131,1
865,53,98,187,150,0.7,30.5,163,1
866,69,147,322,154,3.3,37.5,143,1
867,74,106,137,111,1.0,38.2,151,1
868,46,162,133,151,3.0,30.8,116,1
869,72,98,324,148,3.0,22.8,88,1
870,55,141,145,161,3.7,36.2,200,1
871,31,186,161,88,3.4,34.8,132,1
872,32,138,174,168,5.9,35.4,187,1
873,36,135,165,169,4.8,36.6,131,1
874,30,138,144,79,0.4,26.5,161,1
875,35,105,267,149,4.0,22.8,159,1
876,43,160,280,95,0.2,26.4,137,1
877,55,164,121,177,2.9,37.8,113,1
878,62,102,197,195,2.7,20.7,117,1
879,65,129,185,156,1.5,32.6,117,1
880,31,173,139,115,3.6,34.1,135,1
881,65,167,135,152,2.0,32.3,203,1
882,42,153,219,91,0.6,36.5,186,1
883,80,160,343,117,3.5,22.6,122,1
884,72,137,254,138,1.1,27.5,191,1
885,34,112,300,106,0.7,21.1,86,1
886,55,110,191,190,3.4,36.9,194,1
887,64,103,133,79,5.6,29.6,103,1
888,70,99,241,184,2.9,19.3,210,1
889,63,174,333,190,5.8,34.0,199,1
890,41,170,193,167,1.1,25.2,80,1
891,41,162,121,77,1.7,21.0,79,1
892,50,173,231,77,4.6,26.5,83,1
893,77,143,332,155,3.3,25.6,89,1
894,53,176,254,198,4.3,36.4,113,1
895,51,133,193,188,0.2,19.1,120,0
896,79,127,271,120,0.5,39.4,139,1
897,50,146,245,108,2.9,27.4,126,1
898,61,165,167,111,1.2,29.1,101,1
899,71,115,144,144,4.8,26.9,195,1
900,52,182,150,133,3.3,38.8,71,1
901,47,136,280,153,2.7,30.7,215,1
902,75,177,191,194,5.3,23.1,156,1
903,78,100,313,82,4.2,24.3,216,1
904,47,183,138,92,1.6,21.7,209,1
905,53,123,172,87,5.5,31.4,82,1
906,48,118,122,159,3.1,20.3,145,1
907,31,164,227,151,2.3,31.3,71,1
908,66,96,145,157,2.1,18.8,142,1
909,61,104,348,74,1.2,33.8,179,1
910,79,104,225,196,4.0,26.9,168,1
911,44,189,204,134,1.3,33.3,154,1
912,77,180,287,192,1.2,34.9,137,1
913,69,169,278,122,1.9,18.2,159,1
914,66,186,339,78,3.2,38.1,97,1
915,64,158,345,179,1.1,27.8,178,1
916,77,147,197,144,5.6,24.1,102,1
917,36,145,224,170,5.6,22.5,190,1
918,44,127,262,74,2.4,23.3,79,1
919,41,93,214,149,4.3,39.5,167,1
920,65,156,128,130,5.1,34.3,132,1
921,63,167,123,162,3.6,27.8,97,1
922,71,169,195,185,1.8,28.4,165,1
923,55,106,231,160,5.2,30.7,159,1
924,78,151,157,128,2.5,29.1,199,1
925,78,177,245,180,5.9,27.3,167,1
926,53,138,243,149,3.2,33.8,96,1
927,33,169,311,182,0.5,37.0,193,1
928,78,165,174,125,4.4,37.2,156,1
929,49,168,270,85,3.1,24.4,106,1
930,42,108,277,114,1.2,20.8,169,1
931,49,141,138,178,1.2,18.2,186,1
932,33,123,313,138,0.0,28.0,110,1
933,42,158,241,79,4.3,39.6,218,1
934,37,154,211,182,1.7,22.1,118,1
935,38,106,188,127,0.8,28.3,109,0
936,67,132,182,119,0.1,34.8,166,1
937,58,132,296,105,2.9,26.6,75,1
938,30,160,305,90,5.7,19.3,185,1
939,49,143,144,74,0.9,30.8,126,1
940,58,108,247,166,6.0,19.2,90,1
941,64,129,186,196,2.1,19.4,178,1
942,63,174,303,181,5.7,25.4,156,1
943,38,170,185,88,5.7,20.0,111,1
944,71,148,139,142,0.1,23.7,132,1
945,65,108,136,138,6.0,24.3,150,1
946,68,125,287,98,1.4,30.0,83,1
947,34,107,289,126,4.0,20.9,99,1
948,53,164,218,92,2.3,25.6,78,1
949,44,117,271,96,2.1,35.8,134,1
950,50,138,228,198,1.4,21.2,165,1
951,68,175,265,181,5.8,30.6,87,1
952,68,138,340,151,5.2,30.8,140,1
953,65,107,157,104,3.3,29.3,73,1
954,68,173,311,92,0.7,23.1,124,1
955,33,168,207,70,4.5,19.1,175,1
956,34,139,161,171,4.6,29.3,143,1
957,44,183,227,191,4.7,26.9,110,1
958,60,123,317,114,4.4,22.6,113,1
959,44,167,189,170,2.8,22.8,155,1
960,39,140,186,145,2.9,22.8,82,1
961,31,93,257,157,1.4,22.7,138,1
962,61,163,256,90,2.3,39.5,72,1
963,33,129,295,123,2.2,23.9,109,1
964,42,157,165,147,0.1,32.2,168,1
965,46,91,196,135,2.0,33.3,91,1
966,76,144,186,138,4.2,39.7,110,1
967,74,101,132,189,2.7,26.7,187,1
968,45,134,154,72,1.6,29.4,195,1
969,36,145,257,175,4.3,27.8,100,1
970,40,160,185,139,1.1,29.1,209,1
971,36,128,264,114,5.2,33.6,160,1
972,75,159,285,199,5.4,31.8,148,1
973,78,182,191,118,3.9,28.1,202,1
974,68,107,285,187,0.5,27.6,133,1
975,39,168,289,192,4.1,35.5,85,1
976,67,124,217,71,3.2,28.3,128,1
977,34,181,300,114,4.5,32.1,163,1
978,74,116,273,197,2.7,37.8,107,1
979,34,176,339,122,5.0,33.6,164,1
980,48,98,183,162,5.1,21.8,108,1
981,33,92,183,98,5.6,18.5,90,1
982,68,184,221,115,0.1,20.0,180,1
983,47,154,310,168,3.2,23.6,198,1
984,54,132,349,153,0.2,26.0,195,1
985,73,153,321,138,5.1,28.2,79,1
986,79,165,283,154,0.4,39.4,200,1
987,39,94,337,159,4.3,23.9,141,1
988,34,104,242,70,0.1,21.1,116,1
989,60,102,239,124,3.0,37.1,159,1
990,67,135,336,77,2.7,32.8,90,1
991,37,152,204,89,3.1,31.3,162,1
992,77,98,134,163,4.5,30.8,149,1
993,65,173,228,187,2.4,38.9,162,1
994,45,117,295,83,6.0,29.9,160,1
995,53,166,209,98,4.4,31.8,141,1
996,52,182,252,111,1.2,25.8,96,1
997,75,155,144,142,5.2,39.2,143,1
998,71,141,272,194,4.9,30.7,139,1
999,31,147,201,156,4.9,32.8,217,1
1000,68,113,231,134,0.1,27.5,186,1
