HospitalID,HospitalName,City,HospitalType,DistanceKM,Rating,AvailableBeds,EmergencyAvailable,ConsultationFee
1,Hospital_1,Mumbai,Orthopedic,6.31,2.7,283,Yes,464
2,Hospital_2,Nashik,Children,10.37,4.9,500,Yes,403
3,Hospital_3,Kolhapur,Orthopedic,6.06,3.4,456,Yes,1638
4,Hospital_4,Mumbai,Multi-Speciality,2.58,3.9,362,Yes,592
5,Hospital_5,Mumbai,General,13.87,3.7,199,No,1930
6,Hospital_6,Aurangabad,General,8.81,4.8,167,No,1659
7,Hospital_7,Aurangabad,Multi-Speciality,0.62,2.7,217,Yes,1120
8,Hospital_8,Nashik,Children,24.78,4.3,126,No,1430
9,Hospital_9,Thane,Multi-Speciality,18.43,3.3,477,Yes,812
10,Hospital_10,Thane,Emergency,17.01,2.8,150,Yes,1169
11,Hospital_11,Thane,Emergency,22.82,3.5,278,No,868
12,Hospital_12,Nashik,Emergency,14.99,4.4,468,No,1367
13,Hospital_13,Thane,Emergency,19.21,2.7,485,No,771
14,Hospital_14,Pune,Multi-Speciality,11.85,4.0,70,No,1974
15,Hospital_15,Nagpur,Orthopedic,1.12,4.5,189,Yes,1500
16,Hospital_16,Pune,Emergency,13.56,2.7,253,No,1027
17,Hospital_17,Pune,Children,8.08,3.5,59,No,387
18,Hospital_18,Kolhapur,Emergency,19.94,3.6,1,Yes,411
19,Hospital_19,Aurangabad,Orthopedic,13.31,2.7,415,Yes,1728
20,Hospital_20,Mumbai,Children,24.8,4.7,58,No,211
21,Hospital_21,Kolhapur,Cardiac,10.58,4.3,267,No,695
22,Hospital_22,Pune,Multi-Speciality,20.05,2.6,454,Yes,989
23,Hospital_23,Mumbai,Multi-Speciality,12.42,3.9,358,Yes,1200
24,Hospital_24,Mumbai,Emergency,24.92,4.0,263,No,1967
25,Hospital_25,Aurangabad,Emergency,17.19,4.3,7,Yes,1794
26,Hospital_26,Kolhapur,Orthopedic,10.08,4.3,483,No,1154
27,Hospital_27,Aurangabad,Children,21.1,4.6,435,No,1391
28,Hospital_28,Aurangabad,General,20.21,4.5,233,No,658
29,Hospital_29,Aurangabad,Orthopedic,22.35,2.9,119,No,1651
30,Hospital_30,Mumbai,Multi-Speciality,24.6,2.8,230,No,806
31,Hospital_31,Mumbai,General,16.49,5.0,21,No,208
32,Hospital_32,Mumbai,Cardiac,13.26,3.4,138,Yes,377
33,Hospital_33,Nagpur,General,15.82,3.6,185,No,1940
34,Hospital_34,Thane,General,15.02,2.5,486,No,219
35,Hospital_35,Kolhapur,Orthopedic,5.17,4.2,31,No,1514
36,Hospital_36,Pune,Orthopedic,15.81,3.3,263,No,587
37,Hospital_37,Kolhapur,Multi-Speciality,1.32,4.3,406,Yes,1787
38,Hospital_38,Nashik,Cardiac,5.1,3.7,499,Yes,1274
39,Hospital_39,Kolhapur,General,7.84,3.2,378,No,1884
40,Hospital_40,Mumbai,Children,18.94,4.2,231,No,571
41,Hospital_41,Mumbai,Cardiac,10.14,4.2,314,Yes,1380
42,Hospital_42,Aurangabad,Multi-Speciality,1.34,4.1,401,No,327
43,Hospital_43,Aurangabad,Emergency,3.15,2.9,163,Yes,313
44,Hospital_44,Nagpur,General,12.32,2.7,18,No,288
45,Hospital_45,Pune,Emergency,23.44,3.8,139,Yes,566
46,Hospital_46,Mumbai,Multi-Speciality,6.66,2.9,107,Yes,224
47,Hospital_47,Kolhapur,Children,10.34,3.1,73,Yes,1736
48,Hospital_48,Nagpur,Multi-Speciality,19.31,4.4,409,No,1311
49,Hospital_49,Nagpur,General,13.42,4.9,196,No,1746
50,Hospital_50,Pune,General,11.11,4.4,412,Yes,1041
51,Hospital_51,Kolhapur,Children,13.67,3.5,437,Yes,1975
52,Hospital_52,Kolhapur,Orthopedic,6.74,3.5,432,No,709
53,Hospital_53,Kolhapur,Orthopedic,11.76,4.8,33,No,768
54,Hospital_54,Aurangabad,General,10.27,5.0,145,No,504
55,Hospital_55,Mumbai,Cardiac,12.88,4.3,344,No,1497
56,Hospital_56,Mumbai,General,11.22,3.0,193,No,242
57,Hospital_57,Aurangabad,General,22.36,4.3,13,Yes,273
58,Hospital_58,Mumbai,Multi-Speciality,22.62,4.2,225,Yes,456
59,Hospital_59,Mumbai,Children,2.54,3.3,371,Yes,221
60,Hospital_60,Nashik,Children,11.68,2.7,118,Yes,1558
61,Hospital_61,Nagpur,Multi-Speciality,2.38,3.8,346,No,1178
62,Hospital_62,Thane,Children,6.68,2.9,130,Yes,823
63,Hospital_63,Pune,Orthopedic,21.37,3.5,56,No,1096
64,Hospital_64,Kolhapur,Multi-Speciality,13.9,2.9,288,Yes,265
65,Hospital_65,Aurangabad,Multi-Speciality,18.2,2.7,243,Yes,1204
66,Hospital_66,Aurangabad,Orthopedic,23.55,5.0,212,Yes,1730
67,Hospital_67,Aurangabad,Orthopedic,22.88,3.4,19,No,1364
68,Hospital_68,Pune,General,24.41,5.0,138,No,1106
69,Hospital_69,Pune,General,16.06,3.9,472,Yes,248
70,Hospital_70,Nagpur,General,1.1,2.6,231,Yes,1092
71,Hospital_71,Pune,General,20.31,4.5,257,No,1356
72,Hospital_72,Mumbai,General,24.96,4.2,409,No,965
73,Hospital_73,Aurangabad,Orthopedic,12.79,3.0,212,No,1760
74,Hospital_74,Thane,Emergency,6.41,4.8,227,Yes,1457
75,Hospital_75,Mumbai,Orthopedic,23.84,4.8,402,No,1953
76,Hospital_76,Pune,Children,13.77,3.0,299,No,1184
77,Hospital_77,Pune,General,19.79,3.1,430,No,1491
78,Hospital_78,Thane,Emergency,21.55,4.3,315,No,456
79,Hospital_79,Pune,Orthopedic,5.3,4.2,394,Yes,676
80,Hospital_80,Pune,Orthopedic,16.86,2.5,237,Yes,1292
81,Hospital_81,Mumbai,Orthopedic,10.4,4.9,221,No,1965
82,Hospital_82,Thane,Emergency,9.8,3.0,397,Yes,1212
83,Hospital_83,Kolhapur,Emergency,8.82,3.0,286,Yes,597
84,Hospital_84,Mumbai,Multi-Speciality,14.76,3.0,182,No,519
85,Hospital_85,Kolhapur,Emergency,17.31,4.5,192,Yes,705
86,Hospital_86,Thane,Cardiac,19.41,3.1,422,No,772
87,Hospital_87,Kolhapur,General,0.71,3.3,371,Yes,571
88,Hospital_88,Mumbai,Emergency,11.35,2.7,186,No,1052
89,Hospital_89,Aurangabad,General,16.24,4.0,47,Yes,1966
90,Hospital_90,Mumbai,General,4.09,4.0,441,No,335
91,Hospital_91,Thane,Multi-Speciality,3.37,4.7,73,Yes,1340
92,Hospital_92,Thane,Emergency,22.83,4.6,447,No,927
93,Hospital_93,Nagpur,Cardiac,0.65,3.8,279,Yes,539
94,Hospital_94,Nagpur,Multi-Speciality,15.5,4.1,371,Yes,1102
95,Hospital_95,Aurangabad,Cardiac,17.25,4.4,137,Yes,1746
96,Hospital_96,Mumbai,Orthopedic,18.79,2.7,191,No,1767
97,Hospital_97,Pune,Multi-Speciality,17.0,4.5,269,Yes,1450
98,Hospital_98,Kolhapur,Emergency,17.41,3.4,13,No,417
99,Hospital_99,Kolhapur,Orthopedic,6.14,3.2,395,Yes,568
100,Hospital_100,Aurangabad,Multi-Speciality,3.37,3.9,264,Yes,228
101,Hospital_101,Pune,Children,20.55,4.0,234,Yes,948
102,Hospital_102,Nashik,Multi-Speciality,18.66,3.9,412,Yes,1782
103,Hospital_103,Aurangabad,Children,14.63,4.9,286,Yes,1533
104,Hospital_104,Thane,Emergency,11.18,4.2,80,No,1611
105,Hospital_105,Thane,General,11.58,3.7,293,Yes,842
106,Hospital_106,Pune,Children,4.77,4.7,118,Yes,1805
107,Hospital_107,Kolhapur,Emergency,1.14,3.2,254,No,506
108,Hospital_108,Pune,Orthopedic,13.71,4.7,54,No,934
109,Hospital_109,Mumbai,Multi-Speciality,22.77,4.5,26,Yes,857
110,Hospital_110,Pune,Children,5.24,3.6,109,No,782
111,Hospital_111,Nashik,Multi-Speciality,2.31,4.3,135,Yes,1130
112,Hospital_112,Nagpur,Children,1.17,3.5,411,No,367
113,Hospital_113,Mumbai,Emergency,8.51,3.1,265,Yes,956
114,Hospital_114,Nagpur,Multi-Speciality,23.28,2.5,451,No,836
115,Hospital_115,Kolhapur,Emergency,14.25,3.1,160,No,305
116,Hospital_116,Nagpur,Cardiac,14.74,2.6,401,No,936
117,Hospital_117,Aurangabad,Orthopedic,17.98,4.4,341,Yes,870
118,Hospital_118,Nashik,Children,14.88,3.3,189,Yes,1609
119,Hospital_119,Thane,Cardiac,6.19,4.8,117,Yes,586
120,Hospital_120,Nashik,General,24.99,3.0,183,Yes,1054
121,Hospital_121,Nagpur,Emergency,2.61,4.5,239,No,1098
122,Hospital_122,Thane,General,1.24,4.3,222,Yes,861
123,Hospital_123,Pune,Orthopedic,13.11,3.0,450,Yes,1877
124,Hospital_124,Thane,General,10.67,4.2,87,No,1749
125,Hospital_125,Pune,Cardiac,20.84,3.2,56,Yes,504
126,Hospital_126,Nashik,General,17.98,3.3,256,No,566
127,Hospital_127,Pune,Orthopedic,17.47,2.5,264,Yes,696
128,Hospital_128,Pune,Orthopedic,16.61,4.8,25,No,1463
129,Hospital_129,Nagpur,Emergency,5.78,2.9,7,No,918
130,Hospital_130,Mumbai,Multi-Speciality,19.23,4.9,100,No,1242
131,Hospital_131,Nashik,Cardiac,18.9,3.1,290,Yes,1937
132,Hospital_132,Mumbai,Children,10.24,4.3,302,No,598
133,Hospital_133,Pune,Children,24.91,3.4,20,No,1291
134,Hospital_134,Mumbai,General,16.84,3.5,118,Yes,1022
135,Hospital_135,Nagpur,Emergency,8.9,2.5,373,No,1261
136,Hospital_136,Thane,Cardiac,6.29,3.2,406,Yes,1262
137,Hospital_137,Pune,Orthopedic,6.25,4.5,183,Yes,1761
138,Hospital_138,Pune,Multi-Speciality,1.36,4.9,100,Yes,1102
139,Hospital_139,Mumbai,Multi-Speciality,20.73,4.2,89,Yes,1562
140,Hospital_140,Thane,Emergency,10.41,3.7,441,No,218
141,Hospital_141,Mumbai,Children,16.23,4.5,478,No,879
142,Hospital_142,Nashik,Orthopedic,9.6,4.4,374,Yes,932
143,Hospital_143,Nagpur,Cardiac,14.27,3.7,466,No,1215
144,Hospital_144,Mumbai,Cardiac,17.21,3.0,5,No,1127
145,Hospital_145,Aurangabad,Emergency,6.93,3.7,377,No,1143
146,Hospital_146,Nashik,Cardiac,5.68,5.0,117,No,886
147,Hospital_147,Nashik,Orthopedic,14.26,4.4,193,Yes,1486
148,Hospital_148,Nashik,Orthopedic,8.51,2.6,384,Yes,1555
149,Hospital_149,Thane,Cardiac,2.68,4.1,87,Yes,1436
150,Hospital_150,Nashik,Orthopedic,4.14,4.9,217,Yes,351
151,Hospital_151,Pune,Emergency,18.29,2.8,148,No,674
152,Hospital_152,Nashik,Emergency,9.84,2.8,452,No,286
153,Hospital_153,Aurangabad,Emergency,3.29,3.9,100,No,1398
154,Hospital_154,Pune,Multi-Speciality,6.99,4.6,279,Yes,927
155,Hospital_155,Thane,Emergency,21.49,4.7,272,No,261
156,Hospital_156,Pune,Children,12.32,5.0,187,Yes,1679
157,Hospital_157,Aurangabad,General,13.04,4.3,244,Yes,1018
158,Hospital_158,Thane,General,13.48,4.1,469,No,493
159,Hospital_159,Mumbai,Multi-Speciality,13.79,4.7,105,Yes,1864
160,Hospital_160,Nashik,Children,22.22,3.4,168,No,603
161,Hospital_161,Thane,General,0.82,4.8,14,Yes,1640
162,Hospital_162,Nashik,Children,11.62,3.7,125,No,1696
163,Hospital_163,Thane,General,14.97,4.8,377,Yes,1933
164,Hospital_164,Nagpur,Emergency,18.88,4.9,381,Yes,295
165,Hospital_165,Kolhapur,General,5.81,3.7,125,Yes,439
166,Hospital_166,Aurangabad,Multi-Speciality,4.36,4.0,195,No,1197
167,Hospital_167,Nagpur,General,1.58,4.0,451,Yes,662
168,Hospital_168,Kolhapur,Children,8.92,2.9,162,Yes,1666
169,Hospital_169,Nashik,Orthopedic,11.53,3.9,438,Yes,882
170,Hospital_170,Pune,General,6.31,4.7,256,Yes,831
171,Hospital_171,Nagpur,General,8.18,2.6,39,No,1944
172,Hospital_172,Aurangabad,Multi-Speciality,20.46,3.8,284,Yes,1576
173,Hospital_173,Thane,Multi-Speciality,9.33,3.6,154,No,1373
174,Hospital_174,Pune,General,22.31,4.0,112,No,1748
175,Hospital_175,Kolhapur,Children,3.79,4.7,478,Yes,1332
176,Hospital_176,Kolhapur,Multi-Speciality,7.26,3.8,275,Yes,608
177,Hospital_177,Kolhapur,Emergency,8.23,4.1,499,No,878
178,Hospital_178,Aurangabad,Cardiac,19.49,3.8,290,Yes,1540
179,Hospital_179,Mumbai,Cardiac,2.47,2.7,115,No,802
180,Hospital_180,Thane,Children,19.0,3.1,321,No,920
181,Hospital_181,Mumbai,Emergency,20.83,3.3,142,Yes,551
182,Hospital_182,Aurangabad,Emergency,6.81,4.9,349,No,380
183,Hospital_183,Thane,Cardiac,22.47,2.6,171,Yes,287
184,Hospital_184,Nashik,General,20.53,2.7,441,No,893
185,Hospital_185,Kolhapur,Emergency,11.27,3.5,305,No,984
186,Hospital_186,Mumbai,Multi-Speciality,15.81,3.4,461,No,601
187,Hospital_187,Thane,Emergency,8.09,4.7,65,No,810
188,Hospital_188,Thane,Multi-Speciality,7.25,4.0,271,Yes,805
189,Hospital_189,Thane,Emergency,17.88,3.9,235,Yes,1215
190,Hospital_190,Mumbai,Cardiac,2.41,2.6,7,Yes,708
191,Hospital_191,Thane,Cardiac,1.54,4.0,31,Yes,693
192,Hospital_192,Nashik,Cardiac,21.43,2.7,184,Yes,1265
193,Hospital_193,Thane,Cardiac,2.09,4.6,327,No,896
194,Hospital_194,Nashik,Emergency,2.04,3.1,46,Yes,1511
195,Hospital_195,Kolhapur,Cardiac,2.03,4.0,209,Yes,1601
196,Hospital_196,Nagpur,Orthopedic,5.41,4.4,312,No,487
197,Hospital_197,Nashik,Emergency,3.73,4.9,250,No,781
198,Hospital_198,Thane,Emergency,16.1,4.7,245,No,399
199,Hospital_199,Kolhapur,Cardiac,21.76,4.3,146,No,865
200,Hospital_200,Aurangabad,Orthopedic,4.06,2.8,239,No,1038
201,Hospital_201,Kolhapur,Multi-Speciality,7.83,2.7,4,No,523
202,Hospital_202,Nagpur,General,10.37,4.7,200,No,562
203,Hospital_203,Thane,General,13.3,4.1,430,No,807
204,Hospital_204,Nagpur,Cardiac,12.4,4.6,418,No,1652
205,Hospital_205,Thane,General,14.51,4.9,247,Yes,794
206,Hospital_206,Aurangabad,Emergency,14.79,3.4,210,Yes,549
207,Hospital_207,Thane,Cardiac,2.44,4.4,298,No,1465
208,Hospital_208,Pune,Multi-Speciality,10.52,3.5,195,Yes,368
209,Hospital_209,Thane,General,8.93,3.1,232,Yes,1284
210,Hospital_210,Mumbai,Multi-Speciality,14.51,3.8,455,No,635
211,Hospital_211,Mumbai,Orthopedic,20.09,3.2,225,No,1089
212,Hospital_212,Aurangabad,Emergency,15.75,2.9,474,No,415
213,Hospital_213,Aurangabad,Multi-Speciality,12.93,3.0,369,No,1897
214,Hospital_214,Pune,Multi-Speciality,5.34,3.6,470,Yes,1397
215,Hospital_215,Aurangabad,Emergency,9.4,3.6,199,No,1330
216,Hospital_216,Kolhapur,Orthopedic,9.67,3.3,386,Yes,1826
217,Hospital_217,Aurangabad,General,2.42,3.3,335,Yes,1743
218,Hospital_218,Kolhapur,Multi-Speciality,23.87,3.1,457,Yes,556
219,Hospital_219,Nashik,Multi-Speciality,23.7,3.6,145,No,600
220,Hospital_220,Thane,Multi-Speciality,9.04,2.6,267,No,1909
221,Hospital_221,Thane,Orthopedic,1.21,4.3,173,No,1522
222,Hospital_222,Mumbai,General,12.39,3.5,405,No,1849
223,Hospital_223,Nagpur,Cardiac,12.82,3.4,136,No,235
224,Hospital_224,Mumbai,Multi-Speciality,2.64,3.4,112,Yes,761
225,Hospital_225,Aurangabad,Emergency,8.72,4.0,108,Yes,278
226,Hospital_226,Pune,General,12.8,3.2,376,No,1937
227,Hospital_227,Nagpur,General,7.34,4.4,153,Yes,469
228,Hospital_228,Aurangabad,Cardiac,15.18,3.5,14,No,363
229,Hospital_229,Nagpur,Cardiac,20.85,3.2,75,Yes,386
230,Hospital_230,Thane,Orthopedic,2.1,3.9,492,No,453
231,Hospital_231,Kolhapur,Emergency,24.86,3.8,489,No,1422
232,Hospital_232,Kolhapur,Orthopedic,6.94,3.1,25,Yes,1730
233,Hospital_233,Mumbai,Cardiac,11.2,4.9,286,Yes,356
234,Hospital_234,Pune,Cardiac,9.56,4.3,133,No,1598
235,Hospital_235,Thane,Orthopedic,10.3,4.9,393,Yes,1412
236,Hospital_236,Nagpur,Orthopedic,19.88,4.0,438,No,1639
237,Hospital_237,Kolhapur,Children,2.14,4.9,133,Yes,1885
238,Hospital_238,Pune,Emergency,4.31,2.5,404,No,580
239,Hospital_239,Nashik,Multi-Speciality,22.24,4.3,73,No,642
240,Hospital_240,Nagpur,Multi-Speciality,7.28,4.0,288,Yes,380
241,Hospital_241,Nashik,Emergency,13.92,4.3,67,No,1529
242,Hospital_242,Aurangabad,Children,4.14,3.2,318,Yes,1245
243,Hospital_243,Kolhapur,Multi-Speciality,3.34,4.5,221,No,641
244,Hospital_244,Pune,Multi-Speciality,2.4,3.5,389,No,429
245,Hospital_245,Kolhapur,Children,22.34,3.0,11,No,1780
246,Hospital_246,Nagpur,Multi-Speciality,9.65,3.0,471,Yes,776
247,Hospital_247,Aurangabad,Orthopedic,15.31,3.3,351,Yes,1014
248,Hospital_248,Aurangabad,Children,23.76,4.3,250,No,1220
249,Hospital_249,Thane,General,22.66,3.3,277,Yes,1923
250,Hospital_250,Nagpur,General,23.53,2.6,159,No,452
251,Hospital_251,Thane,Orthopedic,11.26,2.9,295,No,1595
252,Hospital_252,Pune,Emergency,1.64,2.8,240,No,1913
253,Hospital_253,Nagpur,Children,18.32,4.9,214,Yes,1571
254,Hospital_254,Pune,Emergency,12.08,4.9,327,Yes,663
255,Hospital_255,Kolhapur,General,10.03,3.2,83,Yes,282
256,Hospital_256,Mumbai,Cardiac,1.11,3.5,156,Yes,1787
257,Hospital_257,Kolhapur,General,12.83,4.8,339,No,686
258,Hospital_258,Nashik,Multi-Speciality,23.61,3.2,353,Yes,1054
259,Hospital_259,Mumbai,Orthopedic,22.81,3.9,328,Yes,673
260,Hospital_260,Thane,Cardiac,9.41,3.7,238,No,1487
261,Hospital_261,Pune,Orthopedic,4.87,3.5,133,Yes,1825
262,Hospital_262,Nagpur,General,7.54,3.5,459,Yes,919
263,Hospital_263,Nagpur,Orthopedic,9.26,3.5,171,No,1169
264,Hospital_264,Aurangabad,General,18.21,3.9,478,No,1231
265,Hospital_265,Nashik,Cardiac,22.13,4.8,157,Yes,271
266,Hospital_266,Kolhapur,Children,9.33,3.1,229,No,1386
267,Hospital_267,Mumbai,Children,23.59,3.6,246,Yes,1388
268,Hospital_268,Kolhapur,General,20.62,4.6,151,No,1707
269,Hospital_269,Nashik,Orthopedic,4.76,3.2,250,Yes,1366
270,Hospital_270,Kolhapur,Children,10.96,3.2,351,No,507
271,Hospital_271,Pune,Children,6.41,2.7,427,No,1980
272,Hospital_272,Nagpur,Multi-Speciality,7.02,4.4,347,No,1827
273,Hospital_273,Pune,Orthopedic,16.73,2.8,7,No,735
274,Hospital_274,Nashik,General,16.57,2.6,82,Yes,1317
275,Hospital_275,Kolhapur,Cardiac,18.29,3.7,189,No,1636
276,Hospital_276,Pune,Orthopedic,8.11,3.2,302,No,970
277,Hospital_277,Pune,General,11.85,3.3,368,Yes,387
278,Hospital_278,Nashik,Emergency,16.56,3.0,325,Yes,504
279,Hospital_279,Kolhapur,General,21.01,4.7,263,No,770
280,Hospital_280,Nashik,General,6.29,3.9,361,No,829
281,Hospital_281,Pune,Orthopedic,2.63,4.9,272,No,757
282,Hospital_282,Aurangabad,Orthopedic,10.89,2.7,183,No,776
283,Hospital_283,Aurangabad,Multi-Speciality,2.31,2.9,158,No,244
284,Hospital_284,Aurangabad,Orthopedic,8.01,4.6,446,Yes,1302
285,Hospital_285,Aurangabad,General,0.87,4.7,56,Yes,939
286,Hospital_286,Nashik,Multi-Speciality,24.52,2.7,314,Yes,454
287,Hospital_287,Pune,General,9.47,4.8,394,No,1329
288,Hospital_288,Aurangabad,Orthopedic,23.34,3.8,153,No,1713
289,Hospital_289,Pune,Children,21.91,3.5,299,Yes,315
290,Hospital_290,Nashik,Orthopedic,23.78,2.7,135,Yes,1996
291,Hospital_291,Nagpur,Emergency,9.88,4.0,367,No,499
292,Hospital_292,Thane,Emergency,18.64,2.9,53,No,1627
293,Hospital_293,Pune,Cardiac,15.44,4.9,339,No,1254
294,Hospital_294,Nagpur,Emergency,19.81,4.7,304,No,735
295,Hospital_295,Pune,General,0.51,3.9,297,No,454
296,Hospital_296,Thane,General,20.39,4.0,458,No,1884
297,Hospital_297,Aurangabad,Children,10.51,4.5,454,Yes,1553
298,Hospital_298,Mumbai,General,20.36,4.1,356,Yes,1742
299,Hospital_299,Nashik,Children,11.76,3.9,355,Yes,1791
300,Hospital_300,Kolhapur,Emergency,14.07,4.2,120,No,1786
301,Hospital_301,Thane,General,8.46,3.8,378,Yes,1403
302,Hospital_302,Mumbai,Orthopedic,1.04,4.7,219,Yes,1089
303,Hospital_303,Kolhapur,Cardiac,24.85,2.5,367,Yes,1022
304,Hospital_304,Nashik,Multi-Speciality,18.06,4.7,71,No,706
305,Hospital_305,Nashik,Cardiac,14.2,2.7,142,Yes,1924
306,Hospital_306,Mumbai,Orthopedic,18.73,3.8,167,Yes,280
307,Hospital_307,Nagpur,Emergency,8.76,3.2,270,Yes,1114
308,Hospital_308,Thane,Emergency,10.95,3.6,92,No,852
309,Hospital_309,Mumbai,Cardiac,7.78,3.7,301,Yes,512
310,Hospital_310,Nashik,General,8.87,4.4,212,Yes,1226
311,Hospital_311,Pune,Multi-Speciality,10.19,4.8,74,No,551
312,Hospital_312,Nashik,Multi-Speciality,5.87,2.6,487,Yes,1818
313,Hospital_313,Kolhapur,Multi-Speciality,2.07,4.1,198,Yes,1308
314,Hospital_314,Nashik,Orthopedic,8.79,2.9,80,No,1470
315,Hospital_315,Nashik,Orthopedic,19.01,4.6,190,No,574
316,Hospital_316,Kolhapur,Multi-Speciality,9.08,3.6,313,Yes,300
317,Hospital_317,Aurangabad,Emergency,4.83,4.9,81,No,1496
318,Hospital_318,Nashik,Orthopedic,13.31,2.8,458,No,1395
319,Hospital_319,Nagpur,General,19.33,4.5,241,Yes,1563
320,Hospital_320,Thane,Children,4.14,2.5,433,No,1362
321,Hospital_321,Mumbai,Orthopedic,15.65,3.1,477,Yes,943
322,Hospital_322,Mumbai,Children,19.37,4.9,463,No,713
323,Hospital_323,Nashik,Multi-Speciality,18.79,3.4,215,Yes,1516
324,Hospital_324,Mumbai,Cardiac,11.48,4.4,302,Yes,568
325,Hospital_325,Nagpur,Emergency,24.95,3.0,67,No,1207
326,Hospital_326,Kolhapur,Children,11.01,2.6,396,No,216
327,Hospital_327,Kolhapur,Children,11.93,3.6,331,No,257
328,Hospital_328,Nagpur,Multi-Speciality,18.16,3.5,443,No,1549
329,Hospital_329,Nashik,Children,5.81,2.9,147,No,1541
330,Hospital_330,Pune,Children,15.3,4.1,2,Yes,1577
331,Hospital_331,Thane,General,9.36,4.0,478,No,1193
332,Hospital_332,Pune,Multi-Speciality,3.35,4.2,250,No,1731
333,Hospital_333,Aurangabad,Multi-Speciality,23.77,4.9,104,Yes,1164
334,Hospital_334,Nagpur,Cardiac,6.32,2.9,138,No,553
335,Hospital_335,Nagpur,General,23.57,4.1,300,Yes,644
336,Hospital_336,Nashik,Emergency,22.38,4.9,322,No,1301
337,Hospital_337,Nagpur,General,4.31,3.2,370,Yes,1866
338,Hospital_338,Pune,Emergency,8.48,3.6,17,No,1678
339,Hospital_339,Aurangabad,General,23.64,3.2,150,No,1605
340,Hospital_340,Nashik,Emergency,24.1,3.1,358,Yes,718
341,Hospital_341,Kolhapur,Multi-Speciality,2.45,2.9,159,No,824
342,Hospital_342,Kolhapur,General,5.59,4.4,48,No,613
343,Hospital_343,Aurangabad,Multi-Speciality,10.97,3.3,365,Yes,351
344,Hospital_344,Pune,Children,4.02,4.4,462,No,1963
345,Hospital_345,Kolhapur,General,5.42,3.0,180,No,986
346,Hospital_346,Nashik,Emergency,7.61,3.4,301,Yes,1191
347,Hospital_347,Thane,Emergency,18.71,3.7,177,Yes,380
348,Hospital_348,Thane,Cardiac,4.0,4.7,233,Yes,920
349,Hospital_349,Thane,Children,0.81,3.4,260,Yes,305
350,Hospital_350,Nagpur,Children,2.25,3.7,242,No,692
351,Hospital_351,Nashik,Emergency,6.78,3.5,86,Yes,1047
352,Hospital_352,Mumbai,Cardiac,16.67,4.0,207,Yes,1914
353,Hospital_353,Aurangabad,Emergency,10.94,3.3,180,Yes,307
354,Hospital_354,Mumbai,Multi-Speciality,17.7,4.3,75,Yes,807
355,Hospital_355,Nashik,Cardiac,3.65,3.7,459,Yes,1623
356,Hospital_356,Aurangabad,Children,6.51,4.5,217,No,1247
357,Hospital_357,Nashik,Orthopedic,21.3,4.6,48,Yes,1252
358,Hospital_358,Pune,General,11.9,3.2,230,No,1357
359,Hospital_359,Nagpur,Children,17.35,4.7,336,No,1062
360,Hospital_360,Pune,General,23.22,4.9,1,No,627
361,Hospital_361,Mumbai,Multi-Speciality,5.4,4.9,157,No,744
362,Hospital_362,Thane,Cardiac,16.7,5.0,105,Yes,606
363,Hospital_363,Nashik,Cardiac,11.44,4.6,78,No,345
364,Hospital_364,Nashik,Cardiac,24.1,3.0,435,Yes,1221
365,Hospital_365,Pune,Orthopedic,23.2,4.2,453,Yes,1891
366,Hospital_366,Mumbai,General,11.73,3.3,33,No,350
367,Hospital_367,Mumbai,General,15.35,4.4,178,No,638
368,Hospital_368,Pune,General,15.0,3.2,23,No,1660
369,Hospital_369,Nagpur,Children,12.18,4.5,312,Yes,1110
370,Hospital_370,Thane,Children,9.12,4.9,339,No,1081
371,Hospital_371,Mumbai,Multi-Speciality,19.63,2.9,359,Yes,1612
372,Hospital_372,Kolhapur,Children,7.47,3.4,364,No,1237
373,Hospital_373,Nashik,Multi-Speciality,2.03,4.6,270,No,1855
374,Hospital_374,Mumbai,Children,12.01,4.3,294,Yes,245
375,Hospital_375,Thane,Cardiac,7.59,4.8,235,No,922
376,Hospital_376,Nashik,Cardiac,4.02,3.5,384,Yes,250
377,Hospital_377,Mumbai,Orthopedic,20.94,3.6,185,Yes,1258
378,Hospital_378,Thane,Multi-Speciality,1.89,4.6,227,Yes,349
379,Hospital_379,Nashik,Emergency,2.14,3.2,164,No,897
380,Hospital_380,Aurangabad,Cardiac,8.67,4.4,464,No,225
381,Hospital_381,Thane,Orthopedic,17.67,4.7,7,Yes,827
382,Hospital_382,Nashik,Children,20.82,3.0,267,Yes,1215
383,Hospital_383,Kolhapur,Cardiac,12.84,4.0,345,No,719
384,Hospital_384,Nagpur,Orthopedic,15.73,3.1,119,Yes,211
385,Hospital_385,Nagpur,Multi-Speciality,17.83,3.4,462,No,915
386,Hospital_386,Nashik,Orthopedic,2.56,4.2,144,Yes,519
387,Hospital_387,Mumbai,General,17.94,2.9,65,No,646
388,Hospital_388,Thane,Multi-Speciality,11.46,2.5,308,No,1119
389,Hospital_389,Pune,Orthopedic,7.71,4.9,458,Yes,412
390,Hospital_390,Kolhapur,Cardiac,7.18,3.0,363,No,928
391,Hospital_391,Kolhapur,Emergency,20.05,4.1,195,No,612
392,Hospital_392,Aurangabad,Orthopedic,1.66,2.5,176,No,301
393,Hospital_393,Mumbai,Emergency,11.48,3.3,460,Yes,950
394,Hospital_394,Pune,General,5.27,3.1,351,No,1764
395,Hospital_395,Kolhapur,Orthopedic,5.88,4.3,161,Yes,1609
396,Hospital_396,Thane,Emergency,4.55,3.0,267,No,1703
397,Hospital_397,Pune,Multi-Speciality,2.58,4.6,272,No,1987
398,Hospital_398,Aurangabad,Multi-Speciality,19.64,3.3,339,No,1729
399,Hospital_399,Nashik,Cardiac,23.05,3.9,261,No,324
400,Hospital_400,Kolhapur,Emergency,21.47,4.5,250,Yes,292
401,Hospital_401,Aurangabad,General,5.73,4.1,427,No,1922
402,Hospital_402,Thane,Cardiac,8.27,3.0,225,Yes,503
403,Hospital_403,Pune,Emergency,7.13,4.2,138,No,910
404,Hospital_404,Pune,Children,13.55,3.6,3,No,1693
405,Hospital_405,Nashik,Orthopedic,3.55,3.3,417,Yes,627
406,Hospital_406,Mumbai,Orthopedic,18.15,3.0,141,No,1462
407,Hospital_407,Aurangabad,Emergency,20.15,3.9,433,Yes,504
408,Hospital_408,Mumbai,General,6.16,4.0,283,No,814
409,Hospital_409,Nashik,Orthopedic,17.15,4.8,145,Yes,765
410,Hospital_410,Mumbai,Emergency,17.58,2.8,421,No,448
411,Hospital_411,Nashik,Cardiac,14.89,3.5,322,No,1293
412,Hospital_412,Pune,Orthopedic,8.83,4.4,246,Yes,1570
413,Hospital_413,Nagpur,Multi-Speciality,15.81,4.2,217,Yes,1602
414,Hospital_414,Aurangabad,Multi-Speciality,20.91,4.8,78,No,1273
415,Hospital_415,Thane,Multi-Speciality,1.52,3.5,258,Yes,1565
416,Hospital_416,Thane,Children,12.63,4.7,442,No,532
417,Hospital_417,Thane,General,16.8,4.1,101,Yes,564
418,Hospital_418,Mumbai,Cardiac,7.68,3.4,373,No,991
419,Hospital_419,Nashik,Emergency,4.87,3.3,439,No,1619
420,Hospital_420,Nashik,Children,1.51,2.7,198,No,261
421,Hospital_421,Thane,Cardiac,20.92,3.5,452,Yes,786
422,Hospital_422,Aurangabad,Multi-Speciality,5.93,3.4,443,Yes,324
423,Hospital_423,Aurangabad,Orthopedic,23.69,4.3,480,No,666
424,Hospital_424,Aurangabad,Cardiac,19.21,3.1,343,No,639
425,Hospital_425,Kolhapur,Orthopedic,3.24,4.3,460,Yes,684
426,Hospital_426,Nashik,Emergency,5.78,3.3,180,Yes,829
427,Hospital_427,Nashik,General,16.03,3.4,111,No,1358
428,Hospital_428,Kolhapur,Orthopedic,16.05,3.6,413,Yes,968
429,Hospital_429,Nashik,Children,7.54,4.9,318,No,1099
430,Hospital_430,Pune,General,24.35,2.7,156,Yes,700
431,Hospital_431,Kolhapur,General,10.11,4.0,201,Yes,1631
432,Hospital_432,Nashik,Emergency,4.4,4.2,45,Yes,1131
433,Hospital_433,Kolhapur,Multi-Speciality,21.55,2.9,87,Yes,1963
434,Hospital_434,Nagpur,Cardiac,17.6,3.2,112,No,457
435,Hospital_435,Thane,Children,4.81,3.6,187,Yes,454
436,Hospital_436,Nagpur,Children,6.7,2.8,332,No,839
437,Hospital_437,Thane,Children,13.76,2.9,110,No,1048
438,Hospital_438,Pune,General,3.92,4.4,383,Yes,1519
439,Hospital_439,Kolhapur,Orthopedic,18.31,4.4,367,No,1434
440,Hospital_440,Thane,Emergency,16.32,3.7,111,No,1061
441,Hospital_441,Pune,Orthopedic,15.66,4.5,299,Yes,1692
442,Hospital_442,Nashik,Multi-Speciality,18.45,4.8,312,No,898
443,Hospital_443,Thane,Orthopedic,11.51,4.9,449,No,795
444,Hospital_444,Mumbai,Cardiac,10.01,3.8,65,No,1836
445,Hospital_445,Thane,Emergency,16.65,3.5,294,Yes,1161
446,Hospital_446,Thane,Children,12.42,4.7,404,No,1650
447,Hospital_447,Aurangabad,Emergency,1.3,4.3,64,Yes,1456
448,Hospital_448,Mumbai,General,19.26,3.2,389,Yes,1277
449,Hospital_449,Pune,Cardiac,2.49,3.8,277,No,977
450,Hospital_450,Pune,Multi-Speciality,15.57,4.5,479,Yes,1499
451,Hospital_451,Nagpur,Cardiac,18.45,3.3,220,Yes,377
452,Hospital_452,Aurangabad,Cardiac,3.68,3.2,157,No,303
453,Hospital_453,Pune,Cardiac,17.52,2.9,198,No,497
454,Hospital_454,Nagpur,Emergency,13.56,3.6,485,Yes,225
455,Hospital_455,Nashik,Cardiac,7.59,3.8,302,No,236
456,Hospital_456,Kolhapur,Emergency,21.17,3.6,34,No,1827
457,Hospital_457,Pune,Children,19.58,3.7,449,No,1982
458,Hospital_458,Nagpur,Multi-Speciality,14.03,3.7,168,No,1937
459,Hospital_459,Pune,Multi-Speciality,4.95,3.4,133,No,1680
460,Hospital_460,Kolhapur,General,11.31,3.4,394,No,562
461,Hospital_461,Thane,Orthopedic,0.69,2.6,119,No,1700
462,Hospital_462,Kolhapur,Children,22.24,2.6,168,Yes,436
463,Hospital_463,Pune,Cardiac,3.96,4.5,50,No,888
464,Hospital_464,Kolhapur,Cardiac,2.31,4.7,479,Yes,1538
465,Hospital_465,Thane,Emergency,20.24,4.3,163,Yes,950
466,Hospital_466,Nashik,Orthopedic,1.79,4.6,31,Yes,731
467,Hospital_467,Mumbai,Emergency,11.49,3.7,210,No,1711
468,Hospital_468,Nagpur,Orthopedic,19.81,3.4,266,No,748
469,Hospital_469,Thane,Children,6.55,3.1,485,No,1605
470,Hospital_470,Aurangabad,Emergency,23.13,3.7,421,No,496
471,Hospital_471,Nagpur,General,20.84,4.4,46,Yes,1043
472,Hospital_472,Kolhapur,Multi-Speciality,16.49,3.5,314,Yes,1007
473,Hospital_473,Mumbai,Orthopedic,11.13,2.7,286,Yes,878
474,Hospital_474,Pune,Emergency,23.86,3.5,138,Yes,1105
475,Hospital_475,Nashik,Children,8.06,4.7,139,No,1869
476,Hospital_476,Kolhapur,Cardiac,21.85,4.0,255,Yes,330
477,Hospital_477,Nashik,Orthopedic,5.17,4.8,186,Yes,1900
478,Hospital_478,Thane,Orthopedic,21.16,3.6,215,No,322
479,Hospital_479,Mumbai,Children,14.08,2.8,112,No,1019
480,Hospital_480,Kolhapur,General,5.73,4.1,422,No,1694
481,Hospital_481,Thane,Cardiac,5.16,4.1,414,Yes,1177
482,Hospital_482,Nagpur,Multi-Speciality,1.73,3.4,163,Yes,447
483,Hospital_483,Pune,Multi-Speciality,1.81,3.2,350,Yes,1420
484,Hospital_484,Kolhapur,Orthopedic,23.58,3.5,319,No,1150
485,Hospital_485,Thane,Cardiac,9.91,3.1,99,Yes,1782
486,Hospital_486,Nagpur,Emergency,4.76,3.7,51,Yes,1422
487,Hospital_487,Mumbai,Cardiac,11.46,4.3,202,No,1095
488,Hospital_488,Mumbai,Orthopedic,19.64,4.4,23,Yes,261
489,Hospital_489,Pune,Children,9.39,4.4,312,Yes,1768
490,Hospital_490,Kolhapur,Multi-Speciality,18.75,4.9,32,Yes,1781
491,Hospital_491,Kolhapur,Children,7.42,3.8,271,No,1517
492,Hospital_492,Mumbai,Cardiac,12.34,4.4,226,No,781
493,Hospital_493,Nashik,Cardiac,7.57,3.7,282,Yes,1462
494,Hospital_494,Nagpur,Emergency,16.98,4.4,302,Yes,1796
495,Hospital_495,Mumbai,Children,18.24,2.7,417,Yes,901
496,Hospital_496,Mumbai,Cardiac,16.0,4.6,211,No,427
497,Hospital_497,Nagpur,Cardiac,16.87,3.1,181,No,1640
498,Hospital_498,Kolhapur,Emergency,16.89,3.1,434,No,1425
499,Hospital_499,Aurangabad,Orthopedic,3.76,2.8,237,No,1189
500,Hospital_500,Mumbai,Children,6.24,3.4,352,Yes,668
501,Hospital_501,Mumbai,Cardiac,19.45,3.1,175,Yes,499
502,Hospital_502,Aurangabad,Cardiac,4.52,3.5,314,Yes,725
503,Hospital_503,Pune,Orthopedic,15.43,4.7,153,Yes,1617
504,Hospital_504,Aurangabad,Children,24.32,3.7,338,Yes,1351
505,Hospital_505,Mumbai,Multi-Speciality,2.56,3.5,109,Yes,1998
506,Hospital_506,Nagpur,General,10.32,3.4,499,Yes,699
507,Hospital_507,Nagpur,Cardiac,10.81,4.1,51,Yes,1576
508,Hospital_508,Aurangabad,Cardiac,7.5,3.1,6,No,1975
509,Hospital_509,Pune,Emergency,9.93,4.5,353,Yes,284
510,Hospital_510,Pune,General,5.48,4.4,18,Yes,1844
511,Hospital_511,Nagpur,General,6.26,4.0,50,Yes,930
512,Hospital_512,Nagpur,Children,13.53,3.3,128,No,1759
513,Hospital_513,Kolhapur,Cardiac,15.47,4.6,140,Yes,1971
514,Hospital_514,Aurangabad,Emergency,15.28,4.8,348,No,1317
515,Hospital_515,Pune,Children,22.47,4.4,168,Yes,966
516,Hospital_516,Nashik,Cardiac,8.6,3.3,180,Yes,1426
517,Hospital_517,Pune,Emergency,17.74,3.3,59,Yes,1352
518,Hospital_518,Thane,Orthopedic,11.67,3.5,127,Yes,722
519,Hospital_519,Aurangabad,Cardiac,10.34,2.6,31,No,1150
520,Hospital_520,Kolhapur,Multi-Speciality,13.04,4.0,153,Yes,1458
521,Hospital_521,Thane,Children,2.23,3.9,33,No,238
522,Hospital_522,Aurangabad,General,18.53,2.8,297,No,1472
523,Hospital_523,Pune,General,15.25,3.0,393,No,1578
524,Hospital_524,Aurangabad,General,21.98,3.4,184,Yes,262
525,Hospital_525,Nashik,Emergency,24.95,4.8,158,Yes,481
526,Hospital_526,Kolhapur,Children,21.5,4.7,198,No,1503
527,Hospital_527,Thane,Emergency,2.79,4.3,176,No,1236
528,Hospital_528,Kolhapur,Cardiac,11.42,3.9,444,Yes,1700
529,Hospital_529,Mumbai,Emergency,2.12,4.9,32,No,1183
530,Hospital_530,Mumbai,Emergency,3.49,4.6,97,No,454
531,Hospital_531,Nagpur,Children,17.65,2.8,214,No,999
532,Hospital_532,Thane,Multi-Speciality,9.69,4.7,147,Yes,1966
533,Hospital_533,Mumbai,General,14.09,4.1,481,No,1868
534,Hospital_534,Nagpur,Multi-Speciality,18.25,3.9,0,No,994
535,Hospital_535,Nagpur,Multi-Speciality,17.5,4.5,37,Yes,994
536,Hospital_536,Mumbai,General,19.18,4.2,42,No,1841
537,Hospital_537,Kolhapur,General,4.52,4.0,153,No,1167
538,Hospital_538,Mumbai,Multi-Speciality,17.94,4.7,243,No,792
539,Hospital_539,Thane,Multi-Speciality,5.12,4.8,278,Yes,1820
540,Hospital_540,Nagpur,Emergency,7.72,2.6,400,No,1902
541,Hospital_541,Nagpur,Multi-Speciality,8.85,4.9,56,No,786
542,Hospital_542,Thane,Multi-Speciality,11.5,2.9,63,No,413
543,Hospital_543,Pune,General,12.43,4.9,244,Yes,1297
544,Hospital_544,Thane,Emergency,1.35,3.2,104,Yes,915
545,Hospital_545,Mumbai,Emergency,16.61,3.3,355,No,976
546,Hospital_546,Nashik,Children,22.39,4.3,446,Yes,1883
547,Hospital_547,Nashik,Children,8.62,3.8,139,Yes,604
548,Hospital_548,Mumbai,Multi-Speciality,13.35,4.5,274,Yes,1639
549,Hospital_549,Thane,Emergency,13.19,3.3,183,Yes,798
550,Hospital_550,Mumbai,Orthopedic,5.57,3.6,37,No,1835
551,Hospital_551,Pune,Cardiac,17.39,3.5,287,No,480
552,Hospital_552,Nagpur,Children,9.73,2.8,363,Yes,987
553,Hospital_553,Nashik,General,24.23,4.2,415,Yes,1068
554,Hospital_554,Kolhapur,Orthopedic,6.97,4.6,23,No,451
555,Hospital_555,Pune,General,8.74,4.2,421,Yes,298
556,Hospital_556,Nagpur,Multi-Speciality,10.48,3.2,241,Yes,1883
557,Hospital_557,Pune,Orthopedic,4.15,3.5,460,No,753
558,Hospital_558,Thane,Orthopedic,5.78,2.7,374,No,783
559,Hospital_559,Aurangabad,General,9.38,4.9,285,Yes,408
560,Hospital_560,Aurangabad,Emergency,14.67,2.9,78,No,1677
561,Hospital_561,Kolhapur,Orthopedic,1.33,3.1,214,No,641
562,Hospital_562,Pune,Orthopedic,4.8,3.9,27,No,1080
563,Hospital_563,Kolhapur,Cardiac,1.41,3.3,448,No,1509
564,Hospital_564,Kolhapur,Orthopedic,13.72,3.1,374,Yes,1677
565,Hospital_565,Kolhapur,Cardiac,17.56,3.4,192,No,335
566,Hospital_566,Nagpur,Multi-Speciality,1.43,2.8,127,Yes,1515
567,Hospital_567,Thane,Emergency,1.13,4.9,348,No,1604
568,Hospital_568,Kolhapur,General,2.4,4.5,4,No,265
569,Hospital_569,Pune,Orthopedic,13.05,4.2,84,Yes,784
570,Hospital_570,Aurangabad,Emergency,8.55,3.9,15,No,1743
571,Hospital_571,Nagpur,Orthopedic,10.04,4.0,91,No,968
572,Hospital_572,Aurangabad,Emergency,14.94,3.6,63,Yes,1563
573,Hospital_573,Nashik,Orthopedic,16.0,4.6,357,No,1895
574,Hospital_574,Nagpur,Children,5.9,4.3,293,No,1945
575,Hospital_575,Nagpur,Cardiac,14.59,3.2,173,Yes,921
576,Hospital_576,Nagpur,Orthopedic,5.68,4.5,325,Yes,1409
577,Hospital_577,Nagpur,Children,15.48,4.1,484,No,1996
578,Hospital_578,Aurangabad,General,8.15,4.6,166,No,1204
579,Hospital_579,Thane,Cardiac,19.95,2.6,442,No,1506
580,Hospital_580,Kolhapur,General,16.63,3.7,238,Yes,735
581,Hospital_581,Pune,General,6.79,3.1,329,No,1104
582,Hospital_582,Pune,Cardiac,5.86,3.2,332,No,266
583,Hospital_583,Nashik,Children,7.69,3.5,286,Yes,452
584,Hospital_584,Pune,Children,7.54,4.9,448,Yes,1863
585,Hospital_585,Nashik,Multi-Speciality,23.81,4.2,337,No,635
586,Hospital_586,Mumbai,Multi-Speciality,6.09,2.6,57,No,603
587,Hospital_587,Pune,Emergency,8.59,3.4,290,No,1532
588,Hospital_588,Mumbai,Multi-Speciality,2.77,2.7,161,No,1971
589,Hospital_589,Mumbai,Children,5.52,3.6,249,No,796
590,Hospital_590,Mumbai,Children,24.79,3.3,339,No,1836
591,Hospital_591,Thane,General,12.66,3.4,156,No,547
592,Hospital_592,Pune,Children,24.06,3.2,366,No,447
593,Hospital_593,Nashik,General,15.28,2.6,422,No,714
594,Hospital_594,Mumbai,Cardiac,12.72,3.0,206,Yes,496
595,Hospital_595,Mumbai,General,9.25,4.2,456,Yes,1439
596,Hospital_596,Nagpur,General,19.5,4.8,100,No,841
597,Hospital_597,Mumbai,Children,15.15,3.1,102,No,370
598,Hospital_598,Thane,Children,17.49,4.0,468,No,1632
599,Hospital_599,Aurangabad,Multi-Speciality,20.64,4.5,92,No,1350
600,Hospital_600,Nagpur,Emergency,7.46,4.2,274,No,1694
601,Hospital_601,Thane,Cardiac,6.56,3.5,365,No,1520
602,Hospital_602,Pune,Orthopedic,18.68,3.7,393,Yes,826
603,Hospital_603,Kolhapur,Emergency,23.11,2.8,12,Yes,1646
604,Hospital_604,Thane,Cardiac,13.74,2.9,159,No,518
605,Hospital_605,Nagpur,Orthopedic,9.37,5.0,83,No,1957
606,Hospital_606,Mumbai,Children,19.2,4.7,415,Yes,794
607,Hospital_607,Kolhapur,Children,22.07,4.8,430,No,636
608,Hospital_608,Nashik,Children,18.52,4.1,490,Yes,281
609,Hospital_609,Kolhapur,Cardiac,12.27,3.7,300,Yes,1828
610,Hospital_610,Nashik,Multi-Speciality,2.25,3.4,10,Yes,1298
611,Hospital_611,Thane,Children,11.33,3.5,250,No,1428
612,Hospital_612,Aurangabad,Children,14.02,3.1,96,Yes,1982
613,Hospital_613,Mumbai,Orthopedic,5.19,2.8,56,Yes,435
614,Hospital_614,Nagpur,Orthopedic,19.8,3.5,393,No,203
615,Hospital_615,Aurangabad,General,1.57,2.8,263,Yes,980
616,Hospital_616,Pune,Cardiac,22.85,4.9,214,No,677
617,Hospital_617,Thane,General,21.69,4.2,117,Yes,341
618,Hospital_618,Nagpur,General,17.66,2.9,272,No,1498
619,Hospital_619,Mumbai,General,10.55,4.2,411,No,648
620,Hospital_620,Aurangabad,Cardiac,0.54,3.4,52,Yes,1689
621,Hospital_621,Aurangabad,General,24.72,3.7,36,Yes,1695
622,Hospital_622,Kolhapur,Cardiac,6.37,4.2,216,Yes,958
623,Hospital_623,Aurangabad,Orthopedic,15.48,4.4,288,No,1753
624,Hospital_624,Mumbai,General,0.79,3.7,64,Yes,1307
625,Hospital_625,Kolhapur,Cardiac,19.55,3.0,247,Yes,284
626,Hospital_626,Pune,Cardiac,2.36,2.7,485,No,686
627,Hospital_627,Mumbai,General,9.56,4.0,375,Yes,1216
628,Hospital_628,Nashik,Cardiac,15.3,4.2,166,Yes,669
629,Hospital_629,Aurangabad,Cardiac,0.87,2.6,259,Yes,1794
630,Hospital_630,Thane,General,6.67,2.7,494,No,210
631,Hospital_631,Thane,Orthopedic,6.35,2.6,358,No,1061
632,Hospital_632,Pune,General,22.8,4.5,281,No,511
633,Hospital_633,Nagpur,General,2.38,3.2,260,No,1964
634,Hospital_634,Mumbai,Multi-Speciality,18.25,2.5,388,No,815
635,Hospital_635,Aurangabad,Cardiac,14.22,4.5,341,No,1325
636,Hospital_636,Nashik,Children,19.13,2.8,185,No,1385
637,Hospital_637,Pune,Multi-Speciality,22.28,4.8,191,Yes,1633
638,Hospital_638,Pune,Orthopedic,2.64,2.8,492,Yes,830
639,Hospital_639,Aurangabad,Multi-Speciality,7.25,4.8,191,No,679
640,Hospital_640,Nagpur,Children,4.27,4.5,98,Yes,1747
641,Hospital_641,Pune,Emergency,17.42,3.6,75,No,1146
642,Hospital_642,Nagpur,Orthopedic,3.61,2.5,311,Yes,1904
643,Hospital_643,Nagpur,Cardiac,4.49,3.4,171,No,529
644,Hospital_644,Aurangabad,General,18.03,4.0,197,No,696
645,Hospital_645,Kolhapur,Children,9.11,2.9,150,No,248
646,Hospital_646,Pune,General,2.81,3.3,425,Yes,800
647,Hospital_647,Aurangabad,Emergency,3.65,4.7,373,No,264
648,Hospital_648,Mumbai,Orthopedic,6.41,2.9,486,No,1946
649,Hospital_649,Kolhapur,Cardiac,13.22,2.7,294,Yes,1419
650,Hospital_650,Mumbai,Multi-Speciality,18.57,3.7,450,Yes,723
651,Hospital_651,Aurangabad,Children,15.27,4.4,109,No,580
652,Hospital_652,Nagpur,Orthopedic,14.24,4.1,233,Yes,1791
653,Hospital_653,Mumbai,Multi-Speciality,19.88,2.8,321,Yes,324
654,Hospital_654,Pune,Children,9.77,2.7,388,Yes,1928
655,Hospital_655,Aurangabad,Orthopedic,6.81,3.8,363,Yes,402
656,Hospital_656,Nashik,Multi-Speciality,12.47,3.6,157,No,205
657,Hospital_657,Nagpur,Children,13.35,3.9,406,Yes,1718
658,Hospital_658,Nagpur,Multi-Speciality,12.51,4.9,331,Yes,222
659,Hospital_659,Pune,General,18.88,4.3,213,Yes,1376
660,Hospital_660,Thane,Children,7.37,4.8,298,Yes,216
661,Hospital_661,Nagpur,Cardiac,21.38,3.1,129,No,1111
662,Hospital_662,Aurangabad,Orthopedic,4.56,3.1,291,No,1950
663,Hospital_663,Nagpur,Cardiac,13.93,3.6,159,No,1367
664,Hospital_664,Nagpur,Emergency,17.79,3.4,410,Yes,1893
665,Hospital_665,Kolhapur,Multi-Speciality,1.42,3.8,216,No,1890
666,Hospital_666,Nashik,Orthopedic,9.07,3.1,217,Yes,602
667,Hospital_667,Thane,Cardiac,18.78,2.7,97,Yes,1597
668,Hospital_668,Nashik,Cardiac,22.5,3.0,239,No,1843
669,Hospital_669,Nagpur,General,22.04,2.9,331,Yes,610
670,Hospital_670,Nashik,Emergency,16.82,4.7,319,Yes,1539
671,Hospital_671,Nashik,General,6.88,4.7,421,Yes,1805
672,Hospital_672,Mumbai,Multi-Speciality,14.85,4.2,390,No,1388
673,Hospital_673,Mumbai,Cardiac,9.72,3.7,12,Yes,423
674,Hospital_674,Kolhapur,General,5.55,3.1,154,Yes,738
675,Hospital_675,Aurangabad,Cardiac,3.1,3.1,423,Yes,246
676,Hospital_676,Nagpur,Cardiac,16.72,3.5,485,Yes,1247
677,Hospital_677,Pune,Children,23.89,3.0,269,No,1845
678,Hospital_678,Nagpur,Children,1.91,3.6,457,Yes,1777
679,Hospital_679,Aurangabad,General,0.76,3.7,110,No,663
680,Hospital_680,Nashik,Cardiac,16.7,3.1,154,Yes,1726
681,Hospital_681,Aurangabad,Multi-Speciality,13.9,2.7,203,Yes,507
682,Hospital_682,Aurangabad,Emergency,2.04,2.9,148,Yes,1432
683,Hospital_683,Aurangabad,Multi-Speciality,17.33,2.6,192,Yes,1336
684,Hospital_684,Aurangabad,Multi-Speciality,5.13,3.7,490,Yes,746
685,Hospital_685,Nagpur,Multi-Speciality,19.87,2.8,33,No,315
686,Hospital_686,Nashik,Emergency,17.72,3.3,362,Yes,230
687,Hospital_687,Nagpur,Multi-Speciality,13.91,3.4,420,Yes,1058
688,Hospital_688,Nashik,Cardiac,9.94,4.7,432,Yes,989
689,Hospital_689,Pune,General,23.4,4.3,130,Yes,942
690,Hospital_690,Thane,Emergency,16.9,2.7,470,No,1848
691,Hospital_691,Nagpur,Cardiac,10.57,5.0,166,Yes,900
692,Hospital_692,Mumbai,Emergency,4.57,3.0,399,Yes,974
693,Hospital_693,Nashik,General,20.29,3.8,89,No,550
694,Hospital_694,Kolhapur,Orthopedic,21.81,3.6,459,Yes,711
695,Hospital_695,Nashik,Orthopedic,1.25,4.3,367,Yes,494
696,Hospital_696,Kolhapur,Children,1.5,4.8,389,No,330
697,Hospital_697,Pune,General,4.67,4.1,195,No,1812
698,Hospital_698,Mumbai,Multi-Speciality,1.99,2.5,33,Yes,1965
699,Hospital_699,Thane,General,24.54,4.4,19,No,206
700,Hospital_700,Aurangabad,Orthopedic,19.63,4.3,146,Yes,543
701,Hospital_701,Kolhapur,Cardiac,23.75,3.2,464,Yes,536
702,Hospital_702,Aurangabad,Cardiac,7.0,2.8,105,No,1162
703,Hospital_703,Thane,General,4.39,4.0,267,No,809
704,Hospital_704,Thane,Children,23.58,3.3,324,No,613
705,Hospital_705,Aurangabad,Children,1.53,4.4,190,Yes,536
706,Hospital_706,Pune,Children,23.25,3.2,388,No,1823
707,Hospital_707,Pune,Cardiac,1.2,2.7,244,Yes,954
708,Hospital_708,Aurangabad,Cardiac,23.35,3.3,412,Yes,1231
709,Hospital_709,Mumbai,Children,2.77,2.9,165,Yes,1568
710,Hospital_710,Mumbai,Multi-Speciality,13.7,2.7,397,No,960
711,Hospital_711,Mumbai,Emergency,24.22,3.9,163,No,672
712,Hospital_712,Nagpur,Orthopedic,11.92,3.7,314,Yes,1411
713,Hospital_713,Kolhapur,Emergency,23.66,2.9,406,Yes,1399
714,Hospital_714,Aurangabad,Multi-Speciality,9.49,2.6,24,Yes,1209
715,Hospital_715,Mumbai,Emergency,12.52,4.4,207,Yes,1779
716,Hospital_716,Nashik,Multi-Speciality,22.05,3.2,440,No,1908
717,Hospital_717,Mumbai,Multi-Speciality,23.0,4.4,281,Yes,1406
718,Hospital_718,Aurangabad,Cardiac,11.3,3.1,281,Yes,1398
719,Hospital_719,Nashik,Children,19.86,3.1,7,Yes,1344
720,Hospital_720,Nashik,Children,18.06,4.6,200,No,1444
721,Hospital_721,Nashik,General,6.69,4.4,57,No,1513
722,Hospital_722,Kolhapur,Emergency,2.72,4.3,450,Yes,578
723,Hospital_723,Aurangabad,Orthopedic,21.45,4.1,106,No,591
724,Hospital_724,Nashik,Orthopedic,4.36,3.7,218,No,634
725,Hospital_725,Nashik,General,3.97,3.9,168,No,483
726,Hospital_726,Aurangabad,General,5.74,3.5,368,No,1950
727,Hospital_727,Thane,Emergency,9.53,3.7,491,Yes,377
728,Hospital_728,Kolhapur,Cardiac,9.3,3.1,63,No,1103
729,Hospital_729,Aurangabad,Emergency,9.61,4.5,394,Yes,808
730,Hospital_730,Aurangabad,Orthopedic,15.18,4.1,293,No,1299
731,Hospital_731,Nagpur,Cardiac,24.26,3.4,377,Yes,309
732,Hospital_732,Mumbai,Children,24.96,4.1,146,No,1901
733,Hospital_733,Nashik,Multi-Speciality,10.1,4.6,490,Yes,1187
734,Hospital_734,Kolhapur,Orthopedic,14.88,4.5,123,No,594
735,Hospital_735,Pune,General,18.1,3.6,96,Yes,1930
736,Hospital_736,Aurangabad,Multi-Speciality,13.88,4.6,142,Yes,1453
737,Hospital_737,Mumbai,Orthopedic,20.99,4.8,44,Yes,513
738,Hospital_738,Pune,General,17.1,3.5,395,No,1125
739,Hospital_739,Mumbai,Cardiac,7.17,3.3,81,Yes,1530
740,Hospital_740,Mumbai,Emergency,18.51,3.6,411,Yes,1824
741,Hospital_741,Kolhapur,Children,23.14,2.8,347,Yes,1901
742,Hospital_742,Thane,Multi-Speciality,2.96,3.3,118,Yes,825
743,Hospital_743,Aurangabad,Cardiac,5.54,4.1,42,No,290
744,Hospital_744,Nagpur,Multi-Speciality,7.95,4.1,364,Yes,1870
745,Hospital_745,Kolhapur,Orthopedic,1.32,3.9,37,No,292
746,Hospital_746,Aurangabad,Emergency,3.9,4.3,287,No,1224
747,Hospital_747,Mumbai,Emergency,24.76,4.9,158,No,1047
748,Hospital_748,Pune,General,8.95,4.5,276,Yes,1018
749,Hospital_749,Nashik,General,19.67,4.2,74,No,1975
750,Hospital_750,Nagpur,Multi-Speciality,15.78,4.5,75,Yes,308
751,Hospital_751,Aurangabad,Children,19.06,4.1,211,Yes,236
752,Hospital_752,Mumbai,Emergency,22.2,4.6,77,No,1602
753,Hospital_753,Nashik,Cardiac,7.52,3.4,55,Yes,1267
754,Hospital_754,Kolhapur,Multi-Speciality,24.14,3.8,336,Yes,1909
755,Hospital_755,Nashik,Children,18.79,3.9,200,Yes,938
756,Hospital_756,Nagpur,Cardiac,0.58,4.5,308,Yes,1393
757,Hospital_757,Pune,Orthopedic,18.02,3.3,490,No,1882
758,Hospital_758,Kolhapur,General,17.96,3.7,45,No,1574
759,Hospital_759,Nagpur,Orthopedic,16.96,4.9,181,No,1743
760,Hospital_760,Nagpur,Cardiac,6.82,4.4,159,Yes,465
761,Hospital_761,Mumbai,Orthopedic,17.13,4.5,254,Yes,974
762,Hospital_762,Pune,General,3.19,3.2,193,No,646
763,Hospital_763,Kolhapur,Emergency,8.52,3.9,147,No,1102
764,Hospital_764,Aurangabad,General,9.59,4.5,417,No,764
765,Hospital_765,Nagpur,Multi-Speciality,2.44,3.7,422,No,302
766,Hospital_766,Thane,Multi-Speciality,3.01,2.6,233,No,648
767,Hospital_767,Nashik,Emergency,18.89,3.9,232,Yes,702
768,Hospital_768,Kolhapur,Orthopedic,14.61,4.8,261,No,1343
769,Hospital_769,Pune,Emergency,11.8,2.6,30,Yes,243
770,Hospital_770,Thane,General,15.86,2.7,372,Yes,1927
771,Hospital_771,Pune,General,14.29,3.8,48,No,748
772,Hospital_772,Aurangabad,Children,18.95,4.2,197,No,578
773,Hospital_773,Pune,Orthopedic,9.17,3.0,168,No,1439
774,Hospital_774,Nashik,General,22.6,4.9,355,Yes,681
775,Hospital_775,Nashik,General,10.66,4.6,203,No,1273
776,Hospital_776,Aurangabad,Cardiac,12.38,3.7,196,No,1078
777,Hospital_777,Kolhapur,Emergency,14.86,3.6,381,Yes,1317
778,Hospital_778,Kolhapur,Cardiac,16.53,4.3,23,No,1313
779,Hospital_779,Nagpur,Multi-Speciality,17.92,3.4,462,Yes,1200
780,Hospital_780,Nagpur,Emergency,23.92,3.5,357,Yes,875
781,Hospital_781,Nagpur,Multi-Speciality,20.34,3.5,238,No,575
782,Hospital_782,Mumbai,Multi-Speciality,21.56,3.4,127,No,1432
783,Hospital_783,Mumbai,Children,1.74,4.4,299,Yes,1239
784,Hospital_784,Mumbai,Multi-Speciality,6.81,4.3,210,No,1842
785,Hospital_785,Mumbai,Orthopedic,23.99,3.3,280,Yes,1789
786,Hospital_786,Pune,Cardiac,18.47,3.9,303,Yes,982
787,Hospital_787,Thane,Children,7.17,4.2,31,No,986
788,Hospital_788,Nagpur,Multi-Speciality,2.52,4.1,31,No,1598
789,Hospital_789,Thane,Children,23.67,4.5,184,No,1042
790,Hospital_790,Kolhapur,Children,5.78,2.7,436,No,458
791,Hospital_791,Nagpur,Emergency,22.29,2.7,19,No,1688
792,Hospital_792,Thane,General,14.94,4.7,306,Yes,938
793,Hospital_793,Thane,Orthopedic,4.27,4.5,225,Yes,1629
794,Hospital_794,Thane,Children,23.12,3.1,161,No,853
795,Hospital_795,Nashik,Children,19.98,4.9,259,Yes,942
796,Hospital_796,Mumbai,Multi-Speciality,12.6,4.2,83,No,1655
797,Hospital_797,Pune,Orthopedic,21.69,3.4,81,No,1906
798,Hospital_798,Thane,Children,13.5,3.7,353,Yes,459
799,Hospital_799,Aurangabad,Orthopedic,5.5,4.4,27,Yes,249
800,Hospital_800,Thane,Orthopedic,5.28,3.9,98,No,1885
801,Hospital_801,Thane,Orthopedic,17.94,3.1,257,No,1633
802,Hospital_802,Aurangabad,Multi-Speciality,19.59,4.5,391,No,515
803,Hospital_803,Thane,General,22.18,3.1,278,No,229
804,Hospital_804,Mumbai,General,24.04,4.8,193,No,377
805,Hospital_805,Thane,Emergency,4.52,4.2,35,No,408
806,Hospital_806,Kolhapur,Multi-Speciality,12.99,2.7,390,Yes,1230
807,Hospital_807,Nagpur,General,17.96,4.4,9,Yes,1905
808,Hospital_808,Pune,Emergency,21.7,4.2,143,Yes,536
809,Hospital_809,Nashik,Children,3.35,4.0,214,No,1126
810,Hospital_810,Nashik,Multi-Speciality,23.05,4.0,154,No,1055
811,Hospital_811,Mumbai,Cardiac,22.57,4.1,421,Yes,1340
812,Hospital_812,Nashik,Multi-Speciality,12.22,2.9,470,Yes,505
813,Hospital_813,Pune,Children,3.71,3.0,262,No,1107
814,Hospital_814,Thane,Emergency,24.47,4.2,105,No,790
815,Hospital_815,Mumbai,Cardiac,4.45,2.9,60,Yes,1495
816,Hospital_816,Mumbai,Children,23.48,4.3,157,No,209
817,Hospital_817,Nashik,Emergency,13.9,3.2,35,Yes,642
818,Hospital_818,Aurangabad,Children,4.54,4.5,360,Yes,957
819,Hospital_819,Nashik,Multi-Speciality,6.17,4.4,214,No,1159
820,Hospital_820,Mumbai,General,13.36,3.6,231,Yes,1633
821,Hospital_821,Pune,Multi-Speciality,13.95,4.5,58,No,1545
822,Hospital_822,Aurangabad,Orthopedic,15.42,4.7,464,Yes,1752
823,Hospital_823,Nagpur,General,19.36,4.8,39,Yes,1823
824,Hospital_824,Pune,Orthopedic,4.44,4.6,193,Yes,1987
825,Hospital_825,Nagpur,Cardiac,3.94,4.7,367,No,1605
826,Hospital_826,Nashik,Multi-Speciality,17.0,4.6,462,No,1900
827,Hospital_827,Pune,Children,16.48,2.9,98,No,431
828,Hospital_828,Nashik,Emergency,20.41,3.0,221,Yes,351
829,Hospital_829,Thane,Cardiac,10.2,4.6,48,No,1590
830,Hospital_830,Nagpur,Emergency,1.14,3.1,194,No,593
831,Hospital_831,Kolhapur,Emergency,24.11,3.1,269,No,814
832,Hospital_832,Nashik,Orthopedic,7.39,3.5,453,Yes,1579
833,Hospital_833,Nashik,Multi-Speciality,19.61,3.9,286,Yes,1249
834,Hospital_834,Kolhapur,Emergency,9.62,4.1,72,No,701
835,Hospital_835,Nagpur,Cardiac,7.77,3.1,248,Yes,1594
836,Hospital_836,Kolhapur,Cardiac,19.45,4.7,41,Yes,506
837,Hospital_837,Thane,Multi-Speciality,10.81,4.1,449,Yes,674
838,Hospital_838,Nashik,Multi-Speciality,7.77,3.0,324,Yes,699
839,Hospital_839,Mumbai,Emergency,1.98,3.3,223,Yes,1788
840,Hospital_840,Thane,Cardiac,20.48,2.5,174,No,1148
841,Hospital_841,Mumbai,General,14.74,4.1,331,Yes,1298
842,Hospital_842,Kolhapur,General,1.55,2.8,206,No,767
843,Hospital_843,Thane,Cardiac,9.62,2.7,332,Yes,1895
844,Hospital_844,Aurangabad,General,2.04,2.9,461,Yes,323
845,Hospital_845,Kolhapur,Emergency,5.09,2.6,69,Yes,935
846,Hospital_846,Pune,Cardiac,12.55,4.3,461,No,498
847,Hospital_847,Kolhapur,General,11.73,2.9,211,Yes,232
848,Hospital_848,Aurangabad,Orthopedic,1.94,3.9,470,No,1785
849,Hospital_849,Pune,General,23.14,3.9,416,Yes,654
850,Hospital_850,Nashik,Emergency,1.96,4.1,220,No,349
851,Hospital_851,Aurangabad,General,20.82,3.8,66,Yes,1991
852,Hospital_852,Mumbai,Emergency,14.97,4.1,496,Yes,1726
853,Hospital_853,Thane,General,22.89,4.8,34,Yes,1824
854,Hospital_854,Pune,General,2.08,4.1,383,Yes,686
855,Hospital_855,Kolhapur,Cardiac,4.86,3.7,371,Yes,1311
856,Hospital_856,Thane,Children,5.77,4.3,182,Yes,893
857,Hospital_857,Pune,Cardiac,8.85,3.9,168,Yes,950
858,Hospital_858,Thane,Cardiac,3.0,4.8,475,No,918
859,Hospital_859,Pune,General,5.97,3.0,151,No,1898
860,Hospital_860,Pune,Multi-Speciality,3.03,3.4,88,No,809
861,Hospital_861,Nashik,Orthopedic,19.88,3.9,402,Yes,1445
862,Hospital_862,Nashik,Emergency,6.44,3.8,171,No,589
863,Hospital_863,Nashik,Emergency,21.41,4.5,164,No,1377
864,Hospital_864,Thane,Emergency,14.72,2.6,412,Yes,664
865,Hospital_865,Pune,Multi-Speciality,24.76,4.9,394,Yes,1405
866,Hospital_866,Pune,Children,9.74,2.9,131,Yes,928
867,Hospital_867,Kolhapur,Emergency,7.23,4.7,452,No,641
868,Hospital_868,Aurangabad,Children,11.67,2.5,420,No,682
869,Hospital_869,Kolhapur,General,18.35,3.7,432,Yes,1532
870,Hospital_870,Kolhapur,General,12.27,3.6,244,Yes,866
871,Hospital_871,Nashik,General,8.78,3.1,322,No,983
872,Hospital_872,Nashik,General,14.2,4.1,308,Yes,1568
873,Hospital_873,Nagpur,Children,23.51,4.3,494,Yes,1027
874,Hospital_874,Nashik,Orthopedic,5.24,4.7,286,Yes,1142
875,Hospital_875,Mumbai,Orthopedic,4.46,4.5,232,Yes,843
876,Hospital_876,Nashik,Multi-Speciality,22.02,4.0,186,Yes,1842
877,Hospital_877,Pune,Children,10.48,4.4,305,No,801
878,Hospital_878,Aurangabad,General,19.63,2.8,361,No,1379
879,Hospital_879,Aurangabad,Cardiac,15.39,2.7,179,Yes,1622
880,Hospital_880,Mumbai,General,22.5,4.0,322,No,971
881,Hospital_881,Aurangabad,Emergency,0.76,4.8,84,Yes,1008
882,Hospital_882,Aurangabad,Emergency,5.13,4.9,269,Yes,813
883,Hospital_883,Nashik,General,1.93,3.8,244,Yes,1323
884,Hospital_884,Kolhapur,Emergency,10.83,3.5,267,No,464
885,Hospital_885,Mumbai,Orthopedic,22.34,3.4,378,Yes,1395
886,Hospital_886,Kolhapur,General,12.82,4.9,113,Yes,790
887,Hospital_887,Aurangabad,General,15.98,3.8,204,Yes,487
888,Hospital_888,Pune,Orthopedic,8.09,2.7,68,Yes,935
889,Hospital_889,Thane,Emergency,23.38,4.4,212,No,769
890,Hospital_890,Mumbai,Orthopedic,6.71,4.8,380,Yes,1587
891,Hospital_891,Nagpur,General,9.31,3.9,272,Yes,1436
892,Hospital_892,Pune,Multi-Speciality,6.92,2.6,129,No,787
893,Hospital_893,Mumbai,Cardiac,13.39,2.8,411,No,567
894,Hospital_894,Mumbai,Multi-Speciality,24.06,3.6,387,No,1266
895,Hospital_895,Pune,Emergency,2.36,3.3,64,No,1772
896,Hospital_896,Nashik,Orthopedic,16.49,3.0,488,No,1895
897,Hospital_897,Aurangabad,Emergency,20.55,4.1,73,No,832
898,Hospital_898,Mumbai,Multi-Speciality,20.76,3.5,47,No,1393
899,Hospital_899,Thane,Emergency,13.42,4.9,468,Yes,1227
900,Hospital_900,Kolhapur,Cardiac,16.85,4.2,383,No,396
901,Hospital_901,Thane,Children,7.75,3.9,311,No,454
902,Hospital_902,Thane,Emergency,6.67,4.5,434,No,204
903,Hospital_903,Pune,Orthopedic,17.92,4.1,137,No,1866
904,Hospital_904,Nagpur,Orthopedic,19.27,5.0,283,No,1802
905,Hospital_905,Nagpur,Orthopedic,18.5,3.9,30,Yes,1856
906,Hospital_906,Thane,General,6.41,4.6,494,Yes,1507
907,Hospital_907,Thane,Multi-Speciality,12.4,4.0,144,Yes,543
908,Hospital_908,Thane,Multi-Speciality,24.34,3.7,417,No,984
909,Hospital_909,Nagpur,Cardiac,7.06,2.5,245,Yes,1881
910,Hospital_910,Aurangabad,Children,21.09,2.6,166,Yes,1265
911,Hospital_911,Kolhapur,General,4.65,2.9,298,Yes,1241
912,Hospital_912,Nashik,Children,18.53,3.6,74,Yes,1589
913,Hospital_913,Aurangabad,Emergency,6.08,4.7,96,Yes,1785
914,Hospital_914,Nagpur,General,23.1,3.7,343,No,296
915,Hospital_915,Mumbai,Orthopedic,9.87,4.5,439,Yes,1906
916,Hospital_916,Pune,Orthopedic,12.91,5.0,479,No,1677
917,Hospital_917,Thane,Cardiac,9.15,3.9,341,Yes,1294
918,Hospital_918,Aurangabad,Emergency,19.97,3.0,200,Yes,370
919,Hospital_919,Nashik,General,0.97,2.9,339,No,1657
920,Hospital_920,Pune,Orthopedic,19.88,3.7,396,No,728
921,Hospital_921,Nashik,Orthopedic,2.52,3.6,197,Yes,1448
922,Hospital_922,Pune,Emergency,5.19,4.9,119,No,225
923,Hospital_923,Thane,General,5.4,3.7,440,Yes,872
924,Hospital_924,Thane,Children,9.71,3.3,29,Yes,632
925,Hospital_925,Pune,Cardiac,6.15,3.3,439,No,1480
926,Hospital_926,Kolhapur,Multi-Speciality,7.03,4.5,61,Yes,1864
927,Hospital_927,Aurangabad,Cardiac,5.17,3.9,352,No,582
928,Hospital_928,Kolhapur,Orthopedic,16.65,4.2,27,No,503
929,Hospital_929,Mumbai,Emergency,21.26,4.1,98,No,1021
930,Hospital_930,Nagpur,Multi-Speciality,4.64,3.5,485,No,1577
931,Hospital_931,Pune,Children,14.71,4.1,306,Yes,1850
932,Hospital_932,Nagpur,Cardiac,16.73,4.5,469,Yes,1054
933,Hospital_933,Mumbai,General,13.25,4.1,182,No,350
934,Hospital_934,Nashik,General,6.69,3.3,452,Yes,845
935,Hospital_935,Pune,Cardiac,16.64,3.8,11,No,1883
936,Hospital_936,Aurangabad,Children,17.66,4.7,348,No,1328
937,Hospital_937,Mumbai,Emergency,20.02,3.5,73,No,449
938,Hospital_938,Nashik,Orthopedic,16.62,4.0,7,No,491
939,Hospital_939,Pune,Emergency,3.3,2.7,44,Yes,1690
940,Hospital_940,Thane,Emergency,19.09,4.7,180,No,1413
941,Hospital_941,Nagpur,Orthopedic,15.94,3.3,366,Yes,1756
942,Hospital_942,Mumbai,Children,22.55,4.9,210,Yes,638
943,Hospital_943,Mumbai,Children,21.05,3.4,77,Yes,1760
944,Hospital_944,Thane,General,3.35,3.3,416,No,527
945,Hospital_945,Nagpur,Cardiac,5.24,4.9,344,Yes,1131
946,Hospital_946,Nagpur,Cardiac,23.56,2.5,25,No,1154
947,Hospital_947,Nashik,Cardiac,9.71,3.9,401,No,1805
948,Hospital_948,Pune,Emergency,3.49,3.9,375,Yes,1988
949,Hospital_949,Nagpur,Orthopedic,12.13,4.9,253,No,661
950,Hospital_950,Mumbai,Emergency,10.13,4.3,162,Yes,1275
951,Hospital_951,Nagpur,Emergency,17.46,4.0,192,No,387
952,Hospital_952,Kolhapur,Emergency,15.69,3.4,320,No,1195
953,Hospital_953,Mumbai,Cardiac,13.53,3.8,388,No,1971
954,Hospital_954,Kolhapur,Multi-Speciality,6.4,2.9,345,Yes,1284
955,Hospital_955,Aurangabad,Emergency,6.2,4.3,109,No,1815
956,Hospital_956,Mumbai,General,19.11,4.7,120,No,1626
957,Hospital_957,Kolhapur,Children,15.56,4.9,324,No,1169
958,Hospital_958,Mumbai,Emergency,6.48,3.2,212,No,1123
959,Hospital_959,Pune,Children,2.29,4.0,200,No,1828
960,Hospital_960,Nashik,Orthopedic,24.52,4.9,42,No,1738
961,Hospital_961,Pune,Orthopedic,22.71,3.8,27,Yes,1582
962,Hospital_962,Mumbai,Orthopedic,7.09,4.8,112,No,1438
963,Hospital_963,Nagpur,Emergency,15.65,4.5,477,Yes,639
964,Hospital_964,Nashik,Children,8.79,3.0,217,No,1521
965,Hospital_965,Nashik,General,22.8,4.2,162,Yes,1911
966,Hospital_966,Mumbai,Orthopedic,5.7,3.7,163,Yes,685
967,Hospital_967,Thane,Emergency,19.21,4.0,436,Yes,511
968,Hospital_968,Kolhapur,Cardiac,8.87,4.2,369,No,263
969,Hospital_969,Nagpur,General,10.07,4.9,403,No,466
970,Hospital_970,Nashik,General,18.2,3.2,76,No,808
971,Hospital_971,Kolhapur,Emergency,2.94,4.7,444,Yes,420
972,Hospital_972,Mumbai,Multi-Speciality,14.02,3.7,103,No,347
973,Hospital_973,Pune,General,5.13,3.5,125,No,1471
974,Hospital_974,Aurangabad,Emergency,21.65,2.8,193,Yes,1168
975,Hospital_975,Nashik,Orthopedic,17.99,4.2,336,Yes,658
976,Hospital_976,Thane,Cardiac,16.18,4.3,500,No,1979
977,Hospital_977,Pune,Emergency,16.02,4.8,172,Yes,637
978,Hospital_978,Pune,Orthopedic,10.48,4.9,357,Yes,1903
979,Hospital_979,Thane,Cardiac,21.72,4.7,154,No,1921
980,Hospital_980,Nashik,Children,1.94,4.1,96,No,1342
981,Hospital_981,Kolhapur,Emergency,6.1,2.7,302,No,839
982,Hospital_982,Nashik,Orthopedic,8.05,4.7,3,Yes,1239
983,Hospital_983,Aurangabad,Children,3.3,3.6,203,Yes,1675
984,Hospital_984,Thane,General,2.26,3.6,144,No,885
985,Hospital_985,Nashik,General,17.54,4.4,128,No,948
986,Hospital_986,Mumbai,Emergency,5.17,5.0,400,No,1866
987,Hospital_987,Kolhapur,Multi-Speciality,6.02,4.4,62,No,773
988,Hospital_988,Mumbai,Multi-Speciality,8.28,4.0,291,No,1707
989,Hospital_989,Nashik,Emergency,20.69,4.1,154,No,1594
990,Hospital_990,Mumbai,Cardiac,8.33,4.6,42,No,609
991,Hospital_991,Aurangabad,Children,4.36,4.9,168,Yes,1062
992,Hospital_992,Nagpur,Multi-Speciality,17.49,4.1,142,Yes,1442
993,Hospital_993,Aurangabad,Emergency,23.02,4.2,459,Yes,1885
994,Hospital_994,Pune,Multi-Speciality,6.36,2.6,105,Yes,350
995,Hospital_995,Pune,Multi-Speciality,6.31,3.6,54,No,1863
996,Hospital_996,Mumbai,Multi-Speciality,3.93,4.5,213,Yes,1771
997,Hospital_997,Kolhapur,Multi-Speciality,24.65,4.3,422,No,1936
998,Hospital_998,Nagpur,Emergency,14.95,3.2,226,Yes,544
999,Hospital_999,Thane,Orthopedic,3.39,3.6,429,No,1652
1000,Hospital_1000,Aurangabad,General,9.75,4.3,70,Yes,760
1001,Hospital_1001,Kolhapur,Children,8.01,3.1,97,Yes,1289
1002,Hospital_1002,Kolhapur,Orthopedic,0.89,3.6,470,Yes,820
1003,Hospital_1003,Kolhapur,Children,12.15,3.0,129,Yes,484
1004,Hospital_1004,Pune,General,10.96,4.5,450,Yes,645
1005,Hospital_1005,Kolhapur,General,13.3,4.0,131,No,1981
1006,Hospital_1006,Thane,Children,3.83,4.9,486,No,753
1007,Hospital_1007,Nagpur,Cardiac,14.72,4.8,261,No,1540
1008,Hospital_1008,Nagpur,Multi-Speciality,18.0,4.5,244,Yes,1472
1009,Hospital_1009,Pune,Emergency,7.18,3.5,402,No,938
1010,Hospital_1010,Aurangabad,Multi-Speciality,1.03,3.3,212,No,1881
1011,Hospital_1011,Pune,Orthopedic,2.71,2.5,500,No,1013
1012,Hospital_1012,Aurangabad,Children,9.41,4.5,448,No,581
1013,Hospital_1013,Nashik,General,11.76,2.5,345,No,1886
1014,Hospital_1014,Pune,Children,14.06,3.7,401,Yes,1656
1015,Hospital_1015,Thane,General,18.79,3.3,173,Yes,1483
1016,Hospital_1016,Kolhapur,Children,6.86,4.6,500,No,674
1017,Hospital_1017,Nashik,Emergency,17.27,4.4,352,Yes,518
1018,Hospital_1018,Nagpur,Cardiac,18.39,3.4,46,No,507
1019,Hospital_1019,Kolhapur,General,3.12,3.0,444,No,1955
1020,Hospital_1020,Nashik,Cardiac,20.94,2.9,190,No,1340
1021,Hospital_1021,Kolhapur,Orthopedic,5.39,3.3,270,Yes,537
1022,Hospital_1022,Aurangabad,Orthopedic,13.49,4.1,64,Yes,579
1023,Hospital_1023,Thane,Orthopedic,20.29,4.4,44,Yes,1800
1024,Hospital_1024,Nagpur,Emergency,6.1,2.8,465,Yes,1748
1025,Hospital_1025,Thane,Orthopedic,16.77,3.5,371,Yes,1926
1026,Hospital_1026,Pune,Emergency,2.71,4.7,151,No,543
1027,Hospital_1027,Nashik,Emergency,12.85,4.8,112,Yes,914
1028,Hospital_1028,Pune,Emergency,18.61,3.9,347,No,1344
1029,Hospital_1029,Aurangabad,Children,8.28,4.9,347,Yes,898
1030,Hospital_1030,Mumbai,Emergency,2.49,4.1,23,Yes,1313
1031,Hospital_1031,Pune,Orthopedic,23.73,3.0,464,No,1577
1032,Hospital_1032,Pune,Multi-Speciality,16.59,3.9,342,Yes,988
1033,Hospital_1033,Mumbai,Children,5.79,3.0,6,Yes,1533
1034,Hospital_1034,Kolhapur,Children,5.66,3.5,175,No,1804
1035,Hospital_1035,Nagpur,Multi-Speciality,18.4,3.5,52,Yes,1572
1036,Hospital_1036,Mumbai,General,22.23,4.4,306,No,1081
1037,Hospital_1037,Nashik,General,1.07,3.1,403,No,803
1038,Hospital_1038,Mumbai,Children,7.91,4.7,217,Yes,1625
1039,Hospital_1039,Pune,Multi-Speciality,7.75,4.2,97,Yes,1337
1040,Hospital_1040,Thane,Cardiac,10.37,2.8,441,Yes,1494
1041,Hospital_1041,Thane,Cardiac,16.1,3.2,0,No,1675
1042,Hospital_1042,Pune,Cardiac,3.07,4.0,333,No,518
1043,Hospital_1043,Kolhapur,Orthopedic,18.57,4.8,401,Yes,366
1044,Hospital_1044,Thane,Multi-Speciality,3.02,3.7,60,Yes,211
1045,Hospital_1045,Nashik,General,10.71,2.6,225,Yes,1071
1046,Hospital_1046,Thane,Children,23.1,4.5,59,Yes,1525
1047,Hospital_1047,Aurangabad,General,22.29,3.1,226,Yes,813
1048,Hospital_1048,Mumbai,Orthopedic,15.19,4.9,36,No,1855
1049,Hospital_1049,Mumbai,Orthopedic,20.56,4.8,455,No,504
1050,Hospital_1050,Thane,Children,20.91,3.6,265,No,1271
1051,Hospital_1051,Nagpur,Children,7.68,2.7,75,Yes,1115
1052,Hospital_1052,Kolhapur,Cardiac,14.31,3.5,2,No,1866
1053,Hospital_1053,Kolhapur,Cardiac,13.11,4.8,158,Yes,825
1054,Hospital_1054,Kolhapur,Multi-Speciality,10.47,4.5,25,Yes,723
1055,Hospital_1055,Nagpur,Orthopedic,21.39,4.8,457,Yes,770
1056,Hospital_1056,Aurangabad,Cardiac,21.12,4.6,472,No,1226
1057,Hospital_1057,Nashik,Multi-Speciality,11.15,2.6,324,No,209
1058,Hospital_1058,Pune,Emergency,17.47,2.7,35,No,1217
1059,Hospital_1059,Pune,Orthopedic,8.99,3.5,226,Yes,1888
1060,Hospital_1060,Kolhapur,Multi-Speciality,10.63,5.0,243,Yes,1130
1061,Hospital_1061,Mumbai,Cardiac,7.53,4.0,445,Yes,1211
1062,Hospital_1062,Nagpur,Orthopedic,2.67,4.1,127,Yes,224
1063,Hospital_1063,Nashik,Multi-Speciality,14.9,3.5,474,No,992
1064,Hospital_1064,Pune,Multi-Speciality,19.2,2.7,435,Yes,1908
1065,Hospital_1065,Nashik,General,20.64,4.3,336,Yes,1344
1066,Hospital_1066,Thane,Cardiac,6.72,3.0,420,Yes,1374
1067,Hospital_1067,Nagpur,Children,8.69,3.5,69,Yes,1377
1068,Hospital_1068,Pune,Multi-Speciality,22.72,4.4,146,Yes,1042
1069,Hospital_1069,Kolhapur,Children,3.35,4.3,189,No,670
1070,Hospital_1070,Kolhapur,Orthopedic,1.55,4.6,391,Yes,579
1071,Hospital_1071,Nashik,Emergency,5.83,4.3,93,No,358
1072,Hospital_1072,Nashik,Cardiac,23.78,3.3,5,No,216
1073,Hospital_1073,Nagpur,General,11.55,3.5,430,No,1431
1074,Hospital_1074,Nagpur,General,0.65,4.8,301,Yes,1166
1075,Hospital_1075,Pune,Cardiac,10.45,4.3,293,No,1244
1076,Hospital_1076,Kolhapur,Children,3.99,4.3,68,Yes,409
1077,Hospital_1077,Mumbai,Multi-Speciality,23.32,2.9,189,No,1646
1078,Hospital_1078,Nashik,General,6.26,2.7,99,No,762
1079,Hospital_1079,Pune,General,18.97,3.5,336,No,1965
1080,Hospital_1080,Kolhapur,Emergency,8.16,4.0,345,Yes,1826
1081,Hospital_1081,Aurangabad,Cardiac,5.09,4.6,167,No,680
1082,Hospital_1082,Aurangabad,General,6.16,5.0,177,No,200
1083,Hospital_1083,Aurangabad,Emergency,16.19,2.9,160,No,827
1084,Hospital_1084,Thane,Orthopedic,20.43,4.9,301,Yes,1108
1085,Hospital_1085,Kolhapur,Emergency,23.0,3.7,228,No,1043
1086,Hospital_1086,Pune,Orthopedic,2.99,3.7,340,No,407
1087,Hospital_1087,Nagpur,Children,16.12,3.5,356,Yes,1777
1088,Hospital_1088,Thane,General,3.91,3.1,143,No,1570
1089,Hospital_1089,Thane,Cardiac,10.56,3.4,488,No,1112
1090,Hospital_1090,Aurangabad,General,11.11,3.9,414,No,1473
1091,Hospital_1091,Nagpur,Emergency,11.8,3.5,411,No,1468
1092,Hospital_1092,Nashik,Children,24.33,4.6,253,Yes,1176
1093,Hospital_1093,Kolhapur,Emergency,8.34,4.8,371,No,1394
1094,Hospital_1094,Pune,Orthopedic,20.38,3.6,285,Yes,1611
1095,Hospital_1095,Nashik,Orthopedic,5.51,5.0,179,No,263
1096,Hospital_1096,Thane,Children,3.27,4.7,468,Yes,355
1097,Hospital_1097,Kolhapur,General,11.03,4.2,222,Yes,1942
1098,Hospital_1098,Pune,Children,19.18,4.8,484,Yes,1414
1099,Hospital_1099,Mumbai,Multi-Speciality,14.41,3.6,82,No,1829
1100,Hospital_1100,Aurangabad,Children,11.56,4.7,36,Yes,1431
1101,Hospital_1101,Mumbai,Cardiac,1.79,3.3,301,Yes,1952
1102,Hospital_1102,Kolhapur,Orthopedic,16.17,4.4,499,Yes,971
1103,Hospital_1103,Mumbai,Cardiac,14.15,3.5,78,Yes,957
1104,Hospital_1104,Kolhapur,Children,19.89,4.0,403,No,1826
1105,Hospital_1105,Pune,General,4.59,3.3,218,Yes,1995
1106,Hospital_1106,Kolhapur,Emergency,22.63,2.6,212,Yes,1469
1107,Hospital_1107,Mumbai,General,5.43,4.0,476,Yes,1274
1108,Hospital_1108,Thane,Children,9.93,4.3,388,Yes,1059
1109,Hospital_1109,Nagpur,Children,18.4,3.2,429,Yes,751
1110,Hospital_1110,Pune,Cardiac,21.02,4.5,172,Yes,1498
1111,Hospital_1111,Aurangabad,Multi-Speciality,2.29,3.8,178,No,286
1112,Hospital_1112,Nagpur,Emergency,16.43,3.3,456,No,486
1113,Hospital_1113,Mumbai,Emergency,9.34,3.5,82,Yes,285
1114,Hospital_1114,Nashik,Emergency,2.94,3.2,105,Yes,1895
1115,Hospital_1115,Kolhapur,Children,4.91,2.6,230,Yes,790
1116,Hospital_1116,Thane,Orthopedic,6.3,3.2,3,No,426
1117,Hospital_1117,Pune,Orthopedic,22.81,4.5,269,No,1662
1118,Hospital_1118,Thane,Emergency,12.85,3.8,214,Yes,1556
1119,Hospital_1119,Nashik,Orthopedic,12.43,4.6,42,Yes,213
1120,Hospital_1120,Nashik,Cardiac,2.67,2.8,115,Yes,992
1121,Hospital_1121,Nashik,Cardiac,4.68,3.8,174,Yes,1288
1122,Hospital_1122,Mumbai,Multi-Speciality,3.82,4.0,226,Yes,1300
1123,Hospital_1123,Aurangabad,Emergency,17.43,3.3,431,No,1093
1124,Hospital_1124,Pune,Orthopedic,24.99,3.9,131,Yes,1937
1125,Hospital_1125,Aurangabad,General,15.88,3.3,432,No,1490
1126,Hospital_1126,Mumbai,Orthopedic,20.07,3.7,45,No,1634
1127,Hospital_1127,Aurangabad,Cardiac,22.39,4.0,177,No,629
1128,Hospital_1128,Nagpur,Emergency,13.01,4.0,267,Yes,318
1129,Hospital_1129,Aurangabad,Emergency,6.38,3.6,247,Yes,1240
1130,Hospital_1130,Nagpur,Cardiac,11.78,2.8,14,Yes,777
1131,Hospital_1131,Mumbai,Multi-Speciality,3.02,5.0,6,Yes,436
1132,Hospital_1132,Nashik,General,14.7,3.6,242,No,1727
1133,Hospital_1133,Nagpur,Emergency,22.92,3.6,354,No,782
1134,Hospital_1134,Nashik,General,20.61,4.4,465,No,321
1135,Hospital_1135,Nagpur,Orthopedic,8.84,4.9,407,No,992
1136,Hospital_1136,Pune,Children,4.19,2.6,86,Yes,1922
1137,Hospital_1137,Kolhapur,Multi-Speciality,7.75,4.9,337,No,946
1138,Hospital_1138,Kolhapur,Multi-Speciality,6.99,2.7,157,Yes,1610
1139,Hospital_1139,Nashik,Cardiac,9.76,4.7,124,Yes,1835
1140,Hospital_1140,Nashik,Cardiac,18.62,3.7,58,No,1206
1141,Hospital_1141,Thane,Orthopedic,7.28,2.6,72,No,1506
1142,Hospital_1142,Mumbai,Orthopedic,10.73,3.7,303,No,1376
1143,Hospital_1143,Nashik,Orthopedic,8.46,3.4,450,Yes,1677
1144,Hospital_1144,Thane,Emergency,6.13,2.6,247,Yes,922
1145,Hospital_1145,Kolhapur,General,1.27,4.3,228,Yes,832
1146,Hospital_1146,Pune,General,2.9,3.9,36,Yes,1676
1147,Hospital_1147,Kolhapur,Cardiac,2.1,2.7,53,Yes,1389
1148,Hospital_1148,Aurangabad,Emergency,21.25,3.8,108,No,1693
1149,Hospital_1149,Aurangabad,Orthopedic,17.93,4.6,283,Yes,1090
1150,Hospital_1150,Pune,Multi-Speciality,6.94,3.3,245,No,1079
1151,Hospital_1151,Pune,Emergency,11.6,4.5,355,Yes,1307
1152,Hospital_1152,Aurangabad,Children,8.24,2.8,380,Yes,329
1153,Hospital_1153,Kolhapur,Cardiac,4.57,4.2,72,No,303
1154,Hospital_1154,Pune,Emergency,3.82,4.2,426,No,1106
1155,Hospital_1155,Thane,Emergency,5.16,3.3,382,Yes,874
1156,Hospital_1156,Pune,Orthopedic,22.0,3.1,473,Yes,1665
1157,Hospital_1157,Aurangabad,General,20.13,3.3,2,No,1335
1158,Hospital_1158,Thane,Emergency,19.95,4.2,383,No,1383
1159,Hospital_1159,Aurangabad,Multi-Speciality,17.03,4.0,464,Yes,1400
1160,Hospital_1160,Thane,Multi-Speciality,2.29,2.8,62,No,829
1161,Hospital_1161,Thane,Cardiac,23.78,3.9,153,Yes,1900
1162,Hospital_1162,Thane,Cardiac,12.37,3.8,392,Yes,833
1163,Hospital_1163,Pune,Children,14.01,3.0,369,Yes,1673
1164,Hospital_1164,Pune,Children,1.09,4.9,468,Yes,449
1165,Hospital_1165,Mumbai,Children,19.23,3.2,184,Yes,1416
1166,Hospital_1166,Thane,Orthopedic,9.93,3.5,481,Yes,1614
1167,Hospital_1167,Nagpur,Children,13.8,3.7,421,Yes,318
1168,Hospital_1168,Nashik,Emergency,11.94,3.5,26,Yes,1733
1169,Hospital_1169,Pune,General,4.86,2.5,191,Yes,337
1170,Hospital_1170,Pune,General,21.21,5.0,204,No,822
1171,Hospital_1171,Kolhapur,Children,18.19,3.3,208,Yes,1480
1172,Hospital_1172,Nagpur,Cardiac,16.6,3.5,289,No,1535
1173,Hospital_1173,Aurangabad,Orthopedic,17.58,3.9,488,Yes,651
1174,Hospital_1174,Kolhapur,General,1.73,4.4,313,No,1514
1175,Hospital_1175,Pune,Emergency,15.64,4.2,237,No,1865
1176,Hospital_1176,Nashik,Orthopedic,17.69,4.1,144,No,595
1177,Hospital_1177,Thane,Multi-Speciality,3.97,4.9,197,No,1011
1178,Hospital_1178,Nashik,Emergency,1.67,3.0,419,Yes,1044
1179,Hospital_1179,Nashik,Emergency,12.48,4.0,372,Yes,1148
1180,Hospital_1180,Kolhapur,Cardiac,19.61,2.6,82,No,407
1181,Hospital_1181,Pune,Multi-Speciality,22.13,4.0,489,Yes,1350
1182,Hospital_1182,Nashik,Children,1.86,4.9,202,No,1826
1183,Hospital_1183,Aurangabad,Emergency,16.39,3.4,317,No,1928
1184,Hospital_1184,Mumbai,Orthopedic,11.95,3.3,209,Yes,1382
1185,Hospital_1185,Nagpur,Children,9.41,2.7,121,No,340
1186,Hospital_1186,Nagpur,Cardiac,22.63,3.0,47,Yes,1122
1187,Hospital_1187,Nagpur,Cardiac,14.06,4.8,388,Yes,1738
1188,Hospital_1188,Aurangabad,Cardiac,20.58,3.4,140,Yes,1124
1189,Hospital_1189,Nashik,Multi-Speciality,9.85,4.4,205,No,1960
1190,Hospital_1190,Nagpur,Children,1.73,4.0,234,No,524
1191,Hospital_1191,Aurangabad,Children,3.3,3.7,41,No,1887
1192,Hospital_1192,Thane,Children,15.6,4.1,147,No,393
1193,Hospital_1193,Nagpur,Children,21.58,3.9,143,Yes,403
1194,Hospital_1194,Kolhapur,Multi-Speciality,23.69,3.7,420,No,765
1195,Hospital_1195,Thane,Orthopedic,2.04,4.4,91,No,516
1196,Hospital_1196,Thane,Emergency,22.64,4.4,453,No,783
1197,Hospital_1197,Pune,Multi-Speciality,7.57,3.9,0,Yes,1718
1198,Hospital_1198,Kolhapur,Multi-Speciality,14.06,4.4,216,Yes,444
1199,Hospital_1199,Aurangabad,Emergency,2.47,3.3,435,Yes,1632
1200,Hospital_1200,Kolhapur,Cardiac,11.71,3.5,406,No,400
