DeltaPower,ThetaPower,AlphaPower,BetaPower,GammaPower,MeanAmplitude,PeakFrequency,SignalEntropy,SignalVariance,BrainState
45.218,29.702,25.729,13.37,7.443,5.714,6.762,1.561,0.556,Drowsy
43.608,27.263,23.819,12.551,5.898,5.404,6.95,1.368,0.588,Drowsy
52.799,27.731,27.593,8.101,6.395,4.614,5.496,1.474,0.503,Drowsy
40.392,32.777,25.003,9.776,7.414,7.25,6.279,1.64,0.38,Drowsy
21.412,20.301,44.624,28.481,12.594,10.789,14.369,2.037,0.701,Focused
41.471,31.26,22.314,13.531,8.964,4.709,7.641,1.413,0.542,Drowsy
43.492,32.545,31.254,10.549,6.715,6.347,7.944,1.433,0.31,Drowsy
31.656,29.94,24.683,11.347,8.45,4.669,7.926,1.543,0.556,Drowsy
18.526,15.224,24.005,40.565,15.988,19.065,18.624,2.425,0.737,Stressed
34.222,23.626,30.158,21.612,11.157,11.316,9.331,1.636,0.545,Normal
20.422,14.731,22.517,37.808,20.814,15.684,14.346,2.523,0.786,Stressed
29.867,26.053,29.135,21.01,10.853,8.666,9.567,1.939,0.485,Normal
45.42,25.627,18.375,11.668,7.114,5.921,6.826,1.505,0.541,Drowsy
18.635,16.314,28.21,44.663,16.891,13.219,18.695,2.392,0.673,Stressed
17.489,13.482,24.542,35.914,21.597,18.314,17.056,2.44,0.595,Stressed
19.828,15.801,22.59,40.201,26.328,16.73,19.395,2.452,0.71,Stressed
22.463,24.448,39.676,30.796,15.549,11.724,14.504,2.173,0.743,Focused
19.74,17.874,24.026,33.205,22.347,14.594,16.332,2.562,0.826,Stressed
15.854,13.849,21.826,40.154,15.858,15.034,20.032,2.418,0.682,Stressed
23.21,13.492,35.334,31.881,12.472,9.595,13.199,2.135,0.609,Focused
46.816,30.298,22.815,14.517,7.874,4.89,5.398,1.454,0.506,Drowsy
35.281,25.486,24.375,20.603,10.953,6.119,10.352,1.637,0.578,Normal
26.742,19.525,36.893,28.059,16.066,9.553,15.954,2.066,0.715,Focused
50.389,35.776,24.145,12.2,6.088,4.698,7.117,1.632,0.465,Drowsy
37.294,24.018,28.429,21.711,9.894,7.445,9.689,1.992,0.584,Normal
32.845,23.342,26.42,15.235,9.771,11.619,10.942,1.798,0.534,Normal
44.086,23.114,30.789,22.658,11.893,7.857,10.335,1.873,0.561,Normal
19.001,15.361,23.205,34.123,21.36,14.027,15.412,2.355,0.759,Stressed
17.498,16.02,27.284,34.335,21.005,14.979,17.6,2.506,0.753,Stressed
15.805,12.65,20.961,38.445,20.509,16.516,17.465,2.294,0.613,Stressed
23.027,18.543,37.114,29.098,15.762,13.483,13.42,2.027,0.649,Focused
38.501,18.258,31.347,25.241,8.548,10.509,10.503,1.715,0.547,Normal
56.872,28.009,24.238,10.914,7.321,7.687,4.909,1.549,0.463,Drowsy
19.472,16.727,35.909,35.29,16.818,9.792,15.292,1.84,0.548,Focused
24.412,14.661,45.25,34.204,16.351,8.987,12.361,2.082,0.65,Focused
28.68,26.189,30.297,18.152,9.629,6.872,10.383,1.961,0.437,Normal
59.249,29.78,22.754,12.6,7.98,5.965,8.534,1.63,0.415,Drowsy
45.624,27.341,20.119,14.913,8.052,4.831,7.327,1.55,0.551,Drowsy
18.896,14.15,18.436,31.567,16.954,13.667,17.808,2.278,0.72,Stressed
28.022,23.81,25.64,20.279,10.057,6.709,9.539,1.921,0.515,Normal
23.232,21.285,33.673,38.71,15.566,10.645,15.363,1.967,0.571,Focused
32.426,22.883,31.029,22.883,10.79,11.015,9.788,1.704,0.467,Normal
24.417,16.813,37.468,29.559,16.921,10.518,16.199,2.198,0.649,Focused
20.194,16.36,24.151,43.743,19.1,17.353,17.054,2.479,0.786,Stressed
21.356,17.915,37.387,33.282,16.405,12.623,12.425,2.175,0.7,Focused
25.811,15.286,41.708,30.929,13.53,12.186,14.408,2.168,0.678,Focused
17.595,17.614,21.623,37.634,15.175,13.014,20.169,2.597,0.704,Stressed
54.443,28.104,23.429,10.9,7.736,4.936,7.774,1.454,0.361,Drowsy
19.797,22.718,40.602,29.77,12.973,10.861,13.713,2.234,0.631,Focused
17.049,14.984,20.902,37.929,14.912,13.896,17.627,2.473,0.698,Stressed
50.511,33.038,26.178,12.653,5.671,6.075,7.575,1.587,0.438,Drowsy
19.22,15.593,25.562,38.378,20.005,14.588,17.451,2.317,0.728,Stressed
20.965,20.289,40.814,34.625,11.705,12.818,14.314,2.056,0.629,Focused
48.861,32.775,32.145,13.191,7.974,5.241,5.769,1.507,0.486,Drowsy
37.158,25.483,43.87,23.507,11.363,9.431,10.782,1.762,0.596,Normal
41.053,19.865,34.187,22.027,8.822,8.693,10.239,1.728,0.554,Normal
51.679,29.771,20.647,12.109,7.881,5.956,7.93,1.375,0.478,Drowsy
35.408,26.79,27.473,21.135,9.529,5.805,10.355,1.831,0.55,Normal
36.814,26.305,32.715,25.139,10.85,8.527,11.284,1.797,0.497,Normal
20.012,16.759,23.099,36.179,19.402,15.471,17.621,2.438,0.726,Stressed
23.223,15.047,41.868,27.267,14.928,11.938,13.164,2.17,0.636,Focused
32.284,20.885,36.074,24.328,9.99,10.22,10.093,1.697,0.641,Normal
44.075,33.484,27.981,13.978,6.284,6.713,7.759,1.443,0.434,Drowsy
41.785,20.445,27.867,21.93,10.336,6.786,10.509,1.743,0.549,Normal
47.671,34.262,26.025,11.914,6.494,5.05,5.979,1.435,0.525,Drowsy
52.777,27.726,25.874,11.476,6.845,2.268,6.734,1.616,0.442,Drowsy
45.433,37.394,22.562,15.032,7.029,3.937,8.642,1.515,0.531,Drowsy
18.16,18.292,20.139,38.465,20.346,12.249,17.0,2.318,0.652,Stressed
27.892,28.405,29.431,20.873,8.785,5.518,10.988,1.809,0.473,Normal
57.271,30.819,26.908,10.816,5.976,5.146,6.851,1.372,0.479,Drowsy
37.978,23.742,35.184,20.214,12.161,7.94,8.283,1.815,0.509,Normal
21.28,17.264,40.281,26.789,14.375,11.828,14.816,1.868,0.574,Focused
46.431,34.441,22.585,12.271,6.448,5.61,5.188,1.474,0.468,Drowsy
52.047,30.867,23.003,12.531,7.104,7.404,7.932,1.504,0.426,Drowsy
20.83,16.964,39.352,33.779,14.331,11.467,16.04,2.229,0.631,Focused
23.636,16.628,32.575,29.603,13.69,10.093,11.353,2.208,0.696,Focused
44.236,28.608,23.093,12.3,7.303,4.634,8.525,1.382,0.383,Drowsy
41.196,26.47,29.424,21.95,8.797,7.972,9.654,1.839,0.5,Normal
46.199,33.088,26.661,11.629,7.909,5.806,5.978,1.409,0.421,Drowsy
20.333,18.547,41.741,31.871,14.764,10.225,13.764,2.075,0.575,Focused
40.712,31.73,22.381,11.702,6.134,7.234,5.996,1.566,0.459,Drowsy
39.358,22.531,29.028,19.416,9.467,8.566,10.908,1.689,0.602,Normal
23.905,17.501,44.627,26.86,15.164,10.091,16.063,2.339,0.574,Focused
40.694,25.191,36.756,19.957,8.506,5.332,11.795,1.879,0.547,Normal
19.09,19.472,39.863,30.818,12.591,9.67,14.642,2.247,0.582,Focused
56.839,34.041,23.621,12.782,7.003,7.845,8.179,1.332,0.515,Drowsy
17.787,17.587,23.351,48.0,18.372,14.079,19.829,2.347,0.796,Stressed
43.309,35.403,29.058,11.328,6.472,2.073,5.222,1.339,0.488,Drowsy
18.7,17.582,23.527,45.769,20.021,15.087,17.681,2.482,0.675,Stressed
21.497,18.7,32.767,32.327,8.975,10.72,12.043,2.245,0.667,Focused
18.599,18.632,38.664,29.642,14.237,13.383,14.834,1.963,0.613,Focused
21.374,19.62,39.273,28.349,14.535,9.512,13.241,2.123,0.638,Focused
48.728,28.311,22.021,9.919,7.56,6.867,7.693,1.485,0.564,Drowsy
37.189,25.858,32.0,22.236,9.763,7.773,9.766,1.936,0.586,Normal
16.592,15.407,17.939,40.663,15.473,15.08,19.038,2.343,0.801,Stressed
21.307,17.273,42.379,33.776,12.019,11.258,14.806,2.283,0.673,Focused
19.19,14.592,23.134,32.189,20.449,14.934,17.125,2.377,0.711,Stressed
36.141,20.323,26.108,24.78,9.953,9.022,10.034,1.804,0.606,Normal
30.766,18.612,28.735,22.049,12.012,8.49,9.737,1.9,0.417,Normal
17.026,16.564,21.775,39.722,16.367,15.946,20.118,2.735,0.705,Stressed
52.517,26.767,22.702,11.336,5.108,6.504,6.673,1.616,0.414,Drowsy
22.827,16.69,40.079,30.237,12.833,9.268,11.898,2.053,0.629,Focused
19.325,15.938,26.392,35.652,15.729,14.2,17.08,2.391,0.662,Stressed
27.269,24.717,40.767,31.297,14.898,12.331,13.615,2.315,0.634,Focused
45.548,31.622,24.215,12.801,5.4,5.349,9.067,1.408,0.444,Drowsy
65.846,29.071,26.53,11.065,7.248,5.643,6.507,1.718,0.551,Drowsy
46.727,30.25,25.578,15.445,5.237,7.025,6.862,1.568,0.441,Drowsy
17.377,18.91,27.302,34.661,17.197,16.912,16.637,2.461,0.663,Stressed
31.989,18.624,29.702,21.679,11.816,8.946,8.771,2.022,0.623,Normal
15.786,16.221,28.111,45.384,20.55,14.515,18.323,2.338,0.803,Stressed
46.641,28.535,23.396,12.425,5.742,7.921,6.201,1.587,0.404,Drowsy
19.511,12.4,27.398,45.051,20.234,14.66,18.48,2.675,0.594,Stressed
20.747,16.534,21.559,40.214,16.721,16.587,18.098,2.188,0.682,Stressed
17.025,14.046,21.632,33.819,17.839,17.129,16.901,2.415,0.67,Stressed
37.612,19.478,27.382,21.347,9.911,8.931,10.213,1.64,0.573,Normal
22.378,19.835,41.159,34.237,12.656,8.138,13.528,2.22,0.704,Focused
35.708,27.795,26.376,25.009,11.581,7.823,7.454,1.727,0.628,Normal
19.073,17.219,25.152,30.332,17.919,14.955,18.585,2.492,0.709,Stressed
43.743,32.348,29.282,11.396,7.635,3.129,7.791,1.404,0.498,Drowsy
21.022,14.964,38.071,35.465,12.475,13.279,14.613,2.224,0.581,Focused
14.49,16.159,22.805,47.209,23.387,16.178,17.608,2.638,0.607,Stressed
25.093,15.459,40.223,36.538,14.808,10.696,13.366,2.224,0.535,Focused
56.501,31.769,24.313,10.363,6.31,7.954,7.165,1.434,0.511,Drowsy
23.845,18.909,40.244,29.98,10.382,12.646,13.425,1.996,0.662,Focused
37.486,22.98,27.935,22.269,11.859,6.141,8.239,1.82,0.553,Normal
55.225,32.632,26.615,13.031,9.011,9.278,6.176,1.695,0.503,Drowsy
39.021,32.95,26.272,10.609,6.548,5.3,5.22,1.402,0.412,Drowsy
23.564,12.159,35.128,30.125,15.064,11.034,12.313,1.982,0.632,Focused
18.414,15.692,22.401,42.054,24.135,17.459,15.693,2.469,0.689,Stressed
18.302,16.125,26.342,35.95,15.815,15.235,18.337,2.579,0.624,Stressed
48.931,30.37,25.448,9.968,7.675,6.359,7.88,1.273,0.499,Drowsy
18.193,15.15,24.022,44.537,18.674,12.19,20.453,2.28,0.636,Stressed
19.998,17.502,33.785,35.418,15.739,8.231,12.885,1.92,0.581,Focused
20.27,13.767,22.971,44.574,19.28,15.691,17.833,2.431,0.686,Stressed
51.853,32.419,26.153,10.568,7.21,4.225,6.697,1.624,0.528,Drowsy
37.263,21.013,29.315,19.688,8.341,9.389,12.291,1.632,0.584,Normal
33.536,22.994,28.842,27.483,10.458,8.645,11.236,1.829,0.534,Normal
28.688,24.731,31.684,24.866,10.118,8.462,9.53,1.832,0.529,Normal
39.574,24.185,26.12,20.112,10.816,6.904,10.26,1.805,0.511,Normal
34.03,26.005,36.656,24.974,9.677,6.34,13.088,1.807,0.551,Normal
27.805,27.899,29.588,25.268,8.087,7.101,10.006,1.806,0.523,Normal
34.239,22.13,34.757,25.748,9.279,5.2,11.209,1.718,0.597,Normal
55.609,30.389,22.28,13.38,7.557,4.461,7.458,1.62,0.551,Drowsy
19.014,19.023,33.776,34.133,12.457,10.374,13.646,2.217,0.675,Focused
14.968,15.839,30.492,39.029,19.56,12.837,19.135,2.514,0.747,Stressed
17.066,20.197,23.29,43.529,20.015,12.228,15.546,2.331,0.763,Stressed
11.619,14.768,22.197,35.304,20.293,14.372,17.01,2.273,0.657,Stressed
36.789,24.055,27.691,23.288,12.165,7.714,10.864,1.645,0.493,Normal
18.824,18.622,22.185,42.755,19.736,14.724,17.073,2.6,0.677,Stressed
23.011,18.305,28.285,34.95,14.362,11.762,18.711,1.85,0.723,Focused
59.187,23.71,25.284,9.659,4.894,6.446,7.167,1.466,0.474,Drowsy
33.467,21.583,26.239,16.809,12.467,6.345,9.734,1.767,0.568,Normal
17.404,13.775,18.771,37.532,22.154,16.884,19.425,2.302,0.631,Stressed
19.916,17.985,37.017,30.572,12.776,11.479,15.984,2.117,0.68,Focused
16.778,15.855,28.428,36.84,18.573,15.717,17.307,2.418,0.607,Stressed
20.284,18.182,38.058,33.843,13.549,8.245,13.481,2.195,0.602,Focused
20.285,15.401,33.248,30.129,13.409,9.845,12.445,2.045,0.631,Focused
41.768,28.548,25.254,13.311,6.846,4.186,7.068,1.514,0.491,Drowsy
38.51,20.746,31.907,25.806,7.034,6.805,10.692,1.776,0.572,Normal
17.911,20.146,24.263,38.174,18.487,17.456,17.064,2.488,0.666,Stressed
53.155,24.125,22.285,9.398,6.769,5.931,7.137,1.507,0.424,Drowsy
16.993,15.295,24.828,34.413,19.141,13.711,16.931,2.147,0.78,Stressed
41.108,24.623,18.628,13.038,6.542,10.391,5.807,1.389,0.446,Drowsy
49.4,28.307,26.837,10.591,5.839,3.303,4.332,1.438,0.462,Drowsy
18.129,16.204,22.163,39.722,22.707,15.171,17.048,2.289,0.673,Stressed
49.15,33.939,26.437,10.76,8.83,6.292,6.823,1.616,0.495,Drowsy
21.13,19.581,39.528,33.214,14.788,8.697,14.908,2.173,0.559,Focused
41.68,38.251,30.602,10.327,8.329,5.401,7.155,1.492,0.44,Drowsy
25.292,17.866,42.339,30.593,11.137,9.613,15.875,2.067,0.605,Focused
23.571,16.796,36.117,28.441,13.947,9.727,14.688,1.886,0.598,Focused
17.095,19.303,39.36,34.452,15.778,11.551,14.178,1.994,0.577,Focused
17.391,19.069,39.748,30.428,15.69,9.309,15.353,2.119,0.6,Focused
35.875,18.12,29.11,20.2,8.798,7.578,12.157,1.877,0.516,Normal
18.463,14.125,24.462,37.966,18.163,16.101,16.155,2.468,0.741,Stressed
24.625,19.395,27.185,39.842,14.496,9.835,14.189,2.121,0.58,Focused
21.002,18.5,40.948,31.172,12.533,12.322,14.865,1.99,0.701,Focused
24.068,17.457,35.275,37.462,16.921,12.468,14.102,2.003,0.57,Focused
21.811,14.721,36.372,35.419,14.966,11.751,14.06,2.101,0.58,Focused
15.593,12.661,27.187,29.082,19.51,19.677,17.986,2.266,0.697,Stressed
42.982,30.26,27.215,10.354,7.073,6.35,6.138,1.429,0.494,Drowsy
19.681,18.216,40.192,37.747,13.168,10.254,15.38,2.136,0.696,Focused
38.589,28.471,26.507,10.717,5.801,6.104,8.035,1.297,0.529,Drowsy
21.8,22.261,31.68,33.941,16.502,14.407,13.515,2.159,0.654,Focused
49.676,33.448,22.627,12.049,5.853,7.052,7.623,1.559,0.48,Drowsy
16.42,14.276,22.164,38.198,19.883,15.353,13.574,2.303,0.677,Stressed
45.835,21.685,35.901,26.429,9.336,8.853,11.954,1.755,0.538,Normal
17.037,19.539,29.413,30.57,14.735,11.278,14.511,2.127,0.697,Focused
25.969,17.287,37.035,29.59,13.516,13.128,11.015,2.253,0.64,Focused
22.783,13.412,23.073,39.844,24.59,13.013,20.38,2.491,0.725,Stressed
45.736,24.355,20.523,10.558,6.225,4.568,7.622,1.439,0.469,Drowsy
19.037,18.656,27.647,43.408,21.533,17.546,18.398,2.478,0.681,Stressed
17.931,13.733,20.683,50.134,17.935,14.515,17.559,2.349,0.737,Stressed
42.852,28.603,24.472,7.825,8.404,4.648,7.607,1.49,0.555,Drowsy
35.483,23.539,32.417,22.563,9.098,7.521,9.045,1.929,0.551,Normal
32.392,23.516,28.3,16.775,10.897,6.391,10.287,2.049,0.495,Normal
18.982,19.772,37.705,32.28,14.123,10.775,15.43,2.09,0.553,Focused
19.016,23.209,44.915,34.312,14.121,10.682,12.858,2.109,0.635,Focused
33.706,26.245,34.717,25.685,9.325,7.686,7.98,1.703,0.608,Normal
51.609,25.538,20.491,10.926,6.444,7.13,6.263,1.397,0.443,Drowsy
32.042,19.944,24.396,23.6,8.463,10.632,7.502,2.004,0.563,Normal
34.75,14.665,26.312,21.333,8.503,10.449,8.284,1.747,0.558,Normal
46.573,34.753,22.377,12.904,6.765,5.763,6.779,1.399,0.479,Drowsy
35.298,35.003,20.964,10.555,6.722,8.125,7.928,1.481,0.498,Drowsy
46.631,30.276,23.465,8.969,8.715,6.233,7.478,1.493,0.436,Drowsy
17.842,14.482,26.926,38.064,16.436,11.926,19.513,2.474,0.705,Stressed
46.904,24.609,29.09,11.563,6.589,8.383,5.509,1.365,0.414,Drowsy
38.917,19.915,23.661,17.972,11.515,7.172,13.07,1.732,0.561,Normal
17.591,15.834,17.618,39.062,22.008,13.398,17.099,2.495,0.611,Stressed
22.762,15.501,31.921,26.042,15.112,12.783,16.219,2.201,0.69,Focused
19.689,14.25,23.943,38.81,18.972,14.984,16.639,2.524,0.592,Stressed
36.043,22.677,26.941,24.192,8.973,8.107,9.427,1.857,0.57,Normal
40.192,27.143,32.193,19.116,9.62,9.82,10.17,2.078,0.574,Normal
21.592,15.693,23.299,40.271,19.7,14.677,19.372,2.418,0.743,Stressed
19.703,12.581,28.328,43.726,18.839,16.856,17.695,2.345,0.729,Stressed
53.799,24.344,28.245,12.054,7.917,5.895,3.973,1.482,0.544,Drowsy
22.527,18.57,43.802,34.813,14.485,8.518,12.848,2.085,0.626,Focused
57.523,32.243,25.72,12.7,6.161,8.435,9.39,1.547,0.575,Drowsy
37.455,29.692,24.369,26.269,10.125,6.652,8.404,1.777,0.605,Normal
17.952,12.605,32.619,48.38,21.734,13.87,17.864,2.335,0.776,Stressed
54.445,34.588,24.485,13.582,7.3,6.097,8.088,1.509,0.603,Drowsy
21.217,18.521,32.751,33.483,13.656,13.633,15.888,2.044,0.611,Focused
43.336,30.676,22.638,12.293,7.573,7.444,5.529,1.764,0.526,Drowsy
15.025,15.341,27.29,45.555,19.588,13.898,19.147,2.542,0.63,Stressed
34.863,18.046,29.679,18.556,10.804,8.55,8.872,1.738,0.486,Normal
16.096,16.173,27.354,44.443,20.082,14.456,19.137,2.481,0.663,Stressed
31.186,19.933,35.276,21.404,10.081,5.863,9.347,1.813,0.481,Normal
38.274,25.968,27.013,12.869,6.671,4.473,5.767,1.455,0.519,Drowsy
24.223,17.203,24.744,30.561,12.255,8.553,12.515,2.113,0.7,Focused
16.038,17.16,19.343,41.662,18.488,13.899,16.264,2.344,0.765,Stressed
47.639,30.868,25.254,13.149,7.776,4.424,8.043,1.358,0.515,Drowsy
24.75,19.26,37.409,34.227,12.812,12.283,15.979,2.228,0.576,Focused
17.57,16.355,24.958,42.687,20.57,13.184,16.874,2.334,0.683,Stressed
20.939,19.472,32.739,34.898,14.335,11.71,13.225,1.901,0.65,Focused
58.376,25.314,19.441,11.82,7.013,6.328,6.464,1.476,0.502,Drowsy
36.291,26.341,32.267,19.811,9.328,9.121,10.732,1.797,0.557,Normal
33.382,24.327,32.384,26.187,8.515,11.2,7.657,1.782,0.585,Normal
33.109,24.002,32.164,18.188,7.245,7.174,8.535,1.739,0.541,Normal
16.517,16.739,26.3,45.38,23.767,14.899,19.432,2.359,0.754,Stressed
36.543,29.294,29.196,21.078,9.977,7.545,10.96,1.606,0.487,Normal
18.722,18.722,37.292,24.674,12.555,10.38,16.265,2.167,0.54,Focused
36.578,22.27,28.95,20.411,12.223,7.98,8.731,1.899,0.477,Normal
30.196,24.313,29.88,21.451,9.846,5.177,9.342,1.811,0.56,Normal
44.157,27.361,28.288,12.612,5.702,5.191,7.464,1.601,0.439,Drowsy
18.072,15.843,26.855,43.588,20.715,15.675,17.875,2.613,0.611,Stressed
21.805,17.024,38.889,29.088,12.101,11.934,14.755,2.003,0.674,Focused
36.787,21.215,29.828,21.99,8.61,10.255,11.053,1.773,0.552,Normal
18.33,18.341,32.996,26.329,12.758,12.788,15.14,2.129,0.528,Focused
37.587,25.708,28.886,22.861,8.499,9.386,9.778,1.737,0.613,Normal
37.072,24.532,26.91,23.849,9.309,8.183,13.072,1.788,0.619,Normal
28.919,15.598,44.677,35.828,14.471,13.638,14.447,2.147,0.617,Focused
41.995,26.921,23.373,18.622,9.25,8.039,10.621,1.713,0.561,Normal
19.784,19.232,25.131,34.779,19.703,13.322,18.771,2.238,0.682,Stressed
17.725,16.197,23.142,43.039,19.07,12.098,17.821,2.116,0.721,Stressed
16.641,14.643,20.276,40.403,17.407,13.234,17.492,2.341,0.668,Stressed
27.07,15.359,38.325,27.033,12.831,9.623,15.488,2.052,0.684,Focused
19.017,17.028,43.733,29.944,14.602,9.904,14.91,2.182,0.731,Focused
38.604,31.729,21.835,13.185,6.191,7.039,8.327,1.603,0.495,Drowsy
16.477,13.409,24.058,38.081,28.106,16.015,17.509,2.273,0.587,Stressed
17.596,17.983,28.187,37.696,18.268,15.208,18.998,2.496,0.615,Stressed
31.977,22.673,33.806,22.907,7.884,8.486,9.538,1.719,0.587,Normal
37.672,28.964,25.735,11.611,5.704,8.391,7.124,1.672,0.464,Drowsy
22.949,23.074,34.735,30.4,13.894,11.594,14.316,2.254,0.474,Focused
31.93,23.905,36.46,20.634,10.269,7.975,11.426,2.103,0.518,Normal
21.78,14.869,33.796,28.145,14.348,11.104,13.134,2.121,0.587,Focused
26.021,19.589,46.125,25.639,13.119,9.897,14.866,1.974,0.665,Focused
18.335,15.235,24.339,40.727,18.611,13.655,17.462,2.428,0.736,Stressed
19.576,14.212,24.124,43.297,15.043,18.182,17.66,2.157,0.709,Stressed
20.397,17.833,39.942,33.606,11.016,12.596,14.303,2.266,0.647,Focused
45.128,26.576,23.975,10.55,7.04,5.154,5.207,1.651,0.45,Drowsy
24.907,19.008,44.139,34.005,13.836,14.409,15.067,2.169,0.543,Focused
20.236,17.868,33.174,22.407,14.337,11.913,14.314,1.866,0.599,Focused
39.825,18.99,28.695,19.044,8.446,9.741,9.439,1.842,0.547,Normal
12.824,14.696,22.616,31.001,17.222,12.029,17.954,2.498,0.766,Stressed
21.663,21.264,31.383,31.954,11.896,11.545,15.064,2.05,0.464,Focused
45.211,33.439,24.884,11.124,7.498,6.614,7.428,1.51,0.478,Drowsy
36.5,28.256,28.134,19.866,9.398,9.373,10.395,1.736,0.581,Normal
33.967,21.571,37.815,21.536,10.148,8.827,10.052,2.003,0.513,Normal
47.884,27.224,19.678,11.012,6.482,6.161,6.586,1.583,0.443,Drowsy
31.731,24.564,26.478,23.078,7.957,9.544,10.567,1.831,0.609,Normal
17.799,13.559,20.679,44.645,20.958,16.575,18.39,2.417,0.596,Stressed
51.454,35.828,26.247,10.248,8.145,5.092,8.093,1.689,0.507,Drowsy
19.304,18.639,25.036,45.698,17.685,14.378,17.131,2.438,0.678,Stressed
41.978,24.06,30.831,18.673,9.26,7.437,9.619,1.954,0.583,Normal
23.72,15.543,37.081,31.975,15.006,12.003,13.119,2.11,0.647,Focused
33.759,26.007,28.798,25.097,10.444,7.839,10.537,1.611,0.482,Normal
44.434,24.577,21.987,10.298,7.837,4.953,7.149,1.454,0.404,Drowsy
16.652,15.687,46.716,27.083,14.318,12.511,12.494,2.122,0.676,Focused
24.022,14.51,39.366,35.581,13.303,12.051,17.378,2.087,0.644,Focused
35.64,21.631,34.036,22.001,9.989,7.508,10.186,1.899,0.498,Normal
15.129,14.575,25.518,40.036,22.263,15.272,17.577,2.658,0.694,Stressed
17.066,16.445,21.329,46.184,18.478,16.693,17.72,2.424,0.67,Stressed
16.396,15.777,29.466,39.454,22.605,15.058,17.42,2.37,0.69,Stressed
47.599,25.727,28.173,11.152,6.214,5.733,5.905,1.45,0.501,Drowsy
21.975,18.663,46.269,30.683,14.468,10.236,12.984,2.03,0.591,Focused
25.133,21.102,36.914,32.177,12.48,12.759,14.799,2.333,0.567,Focused
24.106,13.984,38.207,34.144,17.119,10.277,14.389,1.884,0.476,Focused
18.638,15.876,24.268,37.36,18.776,15.431,19.132,2.328,0.648,Stressed
25.422,15.609,36.333,31.419,11.655,11.887,13.131,2.077,0.593,Focused
29.976,26.34,34.882,21.81,11.204,8.542,9.226,1.843,0.642,Normal
35.776,20.12,26.502,25.169,9.212,6.43,10.644,1.942,0.593,Normal
44.993,41.077,29.08,10.208,7.196,5.088,5.783,1.339,0.506,Drowsy
20.068,22.083,38.225,34.952,12.978,11.545,14.373,1.873,0.741,Focused
16.553,17.315,42.292,32.737,17.273,12.538,13.215,2.103,0.617,Focused
19.378,15.806,31.668,25.855,11.955,11.239,12.929,2.162,0.622,Focused
19.544,15.551,26.037,43.729,23.859,17.03,19.616,2.573,0.717,Stressed
15.058,14.687,23.974,40.292,24.623,15.122,19.415,2.348,0.681,Stressed
23.283,14.658,42.937,30.191,13.843,12.989,12.455,1.932,0.585,Focused
53.993,22.962,23.893,12.308,6.229,8.597,6.238,1.495,0.513,Drowsy
22.432,12.725,22.194,39.804,19.648,16.51,16.731,2.431,0.665,Stressed
48.45,31.441,25.605,10.517,7.039,4.389,7.097,1.442,0.632,Drowsy
46.417,22.076,19.003,12.049,7.516,6.563,7.201,1.639,0.448,Drowsy
48.087,26.491,26.937,12.028,5.051,7.174,6.971,1.644,0.414,Drowsy
53.518,36.507,26.518,10.479,6.784,6.462,9.482,1.332,0.552,Drowsy
51.935,35.005,30.362,11.645,5.067,4.769,6.488,1.469,0.469,Drowsy
18.961,11.868,34.309,35.674,14.868,10.668,13.973,2.017,0.632,Focused
16.7,17.161,36.606,34.433,12.827,13.518,11.706,2.257,0.607,Focused
32.236,23.125,25.155,19.837,9.429,9.312,10.315,1.823,0.601,Normal
21.745,17.102,33.687,34.336,11.787,12.164,12.797,2.01,0.532,Focused
50.289,27.309,24.158,9.98,6.909,7.668,7.822,1.668,0.462,Drowsy
29.986,24.412,36.237,27.891,10.766,8.751,7.839,1.735,0.503,Normal
34.594,22.431,31.437,21.901,11.324,8.171,10.18,1.756,0.547,Normal
34.104,28.293,30.535,21.11,9.264,7.546,9.534,1.82,0.56,Normal
20.436,18.267,46.911,30.058,12.221,13.222,16.355,2.1,0.681,Focused
47.246,34.062,22.372,10.84,7.849,5.933,8.654,1.419,0.477,Drowsy
20.319,14.789,23.142,43.691,18.734,14.992,18.479,2.494,0.593,Stressed
47.543,28.918,21.983,12.519,6.548,6.983,5.716,1.706,0.426,Drowsy
22.618,17.463,43.474,32.539,10.695,9.324,13.777,2.137,0.617,Focused
27.539,16.865,38.148,29.418,14.375,8.387,13.345,1.969,0.628,Focused
39.741,31.188,22.558,11.473,7.424,6.782,8.604,1.49,0.498,Drowsy
37.32,24.645,34.911,22.331,9.485,8.183,10.652,1.806,0.552,Normal
51.566,35.011,25.333,13.898,5.859,5.335,6.654,1.486,0.485,Drowsy
22.795,18.397,50.28,33.343,12.313,10.857,11.869,2.09,0.57,Focused
47.617,28.711,28.682,10.257,7.368,3.945,8.278,1.469,0.556,Drowsy
42.687,30.027,20.564,11.298,5.794,7.041,7.86,1.292,0.56,Drowsy
37.086,23.602,32.332,26.021,9.719,7.649,11.895,1.892,0.522,Normal
22.572,15.63,35.315,28.785,12.979,10.191,13.342,2.2,0.554,Focused
36.036,29.153,31.437,9.775,5.335,3.751,8.078,1.635,0.449,Drowsy
56.146,31.611,23.496,11.354,7.2,4.064,6.828,1.632,0.349,Drowsy
16.595,15.373,29.767,38.524,20.865,15.812,16.799,2.297,0.628,Stressed
35.96,29.387,24.203,11.424,6.904,6.396,6.82,1.348,0.509,Drowsy
21.45,20.606,31.036,27.948,14.212,9.523,13.049,2.049,0.538,Focused
21.105,18.799,37.436,33.758,13.165,10.726,12.812,2.096,0.571,Focused
38.218,27.534,29.639,21.462,8.946,6.76,9.728,1.844,0.605,Normal
30.185,24.872,27.285,21.831,10.395,8.482,10.506,1.994,0.577,Normal
23.814,21.168,32.931,31.862,13.107,8.648,14.416,2.401,0.51,Focused
21.603,17.294,33.246,27.499,14.78,10.174,14.38,1.994,0.631,Focused
46.304,35.23,29.586,11.883,6.153,2.871,5.234,1.335,0.563,Drowsy
15.956,15.65,24.81,38.69,21.404,15.422,20.199,2.216,0.693,Stressed
34.215,22.734,35.209,22.519,11.238,5.772,10.32,1.907,0.555,Normal
18.98,14.299,22.2,34.714,21.757,16.511,18.028,2.296,0.795,Stressed
38.582,25.396,26.953,20.301,11.236,7.498,9.516,1.685,0.575,Normal
19.985,18.082,41.116,31.196,15.803,14.546,13.057,1.934,0.638,Focused
19.008,16.152,23.17,40.878,17.62,15.158,18.181,2.22,0.76,Stressed
36.98,29.42,34.844,26.206,9.387,6.516,9.849,1.807,0.616,Normal
25.843,19.522,41.598,32.322,16.37,11.615,12.967,2.268,0.662,Focused
30.365,24.518,35.011,24.424,8.115,6.516,11.129,1.682,0.537,Normal
23.021,20.357,47.176,35.931,14.419,12.568,14.174,2.103,0.599,Focused
20.989,17.733,36.187,27.453,13.328,11.404,13.946,2.122,0.58,Focused
24.313,21.181,35.246,31.119,11.246,10.411,15.196,2.044,0.658,Focused
38.86,23.164,30.963,22.849,9.198,9.488,9.79,1.709,0.582,Normal
16.803,19.415,41.697,28.184,14.706,9.715,14.117,1.948,0.512,Focused
58.28,30.048,24.325,10.663,9.466,4.39,6.485,1.55,0.516,Drowsy
40.241,22.06,31.004,19.795,12.574,6.219,10.372,1.876,0.575,Normal
20.052,18.392,40.099,32.748,12.287,11.31,15.755,2.154,0.678,Focused
34.492,25.208,26.805,20.845,10.867,7.441,12.072,1.752,0.563,Normal
43.913,26.973,24.53,20.722,11.52,6.938,10.533,1.893,0.494,Normal
21.901,21.12,24.28,45.36,20.557,15.748,17.589,2.423,0.732,Stressed
30.515,26.737,36.158,21.724,9.797,8.105,11.394,1.689,0.564,Normal
23.31,16.844,40.332,39.431,15.37,10.928,13.78,2.057,0.691,Focused
17.991,15.921,26.159,30.328,20.802,14.565,16.994,2.311,0.687,Stressed
37.445,23.348,26.546,21.017,11.306,10.827,11.852,1.741,0.483,Normal
48.436,28.444,28.818,10.316,6.394,10.17,5.754,1.338,0.524,Drowsy
37.345,24.219,31.94,19.569,10.203,5.879,9.867,1.692,0.506,Normal
31.627,28.299,29.024,21.944,9.103,4.364,11.061,1.888,0.533,Normal
39.33,26.682,26.979,21.184,10.398,9.463,9.425,1.778,0.484,Normal
41.301,28.512,25.097,14.106,6.756,7.609,8.715,1.672,0.497,Drowsy
19.428,19.519,32.038,25.864,12.942,12.098,13.764,2.044,0.623,Focused
34.899,24.57,29.48,20.486,9.344,7.951,9.348,1.714,0.556,Normal
19.305,15.213,23.796,40.437,20.258,16.497,18.772,2.649,0.832,Stressed
20.686,16.682,18.789,43.05,19.718,14.317,18.294,2.457,0.742,Stressed
35.728,24.703,29.196,25.933,8.079,6.757,9.876,1.603,0.539,Normal
31.226,24.081,29.967,24.867,10.57,7.962,10.981,1.967,0.583,Normal
18.418,18.515,23.786,39.114,21.422,15.149,17.532,2.462,0.661,Stressed
31.217,25.839,28.817,23.592,9.347,7.756,10.049,1.68,0.594,Normal
30.919,20.027,27.744,24.277,11.144,8.77,10.87,1.862,0.512,Normal
22.129,14.769,23.237,35.667,26.476,15.363,16.979,2.504,0.746,Stressed
42.477,25.131,20.249,12.595,6.82,6.569,7.829,1.532,0.519,Drowsy
37.31,21.211,30.379,18.478,9.278,8.48,8.088,1.853,0.549,Normal
16.1,14.425,23.358,41.354,19.633,15.65,20.116,2.339,0.597,Stressed
16.751,15.851,23.832,43.967,17.442,14.923,20.294,2.54,0.781,Stressed
34.904,21.122,28.183,24.219,10.656,7.642,9.56,1.753,0.495,Normal
31.753,24.071,31.793,25.831,11.151,11.23,9.079,1.905,0.561,Normal
44.542,30.503,25.22,13.395,7.812,6.741,6.565,1.589,0.474,Drowsy
38.531,22.12,28.394,17.012,9.457,4.364,8.099,1.891,0.597,Normal
39.382,26.694,28.968,11.756,7.067,7.138,7.836,1.533,0.467,Drowsy
32.267,22.597,27.867,19.719,10.058,6.754,10.325,1.794,0.536,Normal
19.059,18.559,38.97,35.006,13.276,11.612,14.661,2.153,0.57,Focused
23.5,15.733,44.213,38.3,19.295,9.315,14.291,1.85,0.653,Focused
13.449,13.266,24.514,30.57,16.445,14.996,17.348,2.639,0.81,Stressed
20.87,17.57,21.369,41.474,19.877,15.938,17.732,2.363,0.782,Stressed
31.754,23.318,28.253,22.216,12.778,5.199,10.824,1.606,0.522,Normal
19.44,18.239,35.144,33.897,9.204,9.715,12.649,2.069,0.588,Focused
62.682,31.912,25.447,13.701,8.969,7.306,8.139,1.516,0.472,Drowsy
29.702,31.005,25.875,9.565,6.178,10.133,6.633,1.588,0.441,Drowsy
44.403,32.689,25.094,12.994,7.914,7.037,7.328,1.38,0.48,Drowsy
51.095,32.312,19.917,13.45,6.521,5.463,10.165,1.536,0.457,Drowsy
20.228,16.745,21.206,33.506,20.357,14.743,18.105,2.398,0.855,Stressed
20.452,18.484,41.259,24.128,15.947,10.496,14.511,2.244,0.538,Focused
29.969,29.658,30.127,20.153,10.257,7.832,9.735,1.874,0.595,Normal
49.263,32.851,23.288,13.228,5.967,8.178,7.017,1.428,0.462,Drowsy
51.671,35.819,20.822,11.95,5.642,5.656,6.702,1.575,0.483,Drowsy
17.316,18.639,26.323,25.873,17.59,16.417,18.182,2.277,0.662,Stressed
18.697,13.381,22.468,42.404,17.642,17.408,19.469,2.211,0.644,Stressed
21.05,15.136,36.115,32.999,12.381,9.564,14.413,2.094,0.622,Focused
20.546,18.517,26.489,41.469,19.445,13.212,20.332,2.309,0.74,Stressed
36.815,29.986,20.23,11.043,6.242,7.214,7.14,1.346,0.533,Drowsy
48.252,33.441,23.547,11.934,6.986,7.025,7.709,1.474,0.484,Drowsy
18.541,17.552,23.239,36.284,18.554,15.003,16.729,2.34,0.669,Stressed
44.742,28.303,27.155,11.773,6.461,8.498,5.973,1.504,0.519,Drowsy
24.069,16.534,36.549,29.0,13.564,13.398,14.963,2.203,0.535,Focused
39.866,21.636,33.468,23.09,10.986,10.845,9.706,1.71,0.497,Normal
46.121,25.157,24.157,12.728,7.443,3.15,6.846,1.334,0.534,Drowsy
17.823,15.969,35.443,24.181,14.08,10.626,11.993,2.149,0.663,Focused
47.77,24.945,24.597,12.748,8.406,5.116,5.101,1.598,0.397,Drowsy
23.876,18.927,39.731,29.865,13.781,13.504,12.869,2.294,0.601,Focused
19.292,20.378,42.84,34.043,14.608,13.642,14.0,1.958,0.647,Focused
31.827,22.239,24.936,19.563,8.378,6.536,11.264,1.686,0.708,Normal
32.463,24.249,29.44,25.083,10.305,8.506,9.506,1.741,0.524,Normal
48.118,24.724,19.693,12.528,6.678,6.303,6.979,1.383,0.477,Drowsy
19.931,16.508,33.822,28.806,13.887,9.926,14.818,2.278,0.585,Focused
20.923,15.849,40.969,35.296,13.606,11.057,12.262,2.064,0.617,Focused
22.033,24.196,30.391,36.066,13.71,12.158,14.53,2.012,0.634,Focused
18.84,19.93,42.072,39.026,13.312,12.068,16.738,2.026,0.528,Focused
21.835,18.525,36.658,37.209,13.663,11.348,15.375,2.007,0.714,Focused
21.125,16.678,33.052,28.83,18.954,12.867,12.379,1.941,0.649,Focused
36.082,23.786,23.092,21.93,10.072,11.695,9.769,1.836,0.548,Normal
43.663,20.926,30.087,25.728,9.904,8.679,8.725,1.851,0.539,Normal
27.507,15.808,36.352,33.599,13.909,9.527,15.346,2.378,0.632,Focused
14.793,17.168,27.876,39.162,23.264,14.715,19.02,2.134,0.845,Stressed
62.405,26.2,23.939,10.225,7.8,8.534,9.004,1.647,0.468,Drowsy
31.568,25.899,33.375,17.756,9.085,6.846,8.872,1.9,0.538,Normal
52.3,31.172,31.827,10.773,7.435,5.206,5.957,1.499,0.488,Drowsy
17.025,15.749,24.843,30.974,16.233,14.045,18.249,2.371,0.789,Stressed
50.193,27.057,25.964,8.539,8.17,7.008,5.199,1.323,0.58,Drowsy
53.347,28.212,21.54,12.386,6.308,5.223,8.59,1.599,0.489,Drowsy
49.036,33.016,24.694,10.787,7.631,6.982,8.166,1.498,0.444,Drowsy
43.708,29.622,26.838,11.963,6.818,6.088,6.275,1.459,0.355,Drowsy
36.801,25.996,30.635,21.031,9.007,8.129,8.713,1.449,0.576,Normal
44.722,27.13,25.123,12.626,6.669,6.807,7.368,1.38,0.511,Drowsy
53.908,39.511,26.794,12.071,7.607,5.452,9.866,1.522,0.464,Drowsy
43.285,33.932,23.356,10.076,7.608,7.936,10.105,1.356,0.522,Drowsy
16.086,10.528,25.568,49.86,20.355,12.876,17.229,2.345,0.639,Stressed
19.855,17.894,37.269,33.27,16.438,12.319,12.707,2.265,0.639,Focused
36.658,20.556,31.601,25.159,9.268,7.799,10.018,1.706,0.589,Normal
26.726,26.571,25.64,23.929,10.017,6.569,9.512,1.882,0.556,Normal
53.609,31.076,22.68,14.734,7.073,4.446,8.028,1.548,0.504,Drowsy
17.006,17.978,22.905,38.057,22.719,17.396,18.774,2.321,0.669,Stressed
50.3,38.972,24.175,11.542,7.098,7.607,5.192,1.264,0.445,Drowsy
19.297,17.396,33.602,33.943,12.777,14.248,15.429,2.126,0.682,Focused
23.12,18.085,31.452,26.947,14.472,7.801,15.215,2.081,0.815,Focused
33.929,28.331,20.457,24.882,11.495,4.89,9.589,1.755,0.466,Normal
32.968,23.077,31.527,23.38,9.312,7.963,12.571,2.007,0.576,Normal
42.765,36.064,27.527,12.033,8.135,3.731,5.403,1.239,0.438,Drowsy
15.57,13.91,25.617,42.702,19.669,16.17,16.591,2.357,0.799,Stressed
25.223,16.106,45.807,25.289,14.73,11.713,13.045,2.151,0.697,Focused
30.711,26.04,30.878,20.511,8.464,9.309,10.78,1.788,0.661,Normal
35.16,24.346,32.209,19.3,9.691,5.497,10.479,1.878,0.521,Normal
20.817,16.505,29.022,32.397,17.431,11.416,13.973,2.139,0.619,Focused
29.738,30.758,23.535,14.293,7.016,4.217,6.94,1.374,0.508,Drowsy
17.96,21.52,36.301,31.068,10.825,10.318,12.752,2.027,0.612,Focused
20.961,18.386,43.605,34.316,12.571,14.728,14.318,2.253,0.611,Focused
33.235,23.188,25.16,19.575,8.795,6.848,9.958,1.828,0.643,Normal
17.166,14.242,24.719,28.285,19.558,14.691,16.363,2.289,0.749,Stressed
32.833,24.277,28.336,20.853,9.629,8.333,9.426,1.951,0.496,Normal
17.064,17.161,38.868,33.725,13.144,11.052,11.014,2.021,0.647,Focused
15.979,13.934,20.765,49.819,21.273,15.457,16.731,2.475,0.693,Stressed
13.883,15.83,30.367,43.864,25.257,16.324,19.233,2.637,0.723,Stressed
18.364,17.299,23.891,41.123,22.796,15.938,17.797,2.562,0.558,Stressed
46.722,25.141,30.305,12.461,5.818,5.337,7.133,1.705,0.414,Drowsy
43.383,28.75,27.312,10.482,7.359,3.447,6.326,1.46,0.58,Drowsy
57.213,32.531,26.6,12.238,5.839,5.275,8.01,1.374,0.328,Drowsy
36.215,31.071,27.704,20.598,9.252,7.167,9.235,1.943,0.635,Normal
34.015,19.924,28.486,21.095,9.037,7.758,10.485,2.026,0.56,Normal
24.53,18.112,39.045,36.125,14.377,12.356,13.643,2.257,0.639,Focused
36.772,22.619,27.218,12.73,6.952,3.907,6.151,1.468,0.384,Drowsy
42.88,26.737,27.923,19.628,10.59,6.02,12.198,1.942,0.522,Normal
44.197,21.672,26.977,20.418,7.451,7.211,9.089,1.818,0.571,Normal
20.393,16.857,33.182,36.697,13.565,11.529,13.316,1.882,0.636,Focused
34.986,23.51,28.368,23.838,11.146,8.133,11.773,1.663,0.538,Normal
23.437,19.827,40.344,30.229,15.271,8.908,15.265,1.957,0.637,Focused
18.306,16.912,27.372,32.055,21.403,14.598,18.2,2.527,0.628,Stressed
47.609,31.554,27.219,15.704,5.11,6.913,6.331,1.43,0.443,Drowsy
16.134,15.757,21.378,43.337,19.098,13.043,18.53,2.228,0.65,Stressed
36.548,22.867,30.103,25.375,10.229,8.07,8.368,1.89,0.589,Normal
19.439,17.141,43.644,33.458,12.374,10.535,13.263,2.015,0.679,Focused
32.287,21.698,28.262,19.483,10.147,10.437,10.388,1.77,0.532,Normal
16.515,17.308,45.494,33.385,12.549,10.953,14.022,2.157,0.538,Focused
19.373,17.608,28.073,32.685,16.4,8.789,13.297,2.139,0.695,Focused
17.582,17.43,25.849,38.703,20.523,13.763,18.844,2.391,0.683,Stressed
21.23,15.454,18.32,41.383,16.535,15.667,18.494,2.287,0.767,Stressed
47.341,30.532,22.715,12.303,8.285,4.833,8.406,1.68,0.431,Drowsy
38.797,17.195,26.365,23.635,12.469,8.031,9.126,1.778,0.632,Normal
21.915,19.384,38.561,31.566,11.817,11.349,13.092,1.837,0.692,Focused
18.172,8.634,27.562,37.406,18.076,14.402,17.464,2.473,0.606,Stressed
16.68,14.986,27.897,24.539,20.949,15.051,15.983,2.437,0.729,Stressed
21.493,14.521,27.293,40.887,20.605,12.045,15.357,2.374,0.715,Stressed
47.087,26.695,25.277,9.747,7.12,7.307,5.499,1.316,0.575,Drowsy
19.875,17.163,36.114,30.166,11.891,10.809,13.327,1.748,0.743,Focused
19.325,18.185,19.907,48.411,13.979,13.847,17.449,2.47,0.713,Stressed
18.341,17.574,23.437,41.427,24.001,11.814,18.496,2.656,0.717,Stressed
23.314,19.438,39.922,35.222,12.963,10.163,12.68,2.153,0.667,Focused
51.949,29.49,28.499,12.765,5.17,5.206,6.326,1.558,0.323,Drowsy
24.741,14.718,25.085,30.268,14.927,12.8,13.444,2.051,0.689,Focused
41.51,21.744,28.841,24.148,8.523,8.341,11.569,1.607,0.561,Normal
21.537,19.444,38.447,36.976,12.792,12.118,13.766,2.092,0.626,Focused
16.125,17.07,26.158,37.132,16.411,14.982,17.793,2.348,0.727,Stressed
34.315,21.855,27.569,21.618,9.049,7.538,7.728,1.826,0.55,Normal
28.435,26.543,29.72,21.524,13.832,8.448,9.098,1.749,0.619,Normal
18.262,15.041,25.927,48.972,18.19,12.502,15.598,2.382,0.66,Stressed
35.244,20.708,31.288,23.48,11.3,9.581,8.347,1.687,0.581,Normal
19.486,16.538,34.477,35.188,15.513,11.677,15.42,1.959,0.72,Focused
52.974,30.617,28.458,10.247,7.393,4.245,5.663,1.424,0.423,Drowsy
21.007,16.042,24.913,43.888,18.26,15.081,18.151,2.285,0.839,Stressed
22.838,17.281,37.574,29.967,11.456,11.482,16.106,2.102,0.634,Focused
21.482,18.652,38.8,24.92,12.504,10.904,14.644,1.836,0.61,Focused
50.898,28.853,21.911,11.822,7.26,5.016,6.717,1.387,0.547,Drowsy
22.589,10.674,23.483,48.283,20.292,16.13,18.12,2.32,0.565,Stressed
40.926,23.716,30.068,23.87,10.28,9.43,10.345,1.727,0.572,Normal
62.385,30.166,23.077,16.067,5.892,6.03,7.216,1.661,0.502,Drowsy
30.807,26.835,29.23,21.869,10.81,6.316,10.459,1.82,0.58,Normal
46.929,24.242,31.831,10.222,6.133,5.34,8.546,1.502,0.406,Drowsy
36.176,20.759,38.805,22.341,10.131,9.089,10.577,1.827,0.503,Normal
48.653,31.652,24.435,11.851,6.82,7.455,7.503,1.526,0.404,Drowsy
15.042,18.007,39.495,35.549,12.297,11.129,12.889,2.131,0.566,Focused
14.602,13.979,26.864,41.223,19.691,14.236,18.582,2.298,0.718,Stressed
25.499,14.961,40.672,29.171,11.622,11.328,15.211,1.999,0.53,Focused
39.368,22.256,36.574,23.79,9.415,11.236,9.273,1.889,0.568,Normal
31.733,20.802,36.308,24.47,11.526,9.083,8.645,1.737,0.579,Normal
47.234,25.245,31.429,11.324,7.133,7.734,6.27,1.379,0.495,Drowsy
21.791,16.749,35.807,34.673,13.13,10.868,16.604,1.929,0.509,Focused
38.659,20.124,30.455,27.119,8.8,6.983,10.617,1.822,0.571,Normal
17.759,21.779,44.299,27.038,15.159,10.246,14.316,2.135,0.606,Focused
35.094,25.576,25.749,24.942,10.858,9.077,10.526,1.802,0.59,Normal
22.523,16.688,36.156,29.365,11.593,11.219,14.702,2.162,0.669,Focused
36.095,22.415,27.582,21.933,11.407,8.815,9.555,1.893,0.379,Normal
15.873,17.097,21.916,46.08,17.669,14.83,17.334,2.281,0.744,Stressed
51.953,26.98,25.204,9.091,8.211,5.231,7.067,1.463,0.549,Drowsy
19.166,15.373,20.628,40.971,16.263,15.06,16.293,2.455,0.645,Stressed
51.112,30.804,21.405,13.561,7.177,6.298,6.989,1.438,0.493,Drowsy
33.975,26.777,34.282,18.759,10.717,9.052,9.643,1.965,0.541,Normal
34.275,26.545,32.348,17.838,11.772,10.07,9.249,1.847,0.58,Normal
25.761,17.802,33.952,35.831,13.518,12.139,13.65,2.093,0.65,Focused
48.303,27.279,26.081,11.688,6.211,7.999,8.115,1.427,0.51,Drowsy
31.188,22.339,32.719,23.322,8.827,8.149,10.902,1.6,0.583,Normal
14.276,17.332,27.36,44.278,19.51,14.564,18.533,2.498,0.736,Stressed
15.672,16.659,25.794,43.079,18.111,13.533,17.392,2.429,0.789,Stressed
19.613,14.654,39.176,36.239,14.798,10.996,13.293,1.969,0.67,Focused
19.036,16.018,42.641,33.043,14.926,11.511,14.469,1.941,0.683,Focused
36.396,21.844,35.584,22.305,11.415,8.101,12.473,2.011,0.535,Normal
16.384,17.786,35.251,33.66,14.79,9.939,13.145,2.087,0.566,Focused
40.769,23.604,33.43,26.256,11.578,10.46,10.891,1.809,0.454,Normal
19.926,15.703,18.778,39.907,20.244,16.751,19.906,2.318,0.748,Stressed
18.444,14.511,21.695,37.605,24.188,18.607,18.261,2.344,0.629,Stressed
44.23,22.622,26.121,14.096,6.504,6.66,5.118,1.555,0.456,Drowsy
17.493,15.588,43.635,31.401,13.079,11.24,14.602,2.234,0.707,Focused
20.553,22.155,34.468,25.514,13.208,8.037,14.901,1.852,0.622,Focused
43.56,25.398,22.314,10.075,8.123,8.323,7.384,1.647,0.488,Drowsy
21.115,18.739,45.087,35.279,14.697,11.695,14.052,2.167,0.468,Focused
23.829,15.258,45.763,32.777,16.742,9.9,16.182,2.193,0.653,Focused
17.925,17.739,30.755,33.28,19.751,13.229,19.91,2.329,0.613,Stressed
35.013,25.258,34.286,24.507,8.218,4.169,11.121,1.636,0.537,Normal
45.094,23.834,30.724,24.774,11.327,9.781,10.766,1.663,0.648,Normal
19.581,18.409,26.306,49.887,21.341,14.765,18.412,2.549,0.653,Stressed
34.737,26.751,26.451,23.331,9.364,6.811,9.872,1.676,0.517,Normal
20.676,20.107,40.351,35.757,14.877,9.344,13.603,2.006,0.7,Focused
15.127,12.179,24.957,38.193,20.759,15.876,19.541,2.219,0.667,Stressed
35.807,23.11,30.481,21.597,10.85,9.435,9.057,1.64,0.44,Normal
17.853,20.928,35.214,33.937,11.374,9.231,15.722,2.058,0.707,Focused
23.595,22.976,31.254,36.835,15.926,9.54,15.209,2.14,0.606,Focused
47.438,31.18,27.857,10.832,7.308,4.889,8.038,1.518,0.498,Drowsy
16.091,13.419,35.233,33.758,9.384,10.25,13.369,2.267,0.597,Focused
31.574,23.778,31.228,22.73,10.993,8.02,11.744,1.768,0.713,Normal
20.955,19.776,23.887,45.999,17.464,16.613,19.257,2.504,0.699,Stressed
15.885,16.314,27.785,35.446,22.547,14.35,20.104,2.356,0.65,Stressed
19.955,15.566,28.137,36.621,17.469,14.899,17.901,2.492,0.654,Stressed
22.825,20.576,32.264,34.809,14.992,10.787,14.406,2.224,0.672,Focused
51.57,23.119,25.279,11.325,6.363,8.026,6.216,1.403,0.485,Drowsy
58.946,33.683,29.931,12.563,7.981,4.914,6.227,1.171,0.551,Drowsy
36.029,22.54,28.304,22.613,8.262,5.889,9.138,1.774,0.569,Normal
34.85,19.348,34.193,20.061,9.028,8.301,11.378,1.678,0.554,Normal
36.984,28.274,31.28,21.174,9.999,6.124,10.725,1.906,0.523,Normal
15.703,17.962,20.959,34.96,17.817,16.139,17.26,2.238,0.664,Stressed
44.844,29.229,27.511,11.538,5.668,7.71,5.995,1.493,0.507,Drowsy
20.109,13.826,20.835,43.3,19.787,14.319,19.068,2.327,0.688,Stressed
18.357,16.024,28.715,33.129,16.915,12.576,18.447,2.42,0.793,Stressed
40.467,28.497,30.115,20.011,10.552,6.983,12.416,1.816,0.528,Normal
25.23,20.368,35.147,26.934,13.659,9.8,13.924,2.248,0.593,Focused
44.715,25.755,25.102,10.286,7.778,5.863,6.787,1.579,0.538,Drowsy
45.488,29.073,24.791,12.992,6.426,5.589,6.983,1.518,0.486,Drowsy
42.67,23.68,22.915,12.681,6.41,5.643,7.56,1.562,0.415,Drowsy
35.975,24.844,27.428,26.926,10.569,6.213,10.788,1.683,0.597,Normal
35.527,23.502,30.056,19.106,8.272,10.392,8.984,1.681,0.421,Normal
21.241,18.621,37.792,30.371,13.043,11.494,12.179,2.19,0.595,Focused
23.379,18.904,44.391,34.498,11.475,12.578,12.802,2.054,0.635,Focused
50.339,29.154,22.319,13.149,5.426,6.969,5.681,1.65,0.49,Drowsy
18.448,16.856,25.22,32.297,17.302,15.154,15.975,2.5,0.752,Stressed
39.65,23.653,22.178,24.237,9.358,7.864,10.398,1.823,0.593,Normal
41.611,20.47,24.728,22.593,11.257,10.526,9.449,1.929,0.548,Normal
45.896,23.984,31.108,12.675,6.587,7.992,5.833,1.549,0.47,Drowsy
53.622,35.038,23.114,11.6,6.13,5.695,6.956,1.579,0.545,Drowsy
35.476,19.858,33.309,20.236,12.248,9.62,9.463,1.954,0.554,Normal
26.127,16.232,44.988,33.919,11.649,11.551,11.48,2.175,0.673,Focused
16.378,13.788,24.314,41.853,17.176,16.392,15.875,2.331,0.685,Stressed
45.479,30.655,26.318,11.858,5.485,6.497,7.437,1.418,0.403,Drowsy
50.831,25.596,29.274,14.234,7.741,4.858,6.633,1.517,0.438,Drowsy
44.476,34.089,24.538,11.767,7.368,4.674,7.159,1.454,0.401,Drowsy
18.714,16.163,25.975,41.502,20.158,14.597,18.098,2.458,0.716,Stressed
51.591,32.532,31.465,11.546,6.21,6.369,6.037,1.678,0.463,Drowsy
18.449,16.255,19.383,31.289,20.71,15.203,17.489,2.201,0.728,Stressed
37.616,20.925,29.487,22.318,10.617,9.067,8.65,1.616,0.627,Normal
18.642,15.996,24.403,40.259,16.817,15.836,18.759,2.482,0.757,Stressed
44.093,22.147,33.34,22.151,10.322,10.293,10.609,1.865,0.614,Normal
16.187,18.635,24.409,36.77,21.591,16.34,18.77,2.276,0.671,Stressed
22.936,23.921,36.38,26.386,9.451,7.097,10.563,1.68,0.568,Normal
36.092,26.252,25.547,18.514,10.626,8.445,10.301,1.842,0.509,Normal
55.547,29.223,27.812,14.354,8.102,4.362,6.696,1.459,0.509,Drowsy
33.868,26.067,35.408,22.196,11.954,5.93,7.956,1.793,0.573,Normal
14.798,14.557,28.378,40.629,22.124,18.077,17.167,2.388,0.684,Stressed
16.379,11.849,25.32,34.697,22.373,14.428,18.724,2.568,0.627,Stressed
31.214,31.884,21.339,9.095,4.621,7.221,7.154,1.473,0.563,Drowsy
18.963,12.693,21.925,41.975,20.985,16.822,17.826,2.449,0.701,Stressed
21.948,17.768,43.564,27.866,12.719,12.554,13.285,2.208,0.722,Focused
20.509,20.206,47.523,25.91,10.842,13.806,14.468,1.996,0.652,Focused
47.031,32.157,21.377,13.165,6.286,5.276,7.637,1.42,0.482,Drowsy
15.813,12.284,22.418,46.386,19.711,12.99,17.417,2.221,0.632,Stressed
35.772,29.185,34.46,22.554,9.41,9.211,8.832,1.857,0.58,Normal
44.005,25.826,22.709,22.492,9.206,9.279,9.049,1.786,0.58,Normal
22.026,11.888,21.985,38.995,23.492,12.545,20.323,2.416,0.694,Stressed
24.009,18.13,39.771,36.798,11.761,10.476,13.073,2.145,0.694,Focused
20.512,15.23,26.044,44.454,20.5,11.468,18.022,2.548,0.732,Stressed
25.089,18.29,38.363,34.128,12.552,11.045,11.417,2.205,0.526,Focused
34.423,25.125,29.628,22.701,9.301,4.342,9.839,1.971,0.606,Normal
32.156,26.808,29.471,19.821,9.614,8.619,9.324,1.701,0.565,Normal
18.707,13.847,27.975,49.779,20.353,15.766,18.242,2.464,0.693,Stressed
20.612,18.384,39.826,32.503,13.87,9.207,15.741,2.317,0.519,Focused
24.23,17.988,43.374,26.726,14.873,13.803,14.504,2.133,0.621,Focused
19.378,19.349,25.911,40.983,20.982,17.122,16.951,2.387,0.673,Stressed
20.384,15.262,23.817,42.317,22.601,14.5,19.824,2.144,0.746,Stressed
51.98,28.399,25.417,11.935,6.222,5.829,6.828,1.48,0.482,Drowsy
16.739,13.915,24.086,36.927,23.561,13.898,16.321,2.142,0.698,Stressed
39.096,25.443,30.682,24.643,6.756,9.017,9.215,1.58,0.581,Normal
16.92,17.043,23.326,39.059,20.983,14.105,19.792,2.381,0.737,Stressed
20.247,14.044,23.344,35.488,19.073,16.523,18.13,2.713,0.712,Stressed
52.4,29.809,23.347,12.242,7.794,6.751,5.946,1.589,0.442,Drowsy
18.415,16.533,24.922,39.336,19.094,19.737,19.088,2.45,0.686,Stressed
20.048,15.413,20.439,46.117,19.771,17.595,15.305,2.423,0.815,Stressed
41.788,29.369,26.198,12.519,7.424,6.436,6.392,1.438,0.408,Drowsy
15.477,15.37,27.19,42.72,21.546,15.22,18.628,2.304,0.681,Stressed
40.417,25.939,29.502,18.768,9.749,6.724,9.303,1.871,0.65,Normal
18.567,14.494,22.644,45.382,23.84,17.292,18.908,2.37,0.506,Stressed
33.138,21.452,29.377,26.519,8.354,5.58,11.765,1.775,0.51,Normal
20.494,20.545,22.912,33.803,19.023,15.021,18.677,2.329,0.793,Stressed
22.84,16.915,23.559,46.793,24.42,14.782,18.417,2.281,0.691,Stressed
21.022,18.955,28.529,38.646,22.954,13.577,16.912,2.118,0.8,Stressed
37.405,28.03,33.329,22.157,9.224,9.047,10.472,1.907,0.588,Normal
39.453,31.948,31.413,20.656,9.969,5.346,9.166,1.751,0.519,Normal
44.119,33.447,16.862,11.785,5.798,5.285,6.641,1.457,0.447,Drowsy
36.584,28.509,29.763,20.534,12.257,5.828,7.361,1.853,0.52,Normal
25.441,19.266,36.119,32.988,13.596,11.012,13.609,2.08,0.633,Focused
20.686,16.311,34.536,25.199,14.792,8.253,12.526,1.851,0.615,Focused
19.932,14.529,23.238,41.756,15.34,11.423,18.415,2.459,0.824,Stressed
45.64,32.82,20.589,10.182,6.348,6.118,6.231,1.579,0.542,Drowsy
22.425,12.879,22.396,40.157,22.73,15.599,18.373,2.265,0.631,Stressed
40.253,26.9,29.132,13.469,6.695,7.282,7.409,1.68,0.484,Drowsy
37.004,24.221,25.381,24.63,9.407,5.665,9.486,1.98,0.601,Normal
36.307,32.867,34.03,21.662,8.853,5.59,10.244,1.709,0.465,Normal
35.77,23.956,32.085,22.316,8.832,9.795,9.81,1.797,0.494,Normal
24.017,14.668,35.115,34.29,12.934,10.646,14.893,2.151,0.636,Focused
17.34,18.013,21.586,37.118,21.424,15.005,18.702,2.429,0.729,Stressed
27.656,27.756,24.015,24.726,11.352,6.364,9.507,1.667,0.537,Normal
51.71,30.295,19.743,10.761,7.565,6.25,8.417,1.548,0.422,Drowsy
19.767,16.761,24.489,35.937,21.459,13.867,17.878,2.574,0.66,Stressed
16.665,17.725,21.622,48.863,24.64,15.385,17.986,2.524,0.766,Stressed
34.85,28.506,20.569,24.17,10.104,7.551,10.11,1.561,0.537,Normal
20.936,15.717,22.109,44.195,20.188,15.274,16.999,2.194,0.714,Stressed
30.775,20.503,34.169,24.09,10.749,8.943,9.985,1.692,0.555,Normal
18.86,20.277,40.608,29.294,11.417,10.783,13.465,2.114,0.598,Focused
44.363,34.476,28.684,11.518,5.493,5.15,6.28,1.421,0.438,Drowsy
18.967,19.439,40.109,25.373,12.862,12.791,12.823,2.044,0.648,Focused
25.541,16.396,35.787,36.727,16.831,11.844,12.944,2.338,0.588,Focused
36.691,31.659,28.145,11.883,8.465,7.29,7.682,1.63,0.5,Drowsy
44.204,27.933,26.609,13.489,6.658,7.362,7.148,1.485,0.467,Drowsy
45.819,33.235,25.113,12.95,8.484,7.558,7.112,1.439,0.327,Drowsy
42.931,30.969,24.353,10.304,8.235,5.067,4.792,1.659,0.45,Drowsy
20.112,11.421,22.372,31.302,17.718,10.292,17.836,2.263,0.704,Stressed
17.311,18.883,33.306,26.806,11.442,12.669,13.245,2.284,0.588,Focused
45.632,33.678,23.864,14.999,7.362,4.086,6.846,1.422,0.348,Drowsy
20.577,15.822,29.05,33.343,11.371,11.143,13.684,2.181,0.602,Focused
23.312,20.311,32.529,23.106,15.441,9.758,11.578,2.117,0.668,Focused
30.086,18.81,31.949,24.004,9.308,4.113,9.345,1.847,0.461,Normal
14.845,18.287,25.944,31.763,26.506,14.904,16.947,2.231,0.687,Stressed
48.17,31.86,22.056,9.977,7.09,5.522,7.752,1.49,0.492,Drowsy
16.912,15.669,26.058,46.134,21.369,15.153,19.798,2.362,0.762,Stressed
49.384,34.511,27.37,13.396,7.275,3.916,6.765,1.627,0.477,Drowsy
18.173,16.616,21.155,43.471,20.205,12.426,16.885,2.34,0.696,Stressed
22.856,16.849,41.829,26.787,12.487,9.554,15.296,2.213,0.649,Focused
37.043,24.186,22.888,19.52,9.827,6.185,10.72,1.984,0.623,Normal
35.043,20.222,26.166,21.194,9.269,7.72,10.068,1.864,0.546,Normal
51.993,22.7,22.342,11.521,7.591,9.748,6.726,1.331,0.504,Drowsy
18.498,16.195,24.882,40.445,22.983,15.185,16.25,2.596,0.722,Stressed
46.016,27.302,26.013,11.215,8.526,4.096,8.843,1.487,0.498,Drowsy
43.415,30.371,18.058,14.41,7.371,7.841,5.103,1.649,0.614,Drowsy
17.43,21.229,38.188,33.701,15.599,9.468,14.568,2.068,0.671,Focused
21.35,20.131,34.753,26.076,13.73,10.274,12.841,2.079,0.649,Focused
22.666,17.749,38.979,38.06,15.656,12.304,13.453,1.993,0.677,Focused
41.785,23.072,34.382,26.016,11.198,7.353,10.484,1.797,0.496,Normal
30.576,22.204,36.891,21.497,10.261,9.305,10.595,1.818,0.572,Normal
10.222,14.654,21.478,42.557,18.067,14.677,19.851,2.519,0.754,Stressed
45.849,28.199,24.49,14.357,6.846,5.97,6.421,1.632,0.598,Drowsy
37.134,20.822,22.25,23.026,12.992,7.991,11.006,1.81,0.544,Normal
17.387,18.286,26.943,41.014,19.185,16.441,18.776,2.318,0.62,Stressed
35.817,21.862,25.248,20.385,9.956,7.356,9.169,1.631,0.545,Normal
50.596,30.298,25.11,8.567,7.626,6.201,7.514,1.415,0.457,Drowsy
23.445,19.186,36.837,31.518,14.551,11.129,11.337,2.072,0.569,Focused
24.485,15.77,39.815,38.948,13.634,9.729,13.217,1.969,0.573,Focused
19.825,16.447,47.347,32.003,15.314,9.814,13.064,2.23,0.539,Focused
38.849,24.998,33.593,14.354,12.506,7.791,11.33,1.675,0.587,Normal
39.14,27.42,39.322,23.53,10.391,8.292,9.576,1.841,0.532,Normal
34.113,21.157,29.527,22.203,9.73,7.025,10.202,1.853,0.485,Normal
20.424,12.837,36.12,35.508,14.903,11.642,13.664,1.947,0.651,Focused
33.026,24.766,28.428,21.825,12.52,7.629,9.57,1.722,0.595,Normal
21.678,17.011,37.273,30.577,11.735,9.928,14.626,2.139,0.63,Focused
16.727,13.593,25.14,39.438,23.778,14.481,16.995,2.507,0.756,Stressed
16.24,13.166,29.2,36.96,19.768,16.516,22.235,2.251,0.727,Stressed
20.001,15.259,24.524,35.027,21.046,13.857,17.83,2.505,0.747,Stressed
19.012,19.423,23.288,28.581,21.608,16.478,16.097,2.421,0.727,Stressed
22.081,16.457,21.579,41.059,19.155,15.487,18.697,2.545,0.699,Stressed
44.622,19.998,24.077,24.7,12.928,10.076,10.677,1.871,0.601,Normal
46.903,27.933,24.157,12.834,8.186,5.058,7.119,1.541,0.42,Drowsy
25.154,19.932,31.74,33.35,10.677,11.07,16.277,1.986,0.57,Focused
17.416,15.947,29.625,43.297,23.687,15.896,17.146,2.414,0.714,Stressed
16.31,17.638,24.713,39.954,22.11,15.721,19.736,2.345,0.674,Stressed
47.99,33.922,32.096,9.928,6.811,2.432,7.231,1.544,0.478,Drowsy
13.578,15.576,20.162,32.069,22.321,15.817,18.539,2.511,0.671,Stressed
22.65,25.889,30.701,21.951,9.534,9.686,11.137,1.707,0.574,Normal
38.649,36.798,24.507,13.005,6.298,6.462,5.437,1.554,0.459,Drowsy
19.703,17.755,21.157,47.756,17.684,15.319,17.988,2.379,0.78,Stressed
21.565,14.792,23.908,40.161,14.678,13.248,16.684,2.499,0.752,Stressed
19.553,19.494,23.761,43.115,18.597,18.679,20.38,2.401,0.723,Stressed
20.285,14.978,22.881,34.605,20.907,18.69,18.938,2.296,0.768,Stressed
47.03,28.826,26.171,11.778,6.731,3.331,5.872,1.557,0.583,Drowsy
19.858,17.556,20.672,43.48,23.664,17.854,21.438,2.292,0.869,Stressed
16.626,14.915,29.389,35.916,25.859,15.656,18.11,2.457,0.852,Stressed
20.107,15.225,42.459,23.914,15.938,13.08,13.637,1.788,0.598,Focused
13.778,15.404,26.537,42.595,21.486,14.437,17.213,2.552,0.67,Stressed
42.329,29.979,27.352,11.729,8.002,7.532,8.103,1.445,0.415,Drowsy
21.283,21.615,44.113,27.01,15.394,12.217,12.622,2.198,0.712,Focused
18.126,15.245,18.502,42.258,24.734,15.696,18.731,2.469,0.724,Stressed
25.407,17.142,32.974,33.335,14.146,11.534,14.23,2.161,0.707,Focused
20.469,15.502,41.876,33.604,14.181,11.581,14.388,2.254,0.698,Focused
39.408,22.459,34.743,22.522,12.49,6.966,12.083,1.824,0.511,Normal
55.892,34.317,24.903,11.875,8.579,6.781,6.607,1.329,0.504,Drowsy
33.096,28.183,31.176,22.793,10.747,6.292,11.247,1.791,0.59,Normal
19.843,15.051,24.817,44.62,22.797,14.912,17.735,2.423,0.631,Stressed
43.691,22.918,24.936,12.423,7.21,5.51,7.15,1.682,0.503,Drowsy
52.708,33.435,28.655,15.171,6.701,6.164,6.5,1.5,0.572,Drowsy
16.38,18.99,33.532,27.571,11.165,8.309,12.373,2.015,0.737,Focused
15.311,15.265,22.254,37.664,22.265,16.06,17.977,2.334,0.619,Stressed
16.786,13.257,27.425,43.203,19.932,17.046,18.795,2.301,0.638,Stressed
30.498,19.525,32.944,22.994,8.918,6.696,11.351,1.657,0.649,Normal
15.971,15.262,23.407,47.707,15.006,16.809,16.876,2.235,0.771,Stressed
47.452,28.801,24.069,9.771,7.222,5.939,7.894,1.511,0.47,Drowsy
22.582,20.631,35.66,29.243,13.613,12.77,14.233,2.036,0.649,Focused
41.646,32.954,25.553,11.395,5.4,8.167,5.527,1.429,0.502,Drowsy
23.408,19.813,43.555,36.06,15.465,10.527,13.314,2.14,0.676,Focused
16.858,17.493,19.799,41.129,15.237,14.599,18.528,2.337,0.637,Stressed
39.715,28.145,24.62,12.633,8.065,5.963,5.293,1.601,0.525,Drowsy
25.618,19.502,39.294,28.207,12.577,12.874,14.935,2.095,0.595,Focused
23.209,21.617,37.974,34.568,12.166,10.419,14.835,2.202,0.602,Focused
53.743,34.058,21.61,10.814,8.001,5.78,4.336,1.332,0.465,Drowsy
55.829,32.738,19.771,11.125,8.317,8.172,8.126,1.479,0.485,Drowsy
40.696,29.394,25.205,9.485,7.279,4.429,9.053,1.563,0.456,Drowsy
18.711,18.119,34.764,27.167,13.635,10.537,16.912,2.152,0.537,Focused
24.92,16.782,34.278,32.3,15.448,11.209,12.108,2.004,0.616,Focused
24.874,17.187,38.086,27.501,16.849,13.846,14.188,2.223,0.631,Focused
33.889,18.229,32.288,18.728,10.072,8.416,11.633,1.643,0.369,Normal
15.868,11.669,25.241,40.835,18.516,12.571,18.756,2.368,0.733,Stressed
20.545,16.784,20.038,37.727,27.063,16.087,20.843,2.567,0.715,Stressed
23.301,17.876,42.904,32.809,14.352,9.363,14.281,2.224,0.57,Focused
21.055,17.699,41.373,24.668,16.215,11.109,13.506,2.089,0.618,Focused
51.366,29.638,24.828,12.591,6.806,8.09,8.007,1.605,0.422,Drowsy
40.897,35.008,20.932,11.718,6.124,6.856,6.602,1.438,0.531,Drowsy
17.164,19.337,25.235,41.626,19.692,14.898,17.684,2.364,0.732,Stressed
18.926,17.479,30.317,44.587,19.864,13.664,17.323,2.329,0.739,Stressed
17.946,17.205,28.794,41.266,18.659,15.701,17.347,2.339,0.609,Stressed
44.929,28.761,23.876,10.589,5.356,4.998,7.232,1.338,0.481,Drowsy
21.144,17.981,19.942,42.136,22.042,16.338,16.664,2.321,0.76,Stressed
17.89,16.308,25.907,35.012,24.05,15.368,18.872,2.325,0.777,Stressed
48.788,21.705,23.917,15.892,6.806,7.655,8.73,1.526,0.429,Drowsy
21.251,13.926,24.469,47.176,16.849,15.591,17.037,2.339,0.652,Stressed
52.221,25.413,28.145,12.702,6.383,5.788,8.918,1.588,0.481,Drowsy
17.64,15.977,21.183,32.813,21.744,16.041,19.901,2.305,0.742,Stressed
44.594,23.352,23.714,13.482,6.717,4.73,8.111,1.46,0.449,Drowsy
13.526,18.242,21.768,35.898,19.033,15.408,17.931,2.466,0.62,Stressed
32.047,23.899,36.375,20.345,12.175,9.062,9.325,1.876,0.608,Normal
43.499,24.02,29.316,21.056,9.784,10.059,7.346,1.984,0.465,Normal
53.298,33.668,23.217,11.113,6.126,7.048,8.739,1.462,0.466,Drowsy
38.426,26.478,27.901,21.559,10.339,7.627,11.929,1.859,0.594,Normal
61.757,34.263,27.168,12.161,7.846,6.777,7.031,1.464,0.475,Drowsy
35.088,25.964,28.883,22.856,9.844,8.145,10.714,1.702,0.676,Normal
45.259,27.026,22.939,10.055,6.936,3.473,7.229,1.496,0.489,Drowsy
35.592,18.907,31.163,21.61,9.441,5.608,10.616,1.736,0.48,Normal
43.753,26.997,18.202,11.495,6.809,7.073,5.321,1.318,0.507,Drowsy
17.378,16.828,23.673,39.732,19.094,17.017,17.12,2.311,0.827,Stressed
18.72,18.494,25.923,36.572,22.828,14.551,16.517,2.379,0.786,Stressed
16.419,21.226,26.432,45.288,21.181,12.591,18.474,2.529,0.649,Stressed
19.157,18.321,18.874,45.108,26.013,14.323,20.274,2.368,0.618,Stressed
44.499,23.645,30.223,10.143,7.049,7.369,7.506,1.493,0.378,Drowsy
32.603,21.603,31.697,20.542,10.76,8.304,8.181,1.986,0.658,Normal
57.26,29.926,25.868,10.302,6.815,6.914,5.134,1.524,0.486,Drowsy
30.332,24.71,31.794,25.01,11.897,6.477,9.027,1.649,0.536,Normal
44.239,28.021,24.054,12.386,7.601,5.923,7.019,1.517,0.449,Drowsy
45.099,29.458,22.702,10.376,7.26,4.09,6.502,1.381,0.513,Drowsy
53.667,30.453,23.57,10.121,6.249,3.538,7.015,1.356,0.464,Drowsy
23.634,21.539,39.739,33.197,11.448,7.054,14.466,2.089,0.589,Focused
48.667,31.403,18.339,10.275,7.745,6.43,6.823,1.568,0.578,Drowsy
21.54,17.743,21.963,50.607,20.785,13.747,19.983,2.649,0.698,Stressed
39.202,22.069,35.013,21.34,10.346,8.39,9.839,1.897,0.598,Normal
17.164,15.729,44.828,39.134,13.826,9.141,16.515,2.291,0.661,Focused
19.274,10.908,27.935,36.459,21.648,16.112,16.948,2.479,0.677,Stressed
22.512,15.257,39.309,28.805,12.928,9.777,12.721,2.355,0.7,Focused
16.472,14.966,21.926,34.597,19.901,12.788,19.136,2.407,0.725,Stressed
20.085,17.352,29.334,37.995,17.366,14.458,19.723,2.181,0.576,Stressed
32.254,22.284,34.948,16.362,13.765,9.584,10.268,1.793,0.567,Normal
35.877,18.356,25.219,22.52,10.886,8.257,9.861,1.764,0.461,Normal
16.517,18.234,27.078,33.827,17.388,18.841,20.101,2.396,0.715,Stressed
48.168,32.513,21.302,11.014,7.384,9.147,6.834,1.571,0.474,Drowsy
18.555,13.459,22.745,44.212,20.844,15.853,18.46,2.595,0.714,Stressed
46.692,29.49,25.407,13.049,7.536,6.388,8.435,1.318,0.51,Drowsy
43.084,27.59,22.065,14.59,7.464,4.595,8.327,1.524,0.495,Drowsy
40.674,30.761,28.188,11.459,8.135,7.939,8.996,1.537,0.515,Drowsy
49.63,28.778,24.876,12.028,6.326,6.868,7.552,1.685,0.555,Drowsy
45.859,24.681,25.773,14.725,6.258,4.84,5.955,1.587,0.507,Drowsy
32.944,27.007,32.455,26.875,10.701,7.461,10.709,1.933,0.599,Normal
17.445,16.533,21.313,35.215,21.652,14.335,16.975,2.323,0.742,Stressed
46.978,30.297,23.892,9.726,6.313,6.587,7.698,1.498,0.549,Drowsy
64.809,29.337,21.609,12.393,5.257,5.862,7.019,1.595,0.538,Drowsy
22.394,18.787,38.033,23.988,14.27,14.319,13.568,2.013,0.642,Focused
50.006,26.768,23.537,13.547,7.417,9.113,8.416,1.637,0.397,Drowsy
39.081,25.859,34.927,19.453,10.823,9.588,7.89,1.658,0.428,Normal
36.18,22.207,29.251,20.698,9.293,9.274,10.428,1.717,0.604,Normal
18.07,17.676,26.108,38.516,20.972,14.947,16.975,2.555,0.703,Stressed
22.141,13.071,20.676,44.105,20.634,16.971,17.981,2.296,0.687,Stressed
42.985,23.825,27.45,18.004,7.836,5.624,10.321,1.861,0.455,Normal
32.052,22.091,24.951,26.619,8.507,6.961,9.138,1.907,0.532,Normal
38.636,20.543,28.796,20.746,9.216,10.648,10.486,1.649,0.605,Normal
20.831,18.249,20.381,46.188,19.236,15.901,16.913,2.417,0.719,Stressed
39.055,27.56,30.319,22.521,9.259,7.526,10.739,1.944,0.542,Normal
24.83,16.101,39.59,31.519,15.423,10.827,13.538,2.165,0.673,Focused
17.206,17.349,20.163,45.622,16.484,13.997,16.802,2.189,0.706,Stressed
22.516,17.786,39.988,22.276,15.146,11.189,13.733,2.346,0.58,Focused
21.887,18.125,41.869,23.372,12.981,11.317,15.44,2.041,0.507,Focused
19.854,19.778,39.029,32.068,12.361,12.955,14.798,2.034,0.68,Focused
43.186,33.95,27.602,11.284,7.484,3.737,7.222,1.554,0.582,Drowsy
16.148,19.086,26.631,28.292,16.737,10.127,12.591,2.076,0.744,Focused
50.739,23.711,23.384,11.633,7.215,7.79,6.074,1.44,0.449,Drowsy
19.769,19.195,37.845,25.876,14.707,10.133,15.057,2.1,0.644,Focused
32.557,21.078,27.663,18.769,10.041,6.845,10.281,1.613,0.57,Normal
36.657,22.788,31.043,27.479,11.045,7.511,11.441,1.751,0.428,Normal
21.793,14.022,42.068,29.735,15.174,11.038,12.148,2.12,0.752,Focused
54.894,27.851,19.977,11.843,7.029,6.241,8.635,1.472,0.473,Drowsy
32.316,20.19,35.911,24.666,9.174,11.379,11.178,1.761,0.4,Normal
15.4,16.432,25.813,38.564,21.63,13.935,15.462,2.349,0.704,Stressed
46.668,27.925,29.413,10.993,6.129,6.998,6.045,1.386,0.393,Drowsy
19.717,18.59,27.048,42.258,20.028,13.529,18.888,2.602,0.721,Stressed
18.148,16.243,30.641,33.283,21.911,17.496,17.61,2.503,0.641,Stressed
35.99,26.22,24.677,25.02,10.406,7.377,10.759,2.072,0.561,Normal
15.732,14.133,22.703,36.371,20.537,12.08,16.658,2.585,0.644,Stressed
30.84,22.369,30.359,20.671,8.139,8.103,8.725,1.857,0.495,Normal
39.183,21.82,24.881,25.964,9.613,7.624,11.594,1.867,0.577,Normal
37.181,28.414,29.608,23.061,10.828,7.398,10.269,1.802,0.556,Normal
22.271,16.957,29.878,23.435,14.381,10.158,13.336,2.184,0.69,Focused
20.936,22.302,34.206,29.888,13.753,12.261,14.249,1.945,0.588,Focused
36.362,20.604,34.276,20.773,10.241,8.425,9.689,1.87,0.522,Normal
16.259,14.989,20.192,41.964,21.6,12.975,17.454,2.238,0.646,Stressed
37.611,22.936,31.358,21.923,11.351,7.923,7.872,1.951,0.496,Normal
19.484,15.163,21.577,37.706,19.893,17.013,15.679,2.403,0.737,Stressed
32.772,22.342,29.01,15.923,8.182,10.05,11.974,1.77,0.585,Normal
18.84,13.746,27.204,39.659,20.205,14.582,18.927,2.494,0.72,Stressed
19.407,18.127,40.038,30.685,14.286,9.556,13.752,2.173,0.629,Focused
48.848,27.55,26.845,12.734,7.682,6.498,10.522,1.377,0.377,Drowsy
46.187,30.466,17.858,9.365,7.517,7.556,5.907,1.471,0.498,Drowsy
57.748,30.52,16.89,12.489,6.708,5.888,6.558,1.597,0.547,Drowsy
24.256,15.641,42.06,32.66,14.929,9.237,12.926,2.172,0.563,Focused
48.166,29.334,28.636,10.215,7.511,7.652,7.86,1.779,0.448,Drowsy
22.525,18.943,39.844,36.745,12.201,12.02,15.431,1.887,0.639,Focused
44.051,32.953,22.147,13.002,6.566,4.465,7.336,1.179,0.375,Drowsy
22.643,17.87,43.143,32.331,12.745,12.485,13.739,2.163,0.591,Focused
19.276,19.286,35.31,31.492,14.121,8.75,13.065,2.262,0.673,Focused
19.441,13.033,22.954,41.424,21.281,17.239,17.531,2.578,0.66,Stressed
18.651,15.93,18.995,40.087,22.906,14.101,18.494,2.502,0.645,Stressed
14.96,13.508,27.785,43.424,17.538,15.911,19.761,2.396,0.856,Stressed
25.088,17.505,37.802,26.121,14.864,11.858,13.925,2.235,0.6,Focused
38.759,22.609,30.528,26.256,11.076,7.597,8.931,1.542,0.507,Normal
35.089,24.889,36.128,22.636,13.122,8.848,7.887,1.89,0.573,Normal
47.718,32.561,34.339,13.164,6.288,5.364,6.456,1.285,0.46,Drowsy
55.754,29.304,29.415,11.969,7.594,8.213,6.768,1.526,0.557,Drowsy
20.904,18.073,38.508,31.312,14.665,12.039,14.882,1.982,0.603,Focused
53.514,29.618,28.7,11.989,6.674,7.959,6.41,1.33,0.449,Drowsy
19.943,18.439,35.913,32.713,16.535,11.908,14.61,2.048,0.531,Focused
19.8,18.463,24.225,33.723,19.172,15.066,15.797,2.567,0.709,Stressed
15.19,15.176,26.779,46.24,22.305,12.309,19.3,2.179,0.754,Stressed
30.506,19.606,27.509,21.88,10.292,7.638,10.422,1.65,0.637,Normal
61.39,29.939,26.515,12.122,6.401,3.269,6.153,1.333,0.582,Drowsy
20.344,18.098,38.233,30.073,11.694,11.484,13.927,2.16,0.588,Focused
37.279,22.665,28.323,22.639,7.704,5.413,9.325,1.678,0.569,Normal
19.601,15.447,24.433,40.757,20.468,14.964,18.613,2.305,0.784,Stressed
21.068,17.137,21.965,43.454,19.831,14.569,18.522,2.311,0.679,Stressed
46.925,32.625,26.053,12.492,6.772,4.175,5.654,1.585,0.481,Drowsy
36.293,19.075,25.147,23.962,10.205,7.724,10.022,1.842,0.518,Normal
30.684,27.645,26.882,24.559,10.513,7.031,12.13,1.657,0.605,Normal
40.366,22.296,31.97,21.466,9.739,9.648,10.99,1.898,0.628,Normal
18.053,16.616,26.886,47.489,15.316,13.027,19.571,2.367,0.66,Stressed
52.659,27.896,22.752,11.681,6.011,8.731,6.32,1.6,0.493,Drowsy
18.379,21.475,41.777,36.189,13.222,10.775,12.28,2.037,0.65,Focused
24.269,18.172,43.196,30.513,12.154,13.131,13.864,2.127,0.694,Focused
18.813,15.677,45.644,28.369,12.062,12.706,14.406,1.987,0.633,Focused
39.475,22.51,35.074,28.069,9.565,7.332,11.744,1.99,0.519,Normal
20.127,17.377,34.426,38.662,12.561,10.167,14.245,1.956,0.596,Focused
16.283,12.021,24.444,39.603,22.727,15.539,19.601,2.316,0.768,Stressed
48.238,33.734,26.003,14.128,6.165,6.204,7.101,1.372,0.537,Drowsy
22.954,15.207,40.61,33.73,10.859,9.257,13.66,2.064,0.547,Focused
15.291,14.934,19.961,50.037,19.946,14.913,18.706,2.515,0.757,Stressed
36.959,26.844,29.727,21.156,10.182,6.747,12.507,1.607,0.561,Normal
30.092,27.291,32.707,24.088,8.909,10.104,8.318,1.87,0.681,Normal
21.208,22.113,45.414,40.52,13.733,11.443,12.18,2.277,0.55,Focused
41.158,28.57,26.603,12.131,6.285,6.009,5.162,1.638,0.468,Drowsy
21.831,15.817,35.651,37.876,15.117,9.613,12.083,2.061,0.607,Focused
22.632,19.079,40.152,32.292,15.248,11.723,12.515,2.204,0.673,Focused
41.477,29.778,37.421,25.19,11.229,8.889,10.934,1.734,0.501,Normal
14.689,13.833,26.801,44.189,20.871,12.418,17.57,2.253,0.771,Stressed
15.831,16.244,22.945,40.848,20.054,13.52,18.752,2.394,0.641,Stressed
33.973,32.463,22.556,12.254,5.95,5.602,7.04,1.532,0.413,Drowsy
20.289,14.934,26.989,43.668,24.147,14.296,16.457,2.339,0.713,Stressed
22.599,17.3,40.697,34.612,14.516,9.763,14.332,2.243,0.584,Focused
18.823,18.578,24.764,36.885,22.121,12.951,16.702,2.44,0.731,Stressed
49.248,28.908,24.343,13.103,6.126,8.918,4.815,1.428,0.502,Drowsy
17.237,15.567,24.851,37.318,19.251,14.493,17.247,2.547,0.728,Stressed
33.88,22.764,32.119,17.781,10.555,11.036,8.364,1.823,0.51,Normal
47.337,28.755,27.667,10.385,6.356,6.102,8.235,1.56,0.495,Drowsy
17.235,14.862,24.942,37.206,20.958,13.02,17.713,2.554,0.697,Stressed
47.202,28.474,24.084,13.508,6.718,3.988,7.892,1.475,0.482,Drowsy
49.944,29.052,24.529,10.257,8.337,7.315,8.157,1.463,0.376,Drowsy
37.055,25.828,33.995,23.082,9.71,9.009,12.28,1.784,0.492,Normal
13.063,14.497,26.207,38.013,21.106,12.716,18.958,2.333,0.701,Stressed
56.449,31.82,26.309,10.285,7.57,4.606,5.639,1.458,0.445,Drowsy
21.733,16.707,33.592,31.738,14.611,14.14,12.186,2.239,0.678,Focused
39.619,31.087,23.358,14.691,7.029,4.797,5.623,1.631,0.446,Drowsy
44.466,30.706,26.637,8.873,6.993,6.237,6.667,1.655,0.505,Drowsy
32.217,25.643,27.252,17.235,8.047,8.072,10.312,1.691,0.588,Normal
22.768,13.69,32.887,35.569,13.778,10.214,12.37,1.97,0.499,Focused
50.875,23.908,24.489,10.83,7.696,7.607,4.511,1.497,0.547,Drowsy
16.355,15.425,28.539,39.771,18.256,13.684,18.399,2.24,0.685,Stressed
33.641,28.203,28.592,10.837,6.812,4.433,9.141,1.702,0.427,Drowsy
20.669,17.824,39.585,30.129,12.865,11.051,12.695,1.97,0.661,Focused
28.638,22.714,33.083,22.565,8.505,8.26,10.462,1.694,0.559,Normal
22.973,18.851,29.21,30.929,15.42,10.927,12.314,2.094,0.722,Focused
22.006,20.312,43.8,31.574,13.348,10.916,14.406,2.207,0.62,Focused
37.784,27.38,30.652,18.576,10.48,7.023,9.366,1.87,0.624,Normal
20.549,19.857,36.235,31.826,14.043,8.12,13.983,2.017,0.59,Focused
17.572,15.162,27.019,34.871,20.829,14.424,17.085,2.71,0.725,Stressed
33.171,25.478,29.066,23.95,10.738,6.597,11.303,1.736,0.598,Normal
18.471,17.11,38.602,30.255,13.633,10.863,13.903,2.106,0.556,Focused
16.641,15.774,24.043,30.797,16.469,15.504,17.116,2.527,0.758,Stressed
28.093,17.608,37.515,35.823,16.861,8.543,11.856,2.025,0.655,Focused
16.144,20.959,33.048,36.821,15.589,9.649,12.641,2.142,0.569,Focused
25.218,13.786,38.655,25.019,15.276,10.858,14.504,1.996,0.697,Focused
16.637,16.83,21.935,30.245,16.828,15.032,16.643,2.392,0.636,Stressed
21.533,14.655,35.76,30.906,13.57,10.638,13.926,2.158,0.672,Focused
39.39,30.492,25.076,10.968,7.68,6.796,8.03,1.485,0.516,Drowsy
38.188,24.81,30.375,21.835,9.095,7.579,7.968,1.788,0.491,Normal
55.049,31.217,23.223,13.405,7.001,7.029,4.416,1.554,0.442,Drowsy
17.219,15.879,22.71,43.159,19.051,17.389,19.758,2.293,0.704,Stressed
37.131,27.072,34.209,25.649,10.778,7.749,10.176,1.945,0.501,Normal
23.792,17.704,35.632,30.691,14.72,11.116,13.287,2.08,0.625,Focused
37.564,25.612,33.891,24.202,10.551,7.895,8.007,1.852,0.562,Normal
24.529,18.448,39.403,27.793,12.52,13.698,13.118,2.299,0.605,Focused
16.952,17.852,31.76,39.631,15.531,11.159,15.516,1.998,0.653,Focused
24.373,23.176,33.963,27.17,8.525,8.745,9.442,1.787,0.709,Normal
15.699,16.929,43.004,25.988,8.947,11.857,14.292,1.969,0.561,Focused
34.175,23.794,29.866,23.921,10.062,9.099,9.903,1.809,0.43,Normal
54.443,30.047,24.462,11.842,8.085,4.876,8.579,1.525,0.47,Drowsy
37.628,21.531,26.145,23.274,9.732,9.071,10.568,1.791,0.499,Normal
46.724,24.812,27.876,13.624,5.364,7.468,6.027,1.603,0.476,Drowsy
29.561,23.033,36.008,21.315,8.196,7.631,9.673,1.476,0.547,Normal
34.655,27.218,31.234,23.206,10.684,8.672,10.771,1.959,0.562,Normal
23.491,15.798,37.893,31.33,14.379,10.446,13.842,2.199,0.594,Focused
19.532,15.73,22.182,42.877,20.926,13.785,19.703,2.435,0.744,Stressed
21.758,17.811,40.5,35.646,13.9,13.783,14.269,2.058,0.523,Focused
33.125,24.559,33.865,19.29,10.16,6.95,11.434,1.617,0.516,Normal
