Date,ProductID,StoreID,UnitsSold,Price,Discount,MarketingSpend,Holiday,DayOfWeek,Month,Demand
2023-01-01,1051,15,122,1490.79,20,7265,0,6,1,122.3
2023-01-02,1021,2,113,1471.8,29,3433,0,0,1,113.4
2023-01-03,1020,1,133,678.06,21,7396,0,1,1,133.58
2023-01-04,1041,16,309,542.27,46,36773,0,2,1,309.78
2023-01-05,1054,3,175,1733.89,6,31740,0,3,1,175.76
2023-01-06,1089,2,257,1400.04,46,24483,0,4,1,257.61
2023-01-07,1007,15,216,429.39,16,27531,0,5,1,216.6
2023-01-08,1053,10,341,1178.63,28,46758,0,6,1,341.46
2023-01-09,1043,2,309,850.79,35,33606,1,0,1,309.86
2023-01-10,1079,13,186,615.56,23,13185,1,1,1,186.6
2023-01-11,1059,13,353,367.76,14,49984,1,2,1,353.8
2023-01-12,1087,11,145,477.8,7,14986,0,3,1,145.49
2023-01-13,1004,10,233,781.08,40,23662,0,4,1,233.73
2023-01-14,1022,5,166,1486.25,39,11965,0,5,1,166.98
2023-01-15,1064,3,235,327.23,13,28266,0,6,1,235.74
2023-01-16,1026,9,206,1450.26,25,24419,0,0,1,206.47
2023-01-17,1062,7,243,1003.2,31,23403,1,1,1,243.61
2023-01-18,1042,4,73,1891.42,6,10914,0,2,1,73.79
2023-01-19,1027,2,210,1286.27,5,30467,0,3,1,210.33
2023-01-20,1091,7,36,1822.97,0,2306,0,4,1,36.83
2023-01-21,1076,9,190,679.08,5,22959,0,5,1,190.66
2023-01-22,1043,15,268,419.75,31,31303,0,6,1,268.59
2023-01-23,1051,17,300,223.3,11,45417,0,0,1,300.2
2023-01-24,1095,1,147,1305.27,1,22556,0,1,1,147.83
2023-01-25,1031,6,231,559.91,3,33970,0,2,1,231.93
2023-01-26,1068,2,275,1303.71,10,45542,0,3,1,275.45
2023-01-27,1096,9,128,709.48,5,16708,0,4,1,128.38
2023-01-28,1089,3,77,1638.05,19,3911,0,5,1,77.97
2023-01-29,1032,8,130,834.8,17,12111,0,6,1,130.03
2023-01-30,1022,10,265,590.09,15,32065,1,0,1,265.3
2023-01-31,1059,17,387,559.52,47,48357,0,1,1,387.19
2023-02-01,1008,9,164,763.5,47,2154,0,2,2,164.64
2023-02-02,1053,1,238,1319.86,10,33711,0,3,2,238.02
2023-02-03,1088,3,320,1949.96,17,47975,0,4,2,320.08
2023-02-04,1065,3,261,1338.73,40,29643,0,5,2,261.25
2023-02-05,1019,8,82,1713.52,16,5735,0,6,2,82.42
2023-02-06,1075,19,122,1309.03,21,7893,0,0,2,122.49
2023-02-07,1007,2,324,765.15,32,40790,0,1,2,324.1
2023-02-08,1068,16,347,633.47,34,45080,0,2,2,347.94
2023-02-09,1045,6,337,803.3,40,34828,1,3,2,337.3
2023-02-10,1045,3,242,1962.63,20,36743,0,4,2,242.52
2023-02-11,1024,10,206,1878.69,2,35663,0,5,2,206.93
2023-02-12,1031,15,126,1981.1,1,17538,0,6,2,126.22
2023-02-13,1008,11,143,1446.93,38,6801,0,0,2,143.89
2023-02-14,1098,18,192,1747.44,12,24355,0,1,2,192.52
2023-02-15,1064,8,128,1433.74,15,11893,0,2,2,128.18
2023-02-16,1086,15,103,813.61,1,11966,0,3,2,103.74
2023-02-17,1061,17,223,170.96,5,30749,0,4,2,223.1
2023-02-18,1096,8,394,1562.99,43,49747,0,5,2,394.69
2023-02-19,1054,8,271,1479.57,12,38233,0,6,2,271.33
2023-02-20,1029,19,210,1610.85,18,29251,0,0,2,210.03
2023-02-21,1061,9,73,1408.15,0,2081,1,1,2,73.78
2023-02-22,1033,16,414,447.45,44,46952,1,2,2,414.9
2023-02-23,1021,3,124,570.69,15,4506,0,3,2,124.95
2023-02-24,1056,14,219,274.42,46,14296,0,4,2,219.82
2023-02-25,1093,5,154,857.16,9,15069,0,5,2,154.49
2023-02-26,1033,10,316,1289.13,31,42975,0,6,2,316.39
2023-02-27,1031,12,140,837.52,32,5000,0,0,2,140.18
2023-02-28,1042,5,231,1289.29,0,39304,0,1,2,231.36
2023-03-01,1011,14,335,134.62,49,35850,0,2,3,335.88
2023-03-02,1089,8,125,832.25,9,10817,0,3,3,125.16
2023-03-03,1057,18,125,1294.99,28,8543,0,4,3,125.65
2023-03-04,1020,4,260,437.14,8,36735,0,5,3,260.72
2023-03-05,1081,17,236,1575.18,23,24190,1,6,3,236.62
2023-03-06,1036,12,310,915.09,12,44286,0,0,3,310.18
2023-03-07,1085,13,204,1801.49,48,14923,0,1,3,204.8
2023-03-08,1018,12,185,774.32,27,18101,0,2,3,185.6
2023-03-09,1015,5,234,657.1,24,32667,0,3,3,234.55
2023-03-10,1099,16,252,1600.27,44,25244,0,4,3,252.97
2023-03-11,1004,3,238,1786.64,42,25394,0,5,3,238.47
2023-03-12,1075,9,167,1546.87,43,8056,0,6,3,167.79
2023-03-13,1041,9,128,1661.53,1,18924,0,0,3,128.32
2023-03-14,1037,19,273,1204.48,44,27432,0,1,3,273.97
2023-03-15,1044,4,290,765.41,30,35578,0,2,3,290.71
2023-03-16,1053,7,244,906.02,25,29178,0,3,3,244.75
2023-03-17,1091,8,363,323.3,40,43918,0,4,3,363.08
2023-03-18,1076,17,303,257.49,32,38797,0,5,3,303.87
2023-03-19,1079,11,243,1846.32,35,26826,0,6,3,243.19
2023-03-20,1056,18,369,415.81,48,39413,0,0,3,369.12
2023-03-21,1074,12,166,1921.53,15,22447,0,1,3,166.79
2023-03-22,1023,8,311,422.39,35,37487,0,2,3,311.4
2023-03-23,1040,4,259,1973.8,16,39088,0,3,3,259.47
2023-03-24,1083,13,278,1400.99,28,28532,1,4,3,278.06
2023-03-25,1065,10,298,1872.18,49,30548,0,5,3,298.06
2023-03-26,1032,1,376,1012.7,46,48280,0,6,3,376.99
2023-03-27,1058,17,173,1692.82,33,11344,0,0,3,173.23
2023-03-28,1000,16,219,243.18,27,19384,0,1,3,219.25
2023-03-29,1022,5,226,1479.63,9,33201,0,2,3,226.35
2023-03-30,1084,14,294,489.59,0,46106,0,3,3,294.07
2023-03-31,1031,2,143,780.51,7,15489,0,4,3,143.26
2023-04-01,1053,3,297,1088.31,11,43944,0,5,4,297.54
2023-04-02,1056,17,235,354.63,46,16254,0,6,4,235.16
2023-04-03,1084,14,199,1437.75,38,16781,0,0,4,199.01
2023-04-04,1081,15,210,931.2,33,18715,0,1,4,210.68
2023-04-05,1096,15,365,853.43,41,44088,1,2,4,365.66
2023-04-06,1087,5,56,1962.06,1,5300,0,3,4,56.02
2023-04-07,1042,16,217,748.97,46,18144,0,4,4,217.42
2023-04-08,1015,8,297,442.13,3,43679,0,5,4,297.87
2023-04-09,1095,3,169,1078.95,31,11161,0,6,4,169.71
2023-04-10,1081,10,297,436.32,20,40749,0,0,4,297.05
2023-04-11,1011,14,207,792.11,13,27329,0,1,4,207.13
2023-04-12,1093,11,218,1849.66,16,30721,0,2,4,218.07
2023-04-13,1007,17,100,1234.83,14,1302,0,3,4,100.88
2023-04-14,1086,14,335,978.82,44,40577,0,4,4,335.52
2023-04-15,1055,19,212,1455.36,46,18302,0,5,4,212.0
2023-04-16,1037,3,296,854.61,24,39518,0,6,4,296.61
2023-04-17,1073,7,182,711.95,38,7229,0,0,4,182.1
2023-04-18,1066,9,184,1047.04,46,7371,0,1,4,184.05
2023-04-19,1033,15,245,1516.34,48,24275,0,2,4,245.61
2023-04-20,1025,2,370,564.27,44,48045,0,3,4,370.43
2023-04-21,1032,6,287,794.18,47,28139,0,4,4,287.87
2023-04-22,1074,4,408,110.07,48,47685,0,5,4,408.62
2023-04-23,1050,2,297,1157.85,7,49153,0,6,4,297.3
2023-04-24,1067,19,291,479.06,19,37976,0,0,4,291.33
2023-04-25,1000,14,168,648.4,36,2917,0,1,4,168.78
2023-04-26,1032,6,142,739.55,9,17644,0,2,4,142.64
2023-04-27,1043,2,243,712.47,1,35387,0,3,4,243.07
2023-04-28,1074,15,269,995.99,34,29253,0,4,4,269.38
2023-04-29,1068,12,107,876.18,10,6256,0,5,4,107.76
2023-04-30,1063,8,261,1673.09,36,31523,0,6,4,261.58
2023-05-01,1084,5,297,1647.69,13,41345,1,0,5,297.97
2023-05-02,1017,8,247,958.7,39,29173,0,1,5,247.62
2023-05-03,1037,1,106,1520.46,14,10184,0,2,5,106.12
2023-05-04,1077,8,148,535.15,38,2970,0,3,5,148.38
2023-05-05,1066,7,226,1488.04,41,22951,0,4,5,226.87
2023-05-06,1093,7,161,1188.99,28,11789,0,5,5,161.71
2023-05-07,1026,1,260,163.71,21,33265,0,6,5,260.99
2023-05-08,1012,15,282,1708.26,23,41631,0,0,5,282.6
2023-05-09,1007,5,229,1024.08,3,36659,0,1,5,229.09
2023-05-10,1035,4,260,1460.74,26,35884,0,2,5,260.85
2023-05-11,1073,8,66,1208.44,7,1814,0,3,5,66.52
2023-05-12,1061,18,264,1261.76,46,27215,0,4,5,264.97
2023-05-13,1075,12,235,1173.75,3,39727,0,5,5,235.13
2023-05-14,1008,19,172,1499.24,39,4368,1,6,5,172.87
2023-05-15,1022,1,280,315.15,20,37185,0,0,5,280.18
2023-05-16,1039,15,122,858.11,8,10524,0,1,5,122.4
2023-05-17,1051,9,295,317.11,24,35393,1,2,5,295.72
2023-05-18,1033,17,181,1215.43,43,14490,0,3,5,181.19
2023-05-19,1024,7,352,414.48,23,47240,0,4,5,352.4
2023-05-20,1027,18,115,1360.72,6,5944,1,5,5,115.77
2023-05-21,1048,8,44,1054.17,0,2759,0,6,5,44.89
2023-05-22,1082,17,162,169.44,29,8311,0,0,5,162.91
2023-05-23,1017,1,264,1573.5,46,29865,0,1,5,264.22
2023-05-24,1050,4,168,445.66,28,13342,1,2,5,168.11
2023-05-25,1031,10,420,614.41,45,48190,1,3,5,420.88
2023-05-26,1066,8,145,297.81,46,4300,0,4,5,145.8
2023-05-27,1096,15,320,1469.54,34,35911,1,5,5,320.66
2023-05-28,1015,4,178,1894.38,20,22389,0,6,5,178.26
2023-05-29,1047,18,137,124.7,6,17032,0,0,5,137.97
2023-05-30,1001,1,187,1653.14,19,20978,0,1,5,187.47
2023-05-31,1001,3,129,1221.56,11,15596,0,2,5,129.28
2023-06-01,1052,12,188,517.07,21,18771,0,3,6,188.03
2023-06-02,1073,14,242,995.02,31,29529,0,4,6,242.82
2023-06-03,1024,7,306,514.24,21,42401,1,5,6,306.62
2023-06-04,1097,5,223,134.94,17,27665,0,6,6,223.71
2023-06-05,1024,6,292,1676.51,22,49756,0,0,6,292.22
2023-06-06,1084,6,273,1491.15,33,31987,0,1,6,273.72
2023-06-07,1016,14,229,189.24,42,20250,0,2,6,229.31
2023-06-08,1025,11,245,648.52,35,26712,0,3,6,246.0
2023-06-09,1054,15,179,1912.77,21,24863,0,4,6,179.39
2023-06-10,1035,15,296,598.3,34,32987,0,5,6,296.57
2023-06-11,1097,9,113,1564.73,8,16048,0,6,6,113.98
2023-06-12,1000,11,141,1236.74,24,14350,0,0,6,141.94
2023-06-13,1058,17,241,359.96,9,37408,0,1,6,241.25
2023-06-14,1046,12,85,1129.61,23,1338,0,2,6,85.7
2023-06-15,1079,6,120,1963.1,17,12918,0,3,6,120.14
2023-06-16,1025,15,122,183.91,15,5806,1,4,6,122.84
2023-06-17,1006,14,107,328.99,6,5232,0,5,6,107.64
2023-06-18,1071,18,125,901.35,28,7737,0,6,6,125.99
2023-06-19,1058,10,94,1324.64,13,10374,0,0,6,94.74
2023-06-20,1059,13,268,246.21,36,30866,0,1,6,268.8
2023-06-21,1014,17,113,1122.96,21,8564,0,2,6,113.71
2023-06-22,1015,13,69,1270.14,1,9502,0,3,6,69.73
2023-06-23,1095,3,210,233.06,45,17371,0,4,6,210.33
2023-06-24,1092,12,151,1292.26,43,11616,0,5,6,151.42
2023-06-25,1004,1,252,553.68,2,45460,0,6,6,252.64
2023-06-26,1029,18,314,662.99,36,41600,0,0,6,314.29
2023-06-27,1067,12,304,1917.19,36,46028,0,1,6,304.96
2023-06-28,1069,7,342,1770.32,45,41970,1,2,6,342.95
2023-06-29,1092,19,245,1074.11,9,41042,0,3,6,245.13
2023-06-30,1089,9,135,454.23,2,15199,0,4,6,135.12
2023-07-01,1061,17,132,392.4,31,8906,0,5,7,132.97
2023-07-02,1088,9,289,1800.35,36,45641,0,6,7,289.26
2023-07-03,1028,9,229,184.32,33,26931,0,0,7,229.81
2023-07-04,1078,8,91,1870.02,10,16585,0,1,7,91.73
2023-07-05,1004,16,231,1042.16,5,41996,0,2,7,231.83
2023-07-06,1076,5,162,1983.8,49,10516,0,3,7,162.96
2023-07-07,1055,8,205,1388.23,26,27572,0,4,7,205.53
2023-07-08,1005,19,296,1749.51,27,48456,0,5,7,296.64
2023-07-09,1044,10,93,301.08,26,3469,0,6,7,93.82
2023-07-10,1004,11,299,1926.5,30,48638,0,0,7,299.24
2023-07-11,1038,18,177,1654.14,13,27588,0,1,7,177.25
2023-07-12,1065,13,287,1272.16,48,35832,0,2,7,287.5
2023-07-13,1082,7,152,1128.41,31,14281,0,3,7,152.73
2023-07-14,1059,15,172,1870.85,28,17661,1,4,7,172.42
2023-07-15,1090,17,88,1564.87,16,9073,0,5,7,88.01
2023-07-16,1021,18,237,1755.92,46,25860,0,6,7,237.22
2023-07-17,1075,7,160,224.69,32,8813,0,0,7,160.83
2023-07-18,1031,19,307,579.77,22,45569,0,1,7,307.03
2023-07-19,1098,13,247,1723.0,14,42846,0,2,7,247.29
2023-07-20,1074,2,48,1568.36,19,4093,0,3,7,48.63
2023-07-21,1057,6,228,536.91,34,27431,0,4,7,228.75
2023-07-22,1023,12,196,1169.23,43,19639,0,5,7,196.62
2023-07-23,1092,8,198,1564.75,45,21017,0,6,7,198.97
2023-07-24,1002,12,111,161.8,2,16251,0,0,7,111.71
2023-07-25,1016,12,241,570.33,8,39565,0,1,7,241.92
2023-07-26,1059,2,176,1615.36,10,30759,0,2,7,176.96
2023-07-27,1094,6,304,654.16,44,42688,0,3,7,304.12
2023-07-28,1040,8,134,1476.14,23,10768,0,4,7,134.34
2023-07-29,1019,1,115,1163.33,31,7368,0,5,7,115.35
2023-07-30,1076,1,313,1666.58,25,44201,1,6,7,313.99
2023-07-31,1014,2,148,178.25,43,7090,0,0,7,148.1
2023-08-01,1005,9,218,1878.8,38,27015,0,1,8,218.83
2023-08-02,1006,11,71,1800.15,3,12653,0,2,8,71.54
2023-08-03,1025,3,290,177.43,41,37877,0,3,8,290.2
2023-08-04,1052,19,233,407.18,5,40825,0,4,8,233.37
2023-08-05,1036,9,136,1037.23,27,15025,0,5,8,136.94
2023-08-06,1078,1,150,1696.86,48,8005,1,6,8,150.65
2023-08-07,1057,5,304,757.28,43,37221,1,0,8,304.02
2023-08-08,1097,4,144,1759.5,33,12171,0,1,8,144.36
2023-08-09,1041,19,272,1225.47,11,49364,0,2,8,272.09
2023-08-10,1025,8,317,870.09,29,47678,0,3,8,317.89
2023-08-11,1013,14,318,1073.97,36,45965,0,4,8,318.46
2023-08-12,1013,7,39,782.54,1,4814,0,5,8,39.39
2023-08-13,1088,2,209,1730.17,4,44006,0,6,8,209.92
2023-08-14,1022,15,283,545.88,9,45738,0,0,8,283.91
2023-08-15,1079,10,292,952.68,11,46917,0,1,8,292.11
2023-08-16,1075,1,262,579.8,19,43267,0,2,8,262.82
2023-08-17,1036,15,220,1361.23,36,27928,0,3,8,220.72
2023-08-18,1078,6,210,491.1,19,21337,1,4,8,210.53
2023-08-19,1072,5,140,1879.55,28,16360,0,5,8,140.21
2023-08-20,1068,1,169,1063.75,13,26611,0,6,8,169.65
2023-08-21,1052,18,122,1933.73,42,1125,1,0,8,122.79
2023-08-22,1094,15,265,1091.29,22,41363,0,1,8,265.13
2023-08-23,1022,13,343,372.73,49,44753,0,2,8,343.05
2023-08-24,1007,6,282,1749.47,21,49320,0,3,8,282.02
2023-08-25,1089,11,252,1398.17,49,29625,0,4,8,252.85
2023-08-26,1075,8,201,1611.47,3,36840,0,5,8,201.16
2023-08-27,1079,14,173,848.34,4,27984,0,6,8,173.68
2023-08-28,1072,13,171,648.5,10,26923,0,0,8,171.8
2023-08-29,1003,6,131,932.53,33,8761,0,1,8,131.73
2023-08-30,1000,7,177,110.94,14,24616,0,2,8,177.63
2023-08-31,1070,15,235,1421.39,28,39360,0,3,8,235.54
2023-09-01,1089,11,245,1246.55,45,26537,0,4,9,245.44
2023-09-02,1002,8,144,1086.26,5,27523,0,5,9,144.32
2023-09-03,1097,16,315,1202.33,43,47819,0,6,9,315.72
2023-09-04,1047,6,153,1519.06,43,14178,0,0,9,153.8
2023-09-05,1079,15,115,235.43,14,9906,0,1,9,115.44
2023-09-06,1067,13,308,768.08,33,47413,0,2,9,309.0
2023-09-07,1026,15,230,1111.29,7,43641,0,3,9,230.14
2023-09-08,1076,4,231,1664.03,29,35054,0,4,9,231.04
2023-09-09,1070,17,203,1177.89,41,25611,0,5,9,203.16
2023-09-10,1006,1,200,809.67,44,14673,0,6,9,200.63
2023-09-11,1025,9,111,1328.55,23,11617,0,0,9,111.64
2023-09-12,1041,8,290,1562.89,48,36993,0,1,9,290.41
2023-09-13,1099,7,221,1368.34,17,38778,0,2,9,221.39
2023-09-14,1096,18,198,390.67,48,18633,0,3,9,198.23
2023-09-15,1036,15,156,537.47,6,24711,0,4,9,156.25
2023-09-16,1072,14,241,1300.83,24,34537,0,5,9,241.39
2023-09-17,1041,7,256,1476.58,10,45311,0,6,9,256.25
2023-09-18,1018,4,231,1476.24,41,32007,0,0,9,231.5
2023-09-19,1040,7,137,231.91,48,4713,0,1,9,137.81
2023-09-20,1043,8,127,1772.15,49,9258,0,2,9,127.12
2023-09-21,1069,2,33,1988.86,1,10686,0,3,9,33.32
2023-09-22,1007,12,245,268.66,4,43828,0,4,9,245.01
2023-09-23,1061,16,312,102.35,15,43891,1,5,9,312.64
2023-09-24,1002,16,270,826.8,22,38211,1,6,9,270.99
2023-09-25,1029,6,176,588.39,7,27342,0,0,9,176.84
2023-09-26,1015,12,142,1585.85,33,17163,0,1,9,142.24
2023-09-27,1084,2,94,1880.22,8,19880,0,2,9,94.48
2023-09-28,1051,4,115,1759.34,5,18826,0,3,9,115.84
2023-09-29,1011,15,236,854.64,37,26169,0,4,9,236.68
2023-09-30,1029,10,147,1749.31,5,29495,0,5,9,147.03
2023-10-01,1034,2,174,392.2,34,8373,1,6,10,174.51
2023-10-02,1009,2,149,351.8,32,9286,0,0,10,149.98
2023-10-03,1051,3,43,1910.32,5,6772,0,1,10,43.91
2023-10-04,1007,2,273,1061.6,14,47659,0,2,10,273.62
2023-10-05,1091,13,217,1879.25,19,36262,0,3,10,217.42
2023-10-06,1092,11,75,1277.22,22,7610,0,4,10,75.87
2023-10-07,1088,2,349,1020.74,49,47332,0,5,10,349.71
2023-10-08,1078,9,177,917.64,8,30794,0,6,10,177.21
2023-10-09,1006,16,241,1414.07,32,33003,0,0,10,241.96
2023-10-10,1039,17,296,542.03,28,42779,0,1,10,296.44
2023-10-11,1062,3,221,798.74,27,28605,0,2,10,221.03
2023-10-12,1085,5,162,120.96,1,25282,0,3,10,162.54
2023-10-13,1086,7,163,1276.0,12,23740,0,4,10,163.54
2023-10-14,1084,18,104,222.77,31,1163,0,5,10,104.2
2023-10-15,1020,4,225,1742.85,47,29411,0,6,10,225.8
2023-10-16,1098,9,170,1266.75,28,20877,0,0,10,170.64
2023-10-17,1040,1,122,1636.88,47,7172,0,1,10,122.5
2023-10-18,1057,8,160,976.81,10,28425,0,2,10,160.17
2023-10-19,1016,13,288,385.32,31,40851,0,3,10,288.47
2023-10-20,1007,13,245,172.24,22,37224,0,4,10,245.88
2023-10-21,1010,15,184,1890.4,27,29138,0,5,10,184.85
2023-10-22,1004,8,247,603.59,37,29270,0,6,10,247.03
2023-10-23,1065,15,297,490.81,48,33125,0,0,10,297.6
2023-10-24,1040,18,219,712.21,35,26227,0,1,10,219.2
2023-10-25,1031,16,145,1642.36,33,17905,0,2,10,145.21
2023-10-26,1039,18,118,526.77,24,5583,0,3,10,118.62
2023-10-27,1021,12,199,475.19,45,19544,0,4,10,199.86
2023-10-28,1098,7,300,1708.38,40,44950,0,5,10,300.77
2023-10-29,1007,14,182,1484.13,6,30334,0,6,10,182.74
2023-10-30,1074,11,224,611.73,27,29444,0,0,10,224.89
2023-10-31,1051,18,167,505.67,22,21567,0,1,10,167.58
2023-11-01,1021,11,139,1540.55,32,9706,0,2,11,139.83
2023-11-02,1038,12,246,1308.95,36,30806,0,3,11,246.09
2023-11-03,1057,16,218,1642.33,43,26860,0,4,11,218.9
2023-11-04,1063,10,75,1349.36,24,4081,0,5,11,75.21
2023-11-05,1045,7,196,1268.46,1,32656,0,6,11,196.3
2023-11-06,1089,12,166,1516.89,13,14944,1,0,11,166.63
2023-11-07,1019,11,89,1536.9,30,6110,0,1,11,89.1
2023-11-08,1003,10,195,1783.77,34,24705,0,2,11,195.91
2023-11-09,1084,8,183,438.91,9,27661,0,3,11,183.36
2023-11-10,1016,7,56,1013.85,13,4586,0,4,11,56.85
2023-11-11,1079,4,84,200.33,23,1161,0,5,11,84.73
2023-11-12,1018,17,118,1309.33,18,13693,0,6,11,118.93
2023-11-13,1075,6,340,498.7,35,49831,0,0,11,340.14
2023-11-14,1054,1,228,268.34,48,20194,0,1,11,228.57
2023-11-15,1046,11,177,1493.87,44,13448,0,2,11,177.57
2023-11-16,1090,15,304,878.82,13,49998,0,3,11,304.23
2023-11-17,1015,5,235,450.5,9,35865,0,4,11,235.49
2023-11-18,1069,17,149,1866.27,18,18833,0,5,11,149.6
2023-11-19,1025,19,303,816.14,36,43963,0,6,11,303.79
2023-11-20,1069,4,143,194.7,38,6105,1,0,11,143.91
2023-11-21,1023,4,345,1554.47,45,47907,0,1,11,345.73
2023-11-22,1088,4,132,125.46,23,10067,0,2,11,132.08
2023-11-23,1085,7,139,569.26,27,9461,0,3,11,139.06
2023-11-24,1088,13,193,609.46,8,31508,0,4,11,193.32
2023-11-25,1083,18,283,1822.23,20,48299,0,5,11,283.36
2023-11-26,1014,18,42,1491.65,10,2171,0,6,11,42.13
2023-11-27,1047,7,89,847.55,25,3539,0,0,11,89.7
2023-11-28,1020,18,277,375.43,22,35521,0,1,11,277.65
2023-11-29,1048,19,240,686.53,20,30055,1,2,11,240.47
2023-11-30,1070,1,136,1094.44,33,7171,0,3,11,136.26
2023-12-01,1040,7,55,1444.89,16,2633,0,4,12,55.55
2023-12-02,1084,5,312,1896.83,47,47136,0,5,12,312.53
2023-12-03,1097,16,248,882.35,38,28733,0,6,12,249.0
2023-12-04,1058,10,303,1958.32,48,38823,0,0,12,303.18
2023-12-05,1020,4,91,1537.83,21,6774,0,1,12,91.51
2023-12-06,1039,17,216,151.62,24,23263,0,2,12,216.4
2023-12-07,1071,12,184,1123.53,34,22253,0,3,12,184.75
2023-12-08,1042,19,58,938.04,10,3551,0,4,12,58.62
2023-12-09,1007,9,114,1197.43,20,8239,0,5,12,114.9
2023-12-10,1081,10,101,950.45,5,12531,0,6,12,101.73
2023-12-11,1079,3,186,789.89,26,14937,0,0,12,186.32
2023-12-12,1007,5,221,1492.01,47,21074,0,1,12,221.36
2023-12-13,1093,6,56,1938.74,18,3591,0,2,12,56.59
2023-12-14,1000,13,103,1969.81,20,2283,1,3,12,103.44
2023-12-15,1094,5,221,1163.54,32,27819,0,4,12,221.77
2023-12-16,1092,9,129,1656.22,49,1645,0,5,12,129.07
2023-12-17,1043,11,244,1812.46,43,27475,0,6,12,244.49
2023-12-18,1075,16,194,1452.83,25,25765,0,0,12,194.1
2023-12-19,1034,2,288,761.09,46,30009,0,1,12,288.99
2023-12-20,1021,17,141,1698.75,10,12101,1,2,12,141.74
2023-12-21,1034,1,185,339.9,15,23433,0,3,12,185.72
2023-12-22,1038,6,129,1725.9,0,22447,0,4,12,129.73
2023-12-23,1062,3,315,1418.89,24,48246,0,5,12,315.99
2023-12-24,1075,17,241,1555.52,34,30516,0,6,12,241.27
2023-12-25,1096,6,171,1374.39,22,18761,0,0,12,171.39
2023-12-26,1071,3,172,884.25,13,23010,0,1,12,172.16
2023-12-27,1024,8,309,1505.82,25,48717,0,2,12,309.12
2023-12-28,1050,3,103,1532.53,8,6075,1,3,12,103.23
2023-12-29,1077,9,82,679.03,18,5493,0,4,12,82.88
2023-12-30,1013,11,298,241.06,40,33698,0,5,12,298.95
2023-12-31,1040,4,187,222.53,27,15849,0,6,12,187.82
2024-01-01,1054,16,201,555.07,48,10885,0,0,1,201.47
2024-01-02,1010,14,129,1725.82,20,14615,0,1,1,129.29
2024-01-03,1072,9,176,1371.48,16,21961,0,2,1,176.76
2024-01-04,1064,8,321,1083.15,46,35215,0,3,1,321.15
2024-01-05,1018,8,249,1901.41,37,31483,0,4,1,249.87
2024-01-06,1050,4,238,1385.21,27,32259,0,5,1,238.63
2024-01-07,1090,9,180,1061.91,22,21389,0,6,1,180.4
2024-01-08,1024,18,211,787.52,11,29933,0,0,1,211.62
2024-01-09,1064,13,157,1015.88,39,9333,0,1,1,157.42
2024-01-10,1083,17,329,1081.49,37,44056,0,2,1,329.56
2024-01-11,1084,17,156,515.17,41,6482,0,3,1,156.59
2024-01-12,1008,5,254,640.67,16,34623,0,4,1,254.26
2024-01-13,1038,13,217,1383.3,45,17018,0,5,1,217.35
2024-01-14,1045,13,177,849.69,43,9210,0,6,1,177.73
2024-01-15,1011,16,275,663.78,25,34755,0,0,1,275.59
2024-01-16,1007,14,148,197.16,44,1726,0,1,1,148.92
2024-01-17,1067,1,247,966.85,17,33402,0,2,1,247.43
2024-01-18,1039,17,202,234.91,14,15376,1,3,1,202.45
2024-01-19,1065,19,115,1227.96,9,10101,0,4,1,115.52
2024-01-20,1072,7,132,1760.03,19,12777,0,5,1,132.27
2024-01-21,1011,3,153,952.82,44,2998,0,6,1,153.11
2024-01-22,1084,17,138,510.5,24,8446,0,0,1,138.33
2024-01-23,1017,4,230,1378.64,8,37788,0,1,1,230.89
2024-01-24,1029,12,128,1616.92,2,19626,0,2,1,128.45
2024-01-25,1074,16,242,123.39,35,21384,0,3,1,242.56
2024-01-26,1033,5,239,1326.91,36,27167,0,4,1,239.75
2024-01-27,1073,18,347,1310.11,42,45014,0,5,1,347.17
2024-01-28,1010,17,154,292.39,4,14703,0,6,1,154.58
2024-01-29,1049,5,261,534.12,23,34210,0,0,1,261.75
2024-01-30,1044,4,397,288.67,45,48093,1,1,1,397.02
2024-01-31,1005,15,122,1026.92,41,3169,0,2,1,122.8
2024-02-01,1041,5,235,1000.61,5,31403,1,3,2,235.7
2024-02-02,1058,15,280,388.01,16,37575,0,4,2,280.39
2024-02-03,1067,5,176,392.88,48,2932,0,5,2,176.5
2024-02-04,1050,3,150,674.43,31,5857,0,6,2,150.13
2024-02-05,1045,12,86,546.57,10,1358,0,0,2,86.11
2024-02-06,1098,13,121,1289.85,10,14283,0,1,2,121.11
2024-02-07,1016,3,149,1772.6,39,10429,0,2,2,149.72
2024-02-08,1084,8,282,174.97,16,36428,0,3,2,282.93
2024-02-09,1018,2,152,1472.07,44,4630,0,4,2,152.11
2024-02-10,1091,5,84,1609.0,19,2960,0,5,2,84.02
2024-02-11,1011,6,329,382.71,18,38529,1,6,2,329.57
2024-02-12,1054,4,190,642.99,32,14527,0,0,2,190.58
2024-02-13,1026,11,314,1845.6,49,37304,0,1,2,314.38
2024-02-14,1050,15,289,1552.6,3,42862,1,2,2,289.43
2024-02-15,1047,9,185,213.0,44,9016,0,3,2,185.91
2024-02-16,1062,6,321,586.49,4,47092,1,4,2,321.11
2024-02-17,1060,16,265,1548.93,21,37188,0,5,2,265.07
2024-02-18,1063,16,209,1657.62,40,16906,0,6,2,209.49
2024-02-19,1056,15,211,1982.04,49,11503,1,0,2,211.96
2024-02-20,1036,1,331,231.16,12,43727,1,1,2,331.77
2024-02-21,1059,9,257,1555.62,35,30218,0,2,2,257.03
2024-02-22,1045,14,277,874.33,29,35782,0,3,2,277.93
2024-02-23,1098,8,317,310.9,12,45716,0,4,2,317.59
2024-02-24,1016,2,156,1609.58,15,16717,0,5,2,156.64
2024-02-25,1065,13,265,1367.02,30,36323,0,6,2,265.67
2024-02-26,1054,7,122,1005.23,0,16592,0,0,2,122.6
2024-02-27,1012,19,350,779.85,24,48829,0,1,2,350.65
2024-02-28,1073,10,81,1660.72,19,1159,0,2,2,81.96
2024-02-29,1049,14,231,1662.82,23,32566,0,3,2,231.34
2024-03-01,1086,8,184,615.68,30,13237,0,4,3,184.52
2024-03-02,1097,11,284,615.94,48,25142,0,5,3,284.99
2024-03-03,1017,6,149,1801.88,23,15087,0,6,3,149.24
2024-03-04,1068,12,295,1507.72,28,42627,0,0,3,295.52
2024-03-05,1026,2,203,695.36,35,17209,0,1,3,203.95
2024-03-06,1012,19,408,1828.89,47,49695,1,2,3,408.55
2024-03-07,1089,1,197,1867.32,24,24478,0,3,3,197.22
2024-03-08,1022,11,237,1366.13,32,25427,0,4,3,237.79
2024-03-09,1072,19,352,1305.25,36,46968,0,5,3,352.31
2024-03-10,1047,7,135,1050.76,40,2378,0,6,3,135.37
2024-03-11,1070,9,250,453.44,36,25972,0,0,3,250.58
2024-03-12,1001,16,295,805.21,37,31154,0,1,3,295.16
2024-03-13,1086,13,214,168.28,8,19135,1,2,3,214.04
2024-03-14,1035,18,177,1500.48,5,20604,0,3,3,177.68
2024-03-15,1020,11,166,798.79,48,5213,0,4,3,166.17
2024-03-16,1052,12,225,289.75,9,29172,0,5,3,225.78
2024-03-17,1024,3,259,868.15,16,37021,0,6,3,259.8
2024-03-18,1028,11,206,1767.53,25,27853,0,0,3,206.95
2024-03-19,1080,8,106,349.88,11,4866,0,1,3,106.05
2024-03-20,1041,15,259,1633.6,33,31116,0,2,3,259.93
2024-03-21,1056,12,277,102.57,42,21963,0,3,3,277.25
2024-03-22,1099,15,115,1383.6,31,5426,0,4,3,115.93
2024-03-23,1044,4,339,1808.96,28,42448,1,5,3,339.95
2024-03-24,1097,13,326,1520.14,22,42475,1,6,3,326.18
2024-03-25,1014,9,155,489.46,25,8659,0,0,3,155.81
2024-03-26,1056,10,250,698.78,18,23794,1,1,3,250.03
2024-03-27,1094,11,351,593.82,48,33430,1,2,3,351.88
2024-03-28,1087,15,341,215.19,45,37081,0,3,3,341.05
2024-03-29,1074,1,320,1920.07,26,45769,0,4,3,320.17
2024-03-30,1060,14,389,244.85,37,45605,0,5,3,389.0
2024-03-31,1012,3,321,414.92,28,44527,0,6,3,321.39
2024-04-01,1032,17,293,1964.27,12,48153,0,0,4,293.28
2024-04-02,1010,5,287,930.29,18,39870,0,1,4,287.38
2024-04-03,1081,6,128,461.2,28,4642,0,2,4,128.94
2024-04-04,1079,2,161,1937.4,7,20596,0,3,4,161.38
2024-04-05,1093,4,171,569.95,0,22542,0,4,4,171.69
2024-04-06,1036,10,122,1590.4,27,4583,0,5,4,122.97
2024-04-07,1042,10,158,711.17,1,21022,0,6,4,158.67
2024-04-08,1092,3,207,1799.82,44,13297,1,0,4,207.08
2024-04-09,1053,2,288,1987.18,31,42560,0,1,4,288.94
2024-04-10,1093,3,228,209.64,38,21058,0,2,4,228.39
2024-04-11,1016,18,150,1985.64,28,11195,0,3,4,150.84
2024-04-12,1000,13,224,1951.31,22,30961,0,4,4,224.36
2024-04-13,1040,9,160,534.52,0,22904,0,5,4,160.3
2024-04-14,1067,5,203,1466.4,20,23626,0,6,4,203.21
2024-04-15,1018,13,392,770.8,46,43998,1,0,4,392.0
2024-04-16,1003,10,323,1788.89,49,36948,0,1,4,323.5
2024-04-17,1040,16,203,729.97,38,14869,0,2,4,203.18
2024-04-18,1066,15,195,1640.67,39,15270,0,3,4,195.95
2024-04-19,1097,10,234,1667.1,33,28056,0,4,4,234.53
2024-04-20,1068,9,234,100.02,5,35148,0,5,4,234.39
2024-04-21,1039,7,154,486.8,20,12580,0,6,4,154.55
2024-04-22,1035,15,208,890.29,12,28990,0,0,4,208.81
2024-04-23,1029,5,164,1453.98,26,17589,0,1,4,164.42
2024-04-24,1021,8,116,1355.93,30,4273,0,2,4,116.92
2024-04-25,1033,9,188,610.81,31,13297,0,3,4,188.34
2024-04-26,1024,5,255,294.78,0,39078,0,4,4,255.35
2024-04-27,1035,17,179,1872.56,23,21583,0,5,4,179.61
2024-04-28,1033,9,281,470.96,12,38125,0,6,4,281.95
2024-04-29,1002,17,157,1432.22,11,19287,0,0,4,157.06
2024-04-30,1066,15,319,1062.68,31,34919,1,1,4,319.35
2024-05-01,1082,11,129,1694.09,39,5173,0,2,5,129.38
2024-05-02,1003,19,309,1441.77,32,41880,0,3,5,309.11
2024-05-03,1064,5,216,1465.06,5,34767,0,4,5,216.97
2024-05-04,1075,16,108,350.26,9,4731,0,5,5,108.52
2024-05-05,1043,2,319,1755.69,36,44526,0,6,5,319.79
2024-05-06,1079,8,265,198.49,48,22515,0,0,5,265.62
2024-05-07,1074,5,181,770.62,16,20552,0,1,5,181.99
2024-05-08,1058,1,237,642.94,47,17402,0,2,5,237.63
2024-05-09,1065,15,338,824.74,32,47220,0,3,5,338.02
2024-05-10,1086,19,310,1592.01,28,38623,1,4,5,310.68
2024-05-11,1023,18,257,1888.42,40,30240,0,5,5,257.48
2024-05-12,1065,6,225,1140.79,27,26917,0,6,5,225.35
2024-05-13,1081,9,291,488.44,48,29230,0,0,5,291.55
2024-05-14,1079,2,199,646.18,9,23693,1,1,5,199.04
2024-05-15,1042,7,320,427.01,46,31949,0,2,5,320.86
2024-05-16,1018,3,186,1332.16,29,20233,0,3,5,186.24
2024-05-17,1005,15,293,1170.95,8,46536,0,4,5,293.04
2024-05-18,1058,2,68,1745.58,0,3642,0,5,5,68.54
2024-05-19,1009,15,374,504.86,47,48994,0,6,5,374.43
2024-05-20,1027,1,149,129.25,3,14318,0,0,5,149.31
2024-05-21,1035,19,158,1919.4,35,12336,0,1,5,158.94
2024-05-22,1047,6,239,293.6,49,19485,0,2,5,239.36
2024-05-23,1084,15,121,591.55,28,3426,0,3,5,121.46
2024-05-24,1016,11,139,1311.61,41,5017,0,4,5,139.99
2024-05-25,1039,7,98,478.61,22,2134,0,5,5,98.11
2024-05-26,1047,2,287,218.8,49,28586,0,6,5,287.85
2024-05-27,1032,11,228,1230.13,29,27249,0,0,5,228.3
2024-05-28,1062,13,186,1594.86,2,35761,0,1,5,186.83
2024-05-29,1090,14,232,653.84,45,17873,0,2,5,232.26
2024-05-30,1038,17,219,1743.87,32,27293,0,3,5,219.73
2024-05-31,1081,2,182,1297.47,42,6307,0,4,5,182.19
2024-06-01,1036,15,198,221.61,33,17446,0,5,6,198.27
2024-06-02,1010,13,245,671.99,6,37412,0,6,6,245.41
2024-06-03,1037,18,260,876.68,37,32781,0,0,6,260.31
2024-06-04,1028,5,177,1594.39,27,19452,0,1,6,177.46
2024-06-05,1082,3,222,1631.1,0,33963,1,2,6,222.66
2024-06-06,1026,10,241,1117.55,20,33828,0,3,6,241.61
2024-06-07,1054,14,328,1836.2,31,49516,0,4,6,328.33
2024-06-08,1048,10,222,615.85,15,31816,0,5,6,222.02
2024-06-09,1040,5,264,1386.19,16,39987,0,6,6,264.54
2024-06-10,1066,9,249,404.69,36,29246,0,0,6,249.77
2024-06-11,1022,13,236,414.04,39,21929,0,1,6,236.8
2024-06-12,1017,1,272,755.94,42,32135,0,2,6,272.46
2024-06-13,1035,2,208,1086.53,27,27829,0,3,6,208.83
2024-06-14,1046,19,295,737.78,27,44370,0,4,6,295.23
2024-06-15,1018,3,289,1423.22,46,38865,0,5,6,289.06
2024-06-16,1049,2,258,882.72,0,44937,0,6,6,258.36
2024-06-17,1063,7,131,371.4,25,7160,0,0,6,131.39
2024-06-18,1068,17,353,1389.91,48,47182,0,1,6,353.65
2024-06-19,1078,11,232,1408.4,15,37661,0,2,6,232.49
2024-06-20,1055,1,146,983.6,21,15671,0,3,6,146.81
2024-06-21,1070,14,251,1070.07,18,38825,0,4,6,251.99
2024-06-22,1014,3,316,125.4,45,38405,0,5,6,316.14
2024-06-23,1035,15,333,226.47,48,38548,0,6,6,333.34
2024-06-24,1076,13,195,1979.51,19,23463,1,0,6,195.05
2024-06-25,1002,14,149,807.81,3,23010,0,1,6,149.18
2024-06-26,1074,11,88,1865.65,29,4306,0,2,6,88.32
2024-06-27,1030,2,304,1568.34,14,49536,0,3,6,304.83
2024-06-28,1072,5,159,1090.04,38,12577,0,4,6,159.07
2024-06-29,1091,9,243,759.23,5,36740,0,5,6,243.58
2024-06-30,1015,3,78,923.01,25,1489,0,6,6,78.66
2024-07-01,1041,13,134,1454.28,15,17999,0,0,7,134.89
2024-07-02,1039,13,163,508.33,29,11973,1,1,7,163.97
2024-07-03,1080,2,112,353.94,25,5886,0,2,7,112.66
2024-07-04,1095,17,162,616.7,37,11744,0,3,7,162.1
2024-07-05,1000,13,301,1669.24,20,49908,0,4,7,301.69
2024-07-06,1006,10,208,1357.74,14,34998,0,5,7,208.87
2024-07-07,1083,5,163,1520.89,32,16899,0,6,7,163.9
2024-07-08,1036,6,179,888.96,31,17034,0,0,7,179.19
2024-07-09,1047,6,354,915.07,45,47778,0,1,7,354.15
2024-07-10,1028,7,245,1992.7,37,33001,0,2,7,245.07
2024-07-11,1037,16,278,1670.64,11,42258,1,3,7,278.83
2024-07-12,1090,10,317,110.87,26,47754,0,4,7,317.79
2024-07-13,1034,11,109,784.81,10,15334,0,5,7,109.38
2024-07-14,1034,6,286,132.58,23,42073,0,6,7,286.01
2024-07-15,1057,3,174,1882.99,4,33596,0,0,7,174.31
2024-07-16,1082,4,98,1982.29,18,11922,0,1,7,98.3
2024-07-17,1047,19,47,1749.98,10,6741,0,2,7,47.99
2024-07-18,1027,5,261,1302.84,4,45594,0,3,7,261.32
2024-07-19,1041,6,183,1227.0,10,29554,0,4,7,183.05
2024-07-20,1026,18,197,309.12,10,26515,0,5,7,197.52
2024-07-21,1053,10,67,1153.91,0,7982,0,6,7,67.61
2024-07-22,1014,8,173,1439.76,21,24470,0,0,7,173.76
2024-07-23,1039,6,86,1118.28,25,6213,0,1,7,86.02
2024-07-24,1065,5,115,1684.2,1,24989,0,2,7,115.87
2024-07-25,1021,8,156,226.4,25,6021,1,3,7,156.71
2024-07-26,1083,16,207,1412.29,42,19950,0,4,7,207.63
2024-07-27,1072,3,186,481.05,36,17848,0,5,7,186.58
2024-07-28,1056,8,224,1887.47,29,32085,0,6,7,224.11
2024-07-29,1093,19,203,1148.57,33,23449,0,0,7,203.36
2024-07-30,1057,2,312,1002.41,49,33101,1,1,7,312.34
2024-07-31,1083,3,201,1972.08,39,26159,0,2,7,201.64
2024-08-01,1055,8,268,493.82,7,47172,0,3,8,268.85
2024-08-02,1048,4,86,1380.59,31,5131,0,4,8,86.92
2024-08-03,1085,4,223,379.15,37,19814,1,5,8,223.28
2024-08-04,1030,11,192,1170.48,31,24741,0,6,8,192.19
2024-08-05,1009,8,190,676.89,23,24906,0,0,8,190.84
2024-08-06,1064,10,291,1662.52,41,42185,0,1,8,291.34
2024-08-07,1012,16,268,1139.75,11,46991,0,2,8,268.58
2024-08-08,1031,9,181,1886.8,25,29378,0,3,8,181.44
2024-08-09,1076,16,267,1346.5,11,49555,0,4,8,267.51
2024-08-10,1047,18,333,334.14,38,45739,0,5,8,334.0
2024-08-11,1095,8,89,473.2,16,3032,0,6,8,89.42
2024-08-12,1089,14,146,1325.02,3,23523,0,0,8,146.05
2024-08-13,1024,13,94,1357.17,37,4262,0,1,8,94.96
2024-08-14,1027,3,253,447.39,33,34487,0,2,8,253.79
2024-08-15,1037,8,165,1161.66,5,26805,0,3,8,165.85
2024-08-16,1092,5,202,432.73,24,27910,0,4,8,202.8
2024-08-17,1083,7,104,1218.97,3,16916,0,5,8,104.23
2024-08-18,1076,17,126,388.89,32,4968,0,6,8,126.03
2024-08-19,1016,8,283,1849.41,44,41214,0,0,8,283.2
2024-08-20,1058,13,312,989.33,48,42115,0,1,8,312.14
2024-08-21,1015,2,87,1544.81,16,1870,1,2,8,87.75
2024-08-22,1081,13,298,1381.36,29,48764,0,3,8,298.15
2024-08-23,1080,8,200,530.81,14,30896,0,4,8,200.21
2024-08-24,1051,1,224,1720.67,8,35485,1,5,8,224.84
2024-08-25,1043,3,181,1532.09,15,26864,0,6,8,181.68
2024-08-26,1056,8,174,633.99,11,26920,0,0,8,174.68
2024-08-27,1041,19,338,1526.46,42,48966,0,1,8,338.52
2024-08-28,1084,8,226,1865.37,5,46397,0,2,8,226.17
2024-08-29,1036,13,130,1671.03,7,26832,0,3,8,130.68
2024-08-30,1020,19,269,658.17,39,35642,0,4,8,269.16
2024-08-31,1016,6,80,1389.15,37,2051,0,5,8,80.26
2024-09-01,1042,4,216,1930.38,31,30648,0,6,9,216.19
2024-09-02,1059,14,193,1609.51,34,25423,0,0,9,193.12
2024-09-03,1075,8,337,1884.09,49,49003,0,1,9,337.63
2024-09-04,1026,9,62,555.98,11,4358,0,2,9,62.12
2024-09-05,1033,3,157,568.65,41,10497,0,3,9,157.96
2024-09-06,1009,19,121,1818.28,4,22698,0,4,9,121.48
2024-09-07,1025,15,130,864.57,30,13721,0,5,9,130.14
2024-09-08,1086,4,320,696.37,47,43229,0,6,9,320.93
2024-09-09,1088,17,64,1662.74,20,7589,0,0,9,64.12
2024-09-10,1037,15,198,1904.81,45,26901,0,1,9,198.35
2024-09-11,1069,17,338,185.97,43,42430,0,2,9,338.17
2024-09-12,1017,3,276,1176.55,22,43946,0,3,9,276.85
2024-09-13,1071,11,183,1621.86,4,35484,0,4,9,183.89
2024-09-14,1055,13,110,1211.65,4,17968,0,5,9,110.57
2024-09-15,1050,11,64,1111.35,11,5006,0,6,9,64.69
2024-09-16,1071,9,158,160.38,20,19103,0,0,9,158.17
2024-09-17,1039,5,175,1266.54,0,30432,0,1,9,175.71
2024-09-18,1053,10,205,1664.75,16,37885,0,2,9,205.26
2024-09-19,1046,17,100,723.54,25,9848,0,3,9,100.8
2024-09-20,1077,13,298,1697.73,45,41461,0,4,9,298.19
2024-09-21,1026,13,134,972.34,34,10275,0,5,9,134.54
2024-09-22,1085,17,214,899.45,33,23553,1,6,9,214.84
2024-09-23,1058,18,46,1945.19,16,6368,0,0,9,46.71
2024-09-24,1012,7,107,893.57,14,13306,0,1,9,107.42
2024-09-25,1034,19,324,539.81,34,41863,1,2,9,324.72
2024-09-26,1043,8,336,707.34,16,48466,1,3,9,336.14
2024-09-27,1069,14,281,628.39,14,47830,0,4,9,281.01
2024-09-28,1039,16,212,1671.87,3,38292,0,5,9,212.53
2024-09-29,1002,8,172,1054.61,42,15536,0,6,9,172.2
2024-09-30,1065,8,281,195.41,43,36186,0,0,9,281.53
2024-10-01,1029,10,302,698.17,49,39084,0,1,10,302.3
2024-10-02,1038,2,199,1666.5,44,20094,0,2,10,199.82
2024-10-03,1003,6,203,577.22,17,29430,0,3,10,203.69
2024-10-04,1095,9,270,686.09,19,42989,0,4,10,270.96
2024-10-05,1040,19,229,757.03,21,33247,0,5,10,229.97
2024-10-06,1021,1,226,860.4,47,20190,0,6,10,226.92
2024-10-07,1096,18,248,328.74,40,26416,0,0,10,248.89
2024-10-08,1082,15,127,897.71,22,13317,0,1,10,127.18
2024-10-09,1024,10,231,1806.13,45,31009,0,2,10,231.05
2024-10-10,1040,14,333,403.29,47,41673,0,3,10,333.34
2024-10-11,1085,13,65,678.74,16,3941,0,4,10,65.7
2024-10-12,1075,10,143,1861.14,10,26359,0,5,10,143.66
2024-10-13,1089,16,143,121.47,43,5586,0,6,10,143.36
2024-10-14,1047,10,202,1217.87,12,31595,1,0,10,202.96
2024-10-15,1026,15,197,615.83,6,32422,0,1,10,197.88
2024-10-16,1045,8,190,277.07,12,29202,0,2,10,190.07
2024-10-17,1084,8,37,1867.76,15,3843,0,3,10,37.42
2024-10-18,1046,12,191,645.92,22,23927,0,4,10,191.81
2024-10-19,1036,3,173,1020.34,46,13205,0,5,10,173.99
2024-10-20,1076,10,214,496.32,36,24862,0,6,10,214.47
2024-10-21,1035,2,242,876.07,15,40876,0,0,10,242.59
2024-10-22,1029,13,314,741.31,33,42789,1,1,10,314.86
2024-10-23,1035,9,119,536.99,18,14861,0,2,10,119.9
2024-10-24,1078,9,208,1136.61,49,19257,0,3,10,208.91
2024-10-25,1021,4,298,614.22,33,32308,1,4,10,298.75
2024-10-26,1094,7,331,322.83,41,44485,0,5,10,331.08
2024-10-27,1030,19,188,1971.83,31,23337,0,6,10,188.01
2024-10-28,1009,2,219,1275.67,23,33528,0,0,10,219.6
2024-10-29,1030,11,213,629.98,10,34654,0,1,10,213.72
2024-10-30,1070,15,131,1654.92,30,12984,0,2,10,131.14
2024-10-31,1001,10,135,1744.57,43,11770,0,3,10,135.4
2024-11-01,1039,18,315,1380.29,44,41130,0,4,11,315.06
2024-11-02,1065,17,161,1396.81,29,14907,0,5,11,161.48
2024-11-03,1024,10,291,1415.47,39,42804,0,6,11,291.19
2024-11-04,1079,13,215,1251.39,19,30978,0,0,11,215.52
2024-11-05,1033,2,160,881.61,8,22067,0,1,11,160.66
2024-11-06,1047,7,256,1299.61,0,47514,0,2,11,256.36
2024-11-07,1023,2,287,1361.27,13,49321,0,3,11,287.23
2024-11-08,1023,10,224,1138.72,36,25209,0,4,11,224.65
2024-11-09,1033,12,100,386.31,5,14731,0,5,11,100.01
2024-11-10,1044,4,144,1267.52,37,9386,0,6,11,144.32
2024-11-11,1015,5,124,1357.49,39,6581,0,0,11,124.62
2024-11-12,1080,13,121,1690.8,6,21013,0,1,11,121.11
2024-11-13,1043,17,288,1679.88,46,38419,0,2,11,288.34
2024-11-14,1077,15,128,1793.28,30,14666,0,3,11,128.73
2024-11-15,1082,14,104,124.51,22,1935,0,4,11,104.51
2024-11-16,1094,2,153,1253.56,26,16960,0,5,11,153.99
2024-11-17,1000,12,338,283.63,10,48014,1,6,11,338.58
2024-11-18,1089,16,244,1991.58,45,35754,0,0,11,244.06
2024-11-19,1057,15,192,704.78,1,29572,0,1,11,192.35
2024-11-20,1032,3,58,1503.16,4,6594,0,2,11,58.77
2024-11-21,1083,13,350,587.81,38,47851,0,3,11,350.29
2024-11-22,1056,15,124,1272.5,21,11450,0,4,11,124.77
2024-11-23,1071,10,289,1094.77,25,45950,0,5,11,289.32
2024-11-24,1082,16,123,300.42,11,13254,0,6,11,123.11
2024-11-25,1010,10,170,1658.13,37,20041,0,0,11,170.12
2024-11-26,1041,1,35,1956.36,7,2466,0,1,11,35.55
2024-11-27,1046,7,232,1317.83,3,43904,0,2,11,232.17
2024-11-28,1050,5,205,139.77,23,22199,0,3,11,205.82
2024-11-29,1088,4,202,852.28,48,15342,0,4,11,202.45
2024-11-30,1086,13,206,328.85,27,18130,1,5,11,206.7
2024-12-01,1025,19,246,245.77,13,37386,0,6,12,246.48
2024-12-02,1078,14,212,1778.22,37,28241,0,0,12,212.77
2024-12-03,1052,6,289,965.23,24,37358,0,1,12,289.93
2024-12-04,1049,6,255,1749.52,32,36328,0,2,12,255.23
2024-12-05,1059,2,122,172.36,3,9693,0,3,12,122.67
2024-12-06,1072,3,167,321.31,23,13242,0,4,12,167.69
2024-12-07,1042,14,114,381.88,27,1507,0,5,12,114.52
2024-12-08,1030,4,293,1267.36,38,38167,0,6,12,293.16
2024-12-09,1047,7,117,1054.73,29,8837,0,0,12,117.17
2024-12-10,1070,1,257,713.89,25,36414,0,1,12,257.68
2024-12-11,1005,6,205,1246.33,23,25594,0,2,12,205.86
2024-12-12,1041,1,109,383.37,11,8797,0,3,12,109.58
2024-12-13,1038,9,236,1760.36,11,43742,0,4,12,236.19
2024-12-14,1001,7,174,823.81,17,19690,0,5,12,174.68
2024-12-15,1081,12,238,1529.04,32,33698,0,6,12,238.17
2024-12-16,1067,17,166,1056.74,23,18857,0,0,12,166.46
2024-12-17,1005,10,110,1590.37,20,10782,0,1,12,110.99
2024-12-18,1095,19,256,1288.74,8,42913,0,2,12,256.0
2024-12-19,1031,5,298,1248.28,41,36892,0,3,12,298.45
2024-12-20,1014,7,144,939.48,46,6506,0,4,12,144.33
2024-12-21,1091,15,209,1236.22,11,37133,0,5,12,209.18
2024-12-22,1083,15,216,1060.82,20,30122,0,6,12,216.01
2024-12-23,1086,16,208,1175.44,47,7477,1,0,12,208.91
2024-12-24,1000,10,306,1897.34,45,39599,0,1,12,306.01
2024-12-25,1088,18,193,422.79,16,27299,0,2,12,193.66
2024-12-26,1022,11,166,1412.38,4,27026,0,3,12,166.08
2024-12-27,1061,13,251,273.17,27,28281,0,4,12,251.42
2024-12-28,1008,8,111,1340.65,27,8235,0,5,12,111.08
2024-12-29,1097,16,131,1917.77,7,15287,1,6,12,131.83
2024-12-30,1068,18,116,1615.28,1,21425,0,0,12,116.62
2024-12-31,1046,12,316,238.2,49,35552,0,1,12,316.37
2025-01-01,1025,14,171,1927.07,44,10643,0,2,1,171.75
2025-01-02,1064,19,273,1505.4,21,41437,0,3,1,273.03
2025-01-03,1059,1,209,1681.96,48,15745,0,4,1,209.34
2025-01-04,1098,8,136,1142.32,12,16997,0,5,1,136.48
2025-01-05,1045,8,299,401.6,21,37948,0,6,1,300.0
2025-01-06,1084,9,157,495.8,22,18010,0,0,1,157.86
2025-01-07,1029,13,177,1228.18,22,20680,0,1,1,177.62
2025-01-08,1022,13,261,526.74,23,33626,0,2,1,261.76
2025-01-09,1047,6,202,728.07,44,17184,0,3,1,202.66
2025-01-10,1089,8,115,1259.21,12,12440,0,4,1,115.7
2025-01-11,1016,9,180,447.23,49,9488,0,5,1,180.82
2025-01-12,1037,6,131,145.5,13,3881,1,6,1,131.36
2025-01-13,1023,19,157,1288.8,48,8036,0,0,1,157.41
2025-01-14,1034,1,149,472.96,44,5603,0,1,1,149.47
2025-01-15,1092,19,155,1635.95,24,8349,1,2,1,155.21
2025-01-16,1000,10,205,443.49,33,19255,0,3,1,205.25
2025-01-17,1044,6,110,1220.34,5,15175,0,4,1,110.81
2025-01-18,1038,10,187,1568.07,17,22435,0,5,1,187.13
2025-01-19,1003,8,98,1370.87,8,7297,1,6,1,98.66
2025-01-20,1015,15,221,392.19,4,31966,0,0,1,221.76
2025-01-21,1092,13,230,136.0,44,16689,0,1,1,230.14
2025-01-22,1007,3,218,193.52,45,16103,0,2,1,218.41
2025-01-23,1041,13,156,497.97,12,17932,0,3,1,156.51
2025-01-24,1072,7,343,693.94,22,43598,1,4,1,343.71
2025-01-25,1077,19,204,1783.95,30,23616,0,5,1,204.28
2025-01-26,1019,12,234,203.49,44,8297,1,6,1,234.68
2025-01-27,1069,3,236,693.16,17,33330,0,0,1,236.31
2025-01-28,1063,5,95,541.23,18,1893,0,1,1,95.73
2025-01-29,1067,15,298,1527.43,34,40094,0,2,1,298.68
2025-01-30,1082,6,249,1318.98,29,32186,0,3,1,249.88
2025-01-31,1050,8,173,256.57,15,16859,0,4,1,173.79
2025-02-01,1016,13,173,1731.53,26,16881,0,5,2,173.54
2025-02-02,1086,6,91,1396.83,24,2462,0,6,2,91.44
2025-02-03,1023,11,326,1070.08,33,43267,0,0,2,326.96
2025-02-04,1055,7,202,1528.47,7,23706,1,1,2,202.69
2025-02-05,1095,7,67,350.21,0,3716,0,2,2,67.47
2025-02-06,1002,13,130,201.91,26,1463,0,3,2,130.8
2025-02-07,1043,9,247,1659.05,41,23388,0,4,2,247.69
2025-02-08,1058,17,255,975.71,4,43543,0,5,2,255.08
2025-02-09,1046,3,215,1693.82,47,12516,1,6,2,215.7
2025-02-10,1022,18,100,874.78,13,6454,0,0,2,100.18
2025-02-11,1026,15,197,1738.74,7,22181,1,1,2,197.42
2025-02-12,1095,17,353,520.88,33,47525,0,2,2,353.23
2025-02-13,1077,2,101,418.17,6,6596,0,3,2,101.74
2025-02-14,1013,8,115,853.83,1,14668,0,4,2,115.72
2025-02-15,1055,3,225,1800.61,49,20065,0,5,2,225.43
2025-02-16,1001,4,319,1074.46,33,42821,0,6,2,319.11
2025-02-17,1088,5,326,593.25,15,48922,0,0,2,326.36
2025-02-18,1056,2,328,100.43,35,41277,0,1,2,328.22
2025-02-19,1021,2,357,418.85,37,44258,0,2,2,357.45
2025-02-20,1096,1,125,326.37,3,11364,0,3,2,125.29
2025-02-21,1042,1,221,1465.56,40,20894,0,4,2,221.41
2025-02-22,1017,13,205,1504.27,42,17678,0,5,2,205.09
2025-02-23,1080,15,119,1569.05,29,3809,0,6,2,119.46
2025-02-24,1069,1,155,1784.35,48,9243,0,0,2,155.26
2025-02-25,1028,14,334,1731.65,46,35635,1,1,2,334.02
2025-02-26,1070,19,257,913.49,34,30245,0,2,2,257.11
2025-02-27,1021,11,120,1820.07,28,7568,0,3,2,120.2
2025-02-28,1017,17,342,697.79,22,47040,0,4,2,342.22
2025-03-01,1055,3,161,1306.32,18,15904,0,5,3,161.2
2025-03-02,1036,1,341,1915.35,26,48892,0,6,3,341.19
2025-03-03,1060,8,177,503.34,27,13352,0,0,3,177.28
2025-03-04,1058,7,88,478.52,6,3155,0,1,3,88.22
2025-03-05,1045,13,141,847.31,13,14327,0,2,3,141.76
2025-03-06,1080,5,308,1676.66,21,44880,0,3,3,308.0
2025-03-07,1053,15,211,1139.39,5,31930,0,4,3,211.83
2025-03-08,1025,13,156,1915.73,43,7937,0,5,3,156.42
2025-03-09,1035,13,331,1720.56,26,46240,0,6,3,331.72
2025-03-10,1079,6,288,825.07,13,41860,0,0,3,288.94
2025-03-11,1078,3,406,464.83,33,47688,1,1,3,406.96
2025-03-12,1006,9,179,736.1,13,18587,0,2,3,179.02
2025-03-13,1009,7,247,1667.13,29,31435,0,3,3,247.49
2025-03-14,1062,15,253,669.81,11,37919,0,4,3,253.04
2025-03-15,1031,15,105,1542.69,27,6840,0,5,3,105.33
2025-03-16,1035,18,144,1779.0,14,21056,0,6,3,144.72
2025-03-17,1021,1,300,1721.94,24,46156,0,0,3,300.05
2025-03-18,1096,17,259,540.04,1,39239,0,1,3,259.61
2025-03-19,1061,9,245,751.39,16,24345,1,2,3,245.32
2025-03-20,1020,18,203,1780.51,23,26161,0,3,3,203.12
2025-03-21,1017,10,318,415.84,36,34324,0,4,3,318.56
2025-03-22,1094,4,108,1908.92,19,9055,0,5,3,108.57
2025-03-23,1008,13,334,588.42,14,49091,0,6,3,334.7
2025-03-24,1088,14,264,1926.95,17,39367,0,0,3,264.05
2025-03-25,1065,1,218,1828.14,16,31699,0,1,3,218.52
2025-03-26,1048,3,216,1972.96,35,21085,0,2,3,216.63
2025-03-27,1045,4,238,1629.68,0,40472,0,3,3,238.18
2025-03-28,1071,7,268,778.27,15,38011,0,4,3,268.32
2025-03-29,1077,11,320,314.4,13,46254,0,5,3,320.22
2025-03-30,1066,4,234,1458.74,10,35305,0,6,3,234.33
2025-03-31,1029,17,233,1806.11,43,23432,0,0,3,233.57
2025-04-01,1025,16,223,101.79,1,28369,1,1,4,223.01
2025-04-02,1078,13,185,1360.29,47,6499,0,2,4,185.69
2025-04-03,1099,14,172,1189.77,33,12819,0,3,4,172.89
2025-04-04,1005,13,97,1805.05,21,4089,0,4,4,97.46
2025-04-05,1050,8,399,999.53,47,49146,0,5,4,399.36
2025-04-06,1026,11,287,260.1,6,45100,0,6,4,287.54
2025-04-07,1022,5,179,326.3,2,23469,0,0,4,179.62
2025-04-08,1020,8,175,711.93,10,21901,0,1,4,175.27
2025-04-09,1013,14,138,1422.77,37,1363,0,2,4,138.58
2025-04-10,1033,9,303,1661.12,16,47736,0,3,4,304.0
2025-04-11,1003,10,185,415.89,41,6204,0,4,4,185.73
2025-04-12,1003,18,47,1482.5,1,4083,0,5,4,47.34
2025-04-13,1050,11,271,1284.42,11,40752,0,6,4,271.19
2025-04-14,1010,4,146,475.36,19,10327,0,0,4,146.18
2025-04-15,1013,16,130,931.66,20,10045,0,1,4,130.65
2025-04-16,1049,7,232,1797.47,22,29806,0,2,4,232.06
2025-04-17,1060,12,160,700.39,9,16734,0,3,4,160.1
2025-04-18,1005,17,154,1284.69,37,10111,0,4,4,154.34
2025-04-19,1069,7,221,1018.65,17,25503,0,5,4,221.03
2025-04-20,1095,12,201,555.66,26,18400,0,6,4,201.39
2025-04-21,1074,2,332,864.38,39,42302,0,0,4,332.8
2025-04-22,1063,7,202,932.01,20,23785,0,1,4,202.43
2025-04-23,1034,19,284,1197.46,17,41701,0,2,4,285.0
2025-04-24,1029,12,344,539.58,22,42395,1,3,4,344.36
2025-04-25,1032,15,199,640.74,24,17195,0,4,4,199.09
2025-04-26,1081,5,340,651.08,22,47330,0,5,4,340.12
2025-04-27,1052,8,213,426.63,47,12673,0,6,4,213.94
2025-04-28,1012,19,111,752.22,25,3663,0,0,4,111.19
2025-04-29,1074,12,295,1931.0,12,48588,0,1,4,295.99
2025-04-30,1001,5,187,848.77,25,14515,0,2,4,187.54
2025-05-01,1031,15,100,1771.69,4,12593,0,3,5,100.02
2025-05-02,1040,14,256,688.41,41,18143,1,4,5,256.58
2025-05-03,1014,16,214,394.23,5,28200,0,5,5,214.39
2025-05-04,1025,5,191,1991.47,20,24023,0,6,5,191.98
2025-05-05,1076,16,77,749.54,3,5711,0,0,5,77.64
2025-05-06,1052,10,243,165.42,11,31297,0,1,5,243.77
2025-05-07,1053,3,390,354.02,45,49353,0,2,5,390.48
2025-05-08,1057,14,317,288.54,37,36651,0,3,5,317.09
2025-05-09,1050,10,193,161.66,14,24205,0,4,5,193.26
2025-05-10,1092,19,119,560.29,9,6515,1,5,5,119.31
2025-05-11,1097,4,249,1294.86,8,43292,0,6,5,249.47
2025-05-12,1034,2,274,1536.77,3,49552,0,0,5,274.95
2025-05-13,1079,12,206,537.73,33,20177,0,1,5,206.15
2025-05-14,1095,17,141,859.97,26,5951,0,2,5,141.4
2025-05-15,1021,4,66,1432.09,8,1835,0,3,5,66.53
2025-05-16,1001,17,307,1414.27,30,42886,0,4,5,307.65
2025-05-17,1054,17,203,1462.8,15,32416,0,5,5,203.2
2025-05-18,1014,4,169,1883.87,29,16339,0,6,5,169.96
2025-05-19,1048,12,119,1144.46,3,13126,0,0,5,119.54
2025-05-20,1057,15,272,1663.14,15,40828,0,1,5,272.34
2025-05-21,1029,13,292,466.09,35,34635,0,2,5,292.87
2025-05-22,1018,13,211,482.67,43,15017,0,3,5,211.34
2025-05-23,1076,7,119,1793.17,9,14833,0,4,5,119.37
2025-05-24,1059,19,128,1090.95,0,18264,0,5,5,128.52
2025-05-25,1060,8,253,913.87,18,37323,0,6,5,253.26
2025-05-26,1012,14,90,1258.06,28,4626,0,0,5,90.1
2025-05-27,1005,1,179,1591.86,26,14844,1,1,5,179.42
2025-05-28,1079,14,118,1067.02,19,11725,0,2,5,118.82
2025-05-29,1092,19,290,869.44,0,48340,0,3,5,290.36
2025-05-30,1020,3,175,256.89,2,26752,0,4,5,175.57
2025-05-31,1051,12,222,265.24,20,25502,0,5,5,222.94
2025-06-01,1069,19,224,591.55,48,16958,0,6,6,224.85
2025-06-02,1006,10,231,1925.42,19,36144,0,0,6,231.9
2025-06-03,1046,2,356,954.89,35,47098,0,1,6,356.28
2025-06-04,1035,8,182,421.41,37,8837,0,2,6,182.56
2025-06-05,1087,9,275,616.16,23,37877,0,3,6,275.71
2025-06-06,1081,17,175,1718.51,10,29258,0,4,6,175.46
2025-06-07,1000,15,306,154.99,8,48374,0,5,6,306.54
2025-06-08,1026,19,237,742.16,19,37160,0,6,6,237.96
2025-06-09,1000,10,335,595.61,31,46158,0,0,6,335.81
2025-06-10,1026,18,292,1343.26,48,34756,0,1,6,292.34
2025-06-11,1071,2,162,806.88,17,16867,0,2,6,162.17
2025-06-12,1071,19,213,1920.46,4,39285,0,3,6,213.15
2025-06-13,1003,7,183,1936.58,24,20867,0,4,6,183.11
2025-06-14,1022,16,286,1499.3,37,37931,0,5,6,286.38
2025-06-15,1088,1,269,1519.87,30,31859,1,6,6,269.75
2025-06-16,1065,10,207,1092.74,43,15457,0,0,6,207.38
2025-06-17,1070,9,269,1460.37,38,33886,0,1,6,269.52
2025-06-18,1050,2,150,1699.08,13,21805,0,2,6,150.99
2025-06-19,1031,3,112,1881.87,21,12826,0,3,6,112.83
2025-06-20,1006,13,227,1135.12,3,41166,0,4,6,227.93
2025-06-21,1051,6,207,1544.62,31,27569,0,5,6,207.53
2025-06-22,1003,3,262,1620.26,36,34455,0,6,6,262.16
2025-06-23,1094,12,71,921.24,12,4395,0,0,6,71.98
2025-06-24,1080,9,95,1986.59,12,13467,0,1,6,95.0
2025-06-25,1091,11,112,1745.84,21,10582,0,2,6,112.6
2025-06-26,1011,5,274,1416.55,38,34804,0,3,6,274.68
2025-06-27,1052,13,180,1258.4,9,23880,0,4,6,180.37
2025-06-28,1034,3,125,595.35,25,11109,0,5,6,125.63
2025-06-29,1055,10,133,1300.27,33,8746,0,6,6,133.25
2025-06-30,1065,6,309,445.35,31,44539,0,0,6,309.97
2025-07-01,1049,16,276,981.57,6,49784,0,1,7,276.25
2025-07-02,1069,6,136,1635.12,21,19259,0,2,7,136.95
2025-07-03,1092,8,193,1196.97,32,21245,0,3,7,193.45
2025-07-04,1036,19,195,656.04,9,31286,0,4,7,195.82
2025-07-05,1047,12,186,1610.52,32,27639,0,5,7,186.27
2025-07-06,1058,5,210,1334.16,38,20091,0,6,7,210.19
2025-07-07,1090,13,282,193.69,6,47505,0,0,7,282.61
2025-07-08,1091,2,253,1942.03,31,40065,0,1,7,253.65
2025-07-09,1018,9,235,1871.46,38,30443,0,2,7,235.47
2025-07-10,1010,1,94,1996.58,10,12232,0,3,7,94.39
2025-07-11,1094,6,312,1953.64,26,49291,0,4,7,312.69
2025-07-12,1098,3,316,1335.36,38,36712,1,5,7,316.06
2025-07-13,1083,3,152,504.06,1,21689,0,6,7,152.4
2025-07-14,1008,2,345,980.88,37,49542,0,0,7,345.52
2025-07-15,1075,4,245,1098.1,48,20950,1,1,7,245.28
2025-07-16,1089,13,320,1429.12,43,49153,0,2,7,321.0
2025-07-17,1014,16,252,175.61,36,26523,0,3,7,252.11
2025-07-18,1026,6,184,1051.98,37,12437,1,4,7,184.97
2025-07-19,1071,8,121,947.68,6,16167,0,5,7,121.08
2025-07-20,1084,8,125,1703.08,30,14560,0,6,7,125.24
2025-07-21,1008,15,185,1399.2,9,31492,0,0,7,185.07
2025-07-22,1036,7,260,1216.82,39,32836,0,1,7,260.71
2025-07-23,1027,16,98,1188.26,13,11464,0,2,7,98.93
2025-07-24,1048,11,33,1692.96,7,1726,0,3,7,33.68
2025-07-25,1041,7,110,1409.89,40,2081,0,4,7,110.71
2025-07-26,1000,10,142,1074.39,24,14436,0,5,7,142.87
2025-07-27,1057,6,65,1576.1,17,4670,0,6,7,65.5
2025-07-28,1023,16,246,669.88,0,39784,0,0,7,246.13
2025-07-29,1093,9,243,416.36,45,24350,0,1,7,243.08
2025-07-30,1025,13,167,502.26,9,21002,1,2,7,167.02
2025-07-31,1099,16,226,495.4,16,31962,0,3,7,226.62
2025-08-01,1010,1,122,1534.17,3,18706,1,4,8,122.7
2025-08-02,1012,10,161,104.41,33,10318,1,5,8,161.53
2025-08-03,1048,1,286,296.6,14,40937,1,6,8,286.52
2025-08-04,1070,4,102,1136.77,35,6147,0,0,8,102.94
2025-08-05,1029,4,86,373.35,24,2849,0,1,8,86.9
2025-08-06,1068,19,133,347.61,42,2132,0,2,8,133.85
2025-08-07,1021,2,316,1386.54,43,47694,0,3,8,316.81
2025-08-08,1028,17,241,1792.85,30,38960,0,4,8,241.11
2025-08-09,1047,14,184,987.33,32,22602,0,5,8,184.69
2025-08-10,1057,15,92,1785.38,1,18138,0,6,8,92.51
2025-08-11,1003,12,167,1029.55,13,25310,0,0,8,167.84
2025-08-12,1004,17,134,286.86,31,4145,1,1,8,134.88
2025-08-13,1017,9,304,615.72,28,41049,0,2,8,304.54
2025-08-14,1014,6,127,1466.84,28,15670,0,3,8,127.64
2025-08-15,1043,7,188,546.56,13,27498,0,4,8,188.84
2025-08-16,1061,10,305,304.16,44,30545,1,5,8,305.24
2025-08-17,1088,6,266,245.91,13,37704,1,6,8,266.57
2025-08-18,1036,8,148,1055.46,43,11116,0,0,8,148.08
2025-08-19,1029,18,125,616.26,2,21953,0,1,8,125.63
2025-08-20,1029,9,126,750.23,2,22059,0,2,8,126.31
2025-08-21,1060,9,160,1350.1,30,17363,0,3,8,160.81
2025-08-22,1095,18,238,681.2,4,42017,0,4,8,238.81
2025-08-23,1088,2,114,1310.87,6,19174,0,5,8,114.72
2025-08-24,1054,3,67,1992.83,25,7269,0,6,8,67.82
2025-08-25,1048,10,286,1645.86,35,46505,0,0,8,286.22
2025-08-26,1097,18,273,374.19,39,34715,0,1,8,273.32
2025-08-27,1029,8,299,1775.75,46,41050,0,2,8,299.31
2025-08-28,1024,19,261,872.87,14,45927,0,3,8,261.14
2025-08-29,1049,10,313,1526.03,40,41736,0,4,8,313.58
2025-08-30,1082,1,203,542.74,22,29185,0,5,8,203.76
2025-08-31,1068,17,221,889.69,21,36790,0,6,8,221.03
2025-09-01,1032,11,146,951.36,42,13305,0,0,9,146.85
2025-09-02,1038,1,245,1012.35,0,44429,0,1,9,245.05
2025-09-03,1005,14,309,1818.46,41,45247,0,2,9,309.81
2025-09-04,1016,6,158,1680.28,5,21390,1,3,9,158.01
2025-09-05,1013,19,179,345.82,6,30799,0,4,9,179.97
2025-09-06,1054,9,278,412.68,1,40832,1,5,9,278.98
2025-09-07,1050,2,99,337.94,2,11871,0,6,9,99.88
2025-09-08,1018,3,280,916.7,8,47451,1,0,9,280.61
2025-09-09,1066,11,139,649.93,3,21608,0,1,9,139.66
2025-09-10,1076,9,303,728.74,44,33463,1,2,9,303.25
2025-09-11,1098,4,78,1992.39,45,1028,0,3,9,78.77
2025-09-12,1041,9,101,137.34,9,14503,0,4,9,101.72
2025-09-13,1001,2,167,1392.48,39,8961,1,5,9,167.71
2025-09-14,1047,1,229,331.05,25,29561,0,6,9,229.09
2025-09-15,1086,1,203,860.68,41,21858,0,0,9,203.15
2025-09-16,1044,17,298,1824.75,39,36321,1,1,9,298.67
2025-09-17,1075,7,221,1603.49,45,20157,1,2,9,221.45
2025-09-18,1065,1,158,619.73,45,6796,1,3,9,158.71
2025-09-19,1059,11,215,371.82,1,37839,0,4,9,215.75
2025-09-20,1020,5,190,1911.3,20,30715,0,5,9,190.52
2025-09-21,1037,18,140,338.61,31,10241,0,6,9,140.5
2025-09-22,1050,5,132,1757.55,11,25111,0,0,9,132.79
2025-09-23,1034,12,115,1548.81,33,8957,0,1,9,115.97
2025-09-24,1068,8,195,1531.6,7,36031,0,2,9,195.26
2025-09-25,1015,18,93,595.28,12,9169,0,3,9,93.79
2025-09-26,1008,8,204,1467.99,49,15842,1,4,9,204.15
