Customer_ID,Age,Income,Pages_Viewed,Session_Duration_Min,Products_Viewed,Cart_Additions,Previous_Purchases,Discount_Used,Email_Opened,Mobile_User,Purchased
C00001,56,28224,10,4.4,1,0,2,0,0,1,0
C00002,46,55738,4,3.4,9,0,1,1,1,1,0
C00003,32,78731,9,5.6,4,3,1,0,0,0,1
C00004,60,23070,7,14.7,15,2,1,0,1,1,1
C00005,25,141161,6,4.3,2,0,3,1,1,1,0
C00006,38,23666,6,18.7,1,3,3,0,0,0,1
C00007,56,72761,6,1.9,3,2,1,0,1,0,0
C00008,36,51368,4,16.0,3,0,2,0,1,1,0
C00009,40,56914,8,11.7,5,1,3,1,1,1,1
C00010,28,142738,7,2.1,1,5,3,1,0,0,0
C00011,28,82526,6,11.5,7,1,1,0,1,1,1
C00012,41,34956,10,5.7,13,0,2,0,0,1,1
C00013,53,61240,8,4.3,1,1,3,1,0,1,0
C00014,57,136008,4,5.3,4,1,5,0,0,1,1
C00015,41,109270,10,2.6,6,2,2,1,1,0,0
C00016,20,19757,7,0.6,15,1,5,0,1,1,1
C00017,39,34097,12,23.6,1,2,2,1,0,0,1
C00018,19,118892,3,8.6,7,1,4,1,0,1,0
C00019,41,85480,2,24.7,10,3,2,0,1,1,0
C00020,61,61163,6,3.1,15,0,2,0,1,0,1
C00021,47,34816,5,6.5,7,1,1,0,1,1,0
C00022,55,67853,7,2.0,3,0,2,0,0,1,0
C00023,19,111731,4,11.2,4,1,1,1,0,1,0
C00024,38,77823,5,7.5,6,4,1,0,0,1,0
C00025,50,16759,5,5.0,14,1,0,1,1,1,0
C00026,29,107374,4,1.9,11,1,2,0,0,1,1
C00027,39,148554,13,8.3,7,0,5,1,1,0,1
C00028,61,39442,3,17.5,14,3,3,0,0,1,1
C00029,42,108501,5,10.1,13,2,1,1,0,0,1
C00030,44,17079,7,17.0,4,0,2,0,0,1,0
C00031,59,148789,9,20.9,10,2,2,0,1,1,1
C00032,45,74676,8,7.8,11,0,2,0,1,1,0
C00033,33,105397,4,4.5,9,0,3,0,0,1,0
C00034,32,87847,6,11.6,9,2,6,0,0,1,1
C00035,64,108607,8,11.4,9,2,3,0,0,1,1
C00036,61,79077,8,9.6,12,0,3,1,1,0,1
C00037,20,53258,3,12.4,10,2,3,0,1,1,0
C00038,54,134771,5,4.6,6,3,1,1,0,1,0
C00039,24,53000,10,4.4,2,1,2,0,0,1,0
C00040,38,41737,8,15.3,2,1,2,0,1,0,0
C00041,26,26485,8,5.6,11,1,0,0,1,1,0
C00042,56,53565,5,10.5,4,2,2,1,0,1,1
C00043,35,134614,12,8.1,9,2,3,0,1,1,1
C00044,21,80155,8,6.8,3,2,2,1,1,1,0
C00045,42,67487,8,11.9,6,2,1,0,1,1,0
C00046,31,144948,7,9.9,2,2,2,1,0,1,0
C00047,26,27342,10,5.9,15,2,1,0,1,1,0
C00048,43,55806,6,14.9,1,0,2,0,1,1,0
C00049,19,63770,7,8.0,12,1,0,0,1,0,0
C00050,37,93623,9,10.5,5,3,0,0,1,1,1
C00051,45,118177,4,2.9,8,1,4,0,0,1,1
C00052,64,146026,6,2.7,10,3,3,0,1,1,1
C00053,24,90629,6,1.9,10,0,0,0,0,1,0
C00054,61,135993,9,7.3,2,3,0,0,0,1,0
C00055,25,141944,6,3.0,10,3,3,0,1,1,0
C00056,64,120947,5,7.0,9,2,2,0,1,1,1
C00057,52,41399,5,18.7,12,0,4,1,0,1,0
C00058,31,143177,8,3.7,8,1,4,1,1,0,1
C00059,34,124575,5,8.2,3,1,1,0,0,1,0
C00060,53,125904,9,7.5,1,3,0,0,0,1,1
C00061,57,45678,7,1.7,4,1,3,0,0,1,0
C00062,21,91218,9,3.5,8,2,3,1,1,1,0
C00063,19,78230,9,2.2,3,0,1,1,1,1,0
C00064,23,89055,6,6.5,10,1,1,0,0,1,0
C00065,59,87258,4,24.8,12,1,4,1,0,1,1
C00066,21,54986,8,4.4,2,1,2,0,1,1,1
C00067,46,100595,11,5.3,7,2,1,0,1,1,1
C00068,35,116358,6,2.7,4,1,1,1,0,0,0
C00069,43,79929,6,6.1,6,0,1,1,1,1,0
C00070,61,88506,8,24.7,5,0,3,1,1,1,1
C00071,51,49911,11,10.0,2,0,1,0,0,1,0
C00072,27,102127,1,5.9,10,7,2,0,0,1,1
C00073,53,128453,4,21.5,2,0,2,1,1,1,0
C00074,31,99458,6,15.8,14,3,1,1,0,1,1
C00075,48,27175,6,3.1,9,2,2,0,1,1,0
C00076,65,134235,6,4.9,11,2,1,0,0,1,1
C00077,32,69771,6,2.1,10,1,0,1,1,1,1
C00078,25,142157,7,9.3,2,2,0,1,0,1,0
C00079,31,136300,4,10.9,8,1,5,1,1,0,1
C00080,40,101925,5,6.3,8,0,1,1,1,0,0
C00081,57,81358,9,12.3,1,1,0,0,1,1,0
C00082,38,62057,7,9.3,1,2,5,0,0,1,0
C00083,33,21150,9,17.0,13,0,2,1,1,0,0
C00084,62,19425,7,9.9,4,1,2,0,0,1,0
C00085,35,31032,8,6.3,2,3,3,1,1,0,0
C00086,64,17198,11,7.5,12,1,2,1,0,1,0
C00087,41,133865,8,7.1,15,3,0,0,1,1,0
C00088,43,38236,7,5.9,1,1,1,1,1,1,0
C00089,42,102955,7,7.4,9,0,2,1,0,1,0
C00090,62,118145,3,4.3,13,0,0,0,0,1,1
C00091,58,109914,11,1.6,3,2,0,1,0,1,0
C00092,46,117870,4,3.9,14,0,0,0,0,1,0
C00093,32,131243,7,10.0,14,1,1,1,0,1,0
C00094,62,29596,6,8.6,14,2,2,0,1,1,1
C00095,18,147351,8,6.0,1,2,2,1,0,0,1
C00096,42,126496,6,2.6,2,1,1,0,1,1,1
C00097,24,145273,6,1.2,8,1,0,0,0,1,1
C00098,26,135674,6,8.9,5,2,3,0,0,0,1
C00099,41,135307,8,9.5,11,2,3,0,0,0,0
C00100,18,34063,10,7.3,7,2,3,0,0,1,0
C00101,61,82642,10,11.8,6,1,1,0,1,1,0
C00102,25,105093,11,5.9,13,2,2,1,0,1,1
C00103,41,50954,11,8.4,1,2,1,1,1,1,0
C00104,28,42856,7,2.3,6,0,2,1,0,0,0
C00105,34,17573,11,10.7,11,0,2,1,1,0,1
C00106,25,50367,10,12.8,7,2,1,1,1,1,0
C00107,52,114608,8,4.6,4,0,0,0,0,0,0
C00108,52,75774,5,20.9,8,2,0,1,0,1,1
C00109,50,38752,5,6.7,8,2,3,1,0,0,0
C00110,22,70029,10,4.2,7,2,2,0,1,0,1
C00111,59,145282,10,5.8,11,2,0,1,0,1,0
C00112,56,66693,7,8.5,15,1,1,0,1,1,0
C00113,58,131739,2,21.8,2,0,0,1,0,1,1
C00114,45,70961,9,4.9,6,1,1,1,0,0,0
C00115,24,141678,2,6.4,6,1,2,1,0,0,0
C00116,26,89532,12,7.7,12,1,1,0,0,1,0
C00117,25,96994,8,2.3,15,1,3,0,1,1,1
C00118,29,71133,9,4.8,12,1,3,1,0,1,0
C00119,51,76268,8,5.8,7,0,3,0,1,0,0
C00120,50,46653,5,5.3,6,0,1,0,1,1,0
C00121,65,136829,5,4.7,2,2,2,0,0,1,0
C00122,40,143377,7,9.8,8,2,2,1,0,1,1
C00123,41,16622,7,6.5,15,0,1,0,0,0,0
C00124,54,63756,5,4.7,4,2,1,0,1,0,0
C00125,52,55809,5,5.2,9,1,0,0,0,1,1
C00126,61,31725,10,9.0,8,1,1,0,0,1,0
C00127,57,66226,7,4.7,14,1,0,0,0,0,0
C00128,39,96182,4,9.9,3,1,1,1,0,0,0
C00129,44,44402,8,10.2,3,3,0,1,1,1,0
C00130,52,19263,8,6.7,8,2,3,1,1,1,1
C00131,18,62924,4,6.7,2,0,3,0,0,1,1
C00132,52,89182,4,9.7,9,3,3,1,1,1,1
C00133,54,50737,3,11.9,4,1,1,1,1,1,1
C00134,64,116332,7,5.2,15,2,0,0,0,1,1
C00135,31,104563,6,9.8,6,4,2,0,1,1,1
C00136,20,143575,7,7.6,3,3,2,1,0,1,0
C00137,18,116371,8,3.1,3,1,1,0,1,1,0
C00138,22,53709,12,9.3,3,1,2,1,1,1,0
C00139,43,36172,8,19.1,11,0,1,0,1,1,0
C00140,31,26555,3,7.0,13,4,6,1,0,1,1
C00141,56,68276,8,19.8,10,0,0,1,1,1,0
C00142,44,72492,5,1.9,12,2,0,0,0,0,1
C00143,26,104599,12,8.8,14,3,1,0,0,1,1
C00144,32,26046,8,4.6,14,3,3,0,1,1,0
C00145,32,131021,5,7.8,14,2,1,0,1,1,1
C00146,43,19853,8,2.4,12,0,2,0,0,0,0
C00147,59,135900,5,15.8,2,2,3,1,1,1,1
C00148,30,74129,10,3.5,8,0,1,0,0,1,0
C00149,49,129130,1,4.6,9,2,2,0,0,1,0
C00150,56,136789,5,7.5,15,1,1,0,1,1,1
C00151,49,53890,5,3.7,8,0,2,0,1,0,1
C00152,21,81017,7,3.6,15,2,5,0,0,1,1
C00153,47,147596,10,7.5,10,1,0,1,1,0,1
C00154,54,115424,11,7.8,3,1,2,1,0,1,0
C00155,40,30048,5,5.8,7,1,3,0,0,0,1
C00156,56,69912,3,10.9,11,1,0,0,0,1,0
C00157,62,49008,8,6.4,10,3,1,0,1,0,0
C00158,32,146132,8,2.6,2,3,4,0,1,1,1
C00159,60,98559,11,1.0,4,3,1,0,0,1,0
C00160,46,70337,10,6.4,12,4,2,1,0,1,0
C00161,53,125616,8,2.4,13,1,3,0,1,0,1
C00162,30,28350,4,11.5,14,1,1,0,1,1,1
C00163,49,39354,12,0.2,13,2,1,1,0,1,0
C00164,24,60186,8,9.8,6,0,1,1,0,1,0
C00165,39,43145,7,3.1,11,3,1,0,1,0,0
C00166,45,101123,8,11.2,5,2,2,1,1,1,1
C00167,19,35581,4,3.0,13,0,2,1,0,1,0
C00168,59,103929,8,21.9,9,2,0,0,1,0,1
C00169,62,38051,10,21.3,10,1,3,0,0,0,1
C00170,23,66474,6,14.6,4,2,4,0,0,1,1
C00171,45,106748,10,9.7,5,2,2,1,1,0,1
C00172,45,140995,7,1.2,4,1,1,0,0,1,0
C00173,61,84626,13,2.4,14,1,0,1,0,1,0
C00174,61,21960,14,4.0,13,0,1,1,0,0,0
C00175,37,51408,7,3.2,14,3,5,0,1,0,1
C00176,47,109006,4,9.9,8,0,1,0,1,1,0
C00177,28,72134,3,3.7,13,2,2,0,0,1,1
C00178,45,147413,10,9.8,8,0,2,0,1,1,1
C00179,42,105327,4,10.7,15,3,1,1,0,0,1
C00180,56,146410,6,14.9,3,2,3,0,0,0,1
C00181,50,26344,8,18.1,1,1,3,0,1,1,0
C00182,18,147822,4,8.8,6,1,3,0,0,0,1
C00183,44,82957,6,17.8,2,0,2,0,1,1,0
C00184,30,120423,7,5.0,2,0,5,0,1,0,1
C00185,58,73053,9,8.1,3,3,2,0,0,1,0
C00186,20,92454,11,18.3,8,3,1,0,1,1,0
C00187,56,105600,8,9.8,3,1,0,0,0,1,0
C00188,23,137732,9,3.8,7,0,1,0,1,0,1
C00189,25,52641,10,7.1,10,0,2,1,0,1,0
C00190,44,44711,10,22.8,14,1,1,0,0,1,1
C00191,26,85342,14,1.4,10,2,3,0,1,0,1
C00192,54,121896,9,5.4,9,1,0,0,1,1,0
C00193,50,102833,3,37.0,13,1,1,0,0,1,1
C00194,59,71276,5,10.9,8,4,1,1,0,1,0
C00195,61,34541,4,9.5,1,3,1,0,0,0,1
C00196,41,109457,7,4.1,7,1,2,1,0,1,0
C00197,32,59813,10,4.8,7,3,2,0,0,1,0
C00198,49,39070,12,4.7,8,3,1,0,1,1,1
C00199,49,95559,8,6.4,10,2,1,1,0,0,0
C00200,41,56786,5,13.2,5,2,1,0,1,1,1
C00201,58,51062,4,13.4,10,3,1,1,0,1,0
C00202,29,66571,12,10.4,9,4,1,0,1,1,1
C00203,56,40510,7,6.9,9,2,4,0,0,1,0
C00204,19,34426,10,0.8,8,5,0,1,1,1,0
C00205,20,52265,8,16.6,6,3,1,0,0,0,0
C00206,54,81150,9,12.1,6,1,2,1,1,1,1
C00207,34,102312,4,16.8,1,0,2,0,0,0,0
C00208,19,104613,6,4.1,13,1,1,1,0,0,1
C00209,19,89910,5,4.9,15,2,3,0,0,1,1
C00210,45,67375,9,35.5,6,0,1,1,0,1,0
C00211,40,136826,7,1.6,14,4,3,1,1,0,1
C00212,54,50435,5,11.2,4,1,1,0,1,0,0
C00213,49,111443,8,14.9,4,4,0,0,1,1,1
C00214,50,149055,7,1.1,14,0,2,1,0,1,0
C00215,18,38510,5,7.2,2,2,4,0,0,1,1
C00216,36,109071,9,6.1,13,2,5,0,1,1,1
C00217,19,21640,15,2.4,11,0,2,1,1,1,1
C00218,61,59547,8,11.8,14,2,2,1,0,0,0
C00219,43,69620,11,2.1,4,1,0,0,1,1,0
C00220,49,130608,5,8.8,5,3,0,0,1,0,1
C00221,23,22564,7,4.4,13,3,3,0,1,0,0
C00222,49,128824,5,0.4,12,1,3,0,0,1,1
C00223,21,94273,7,4.8,5,0,2,0,1,0,0
C00224,28,89859,13,4.6,5,2,1,1,0,1,1
C00225,34,125017,8,11.8,4,1,3,0,1,1,0
C00226,55,138618,11,12.0,1,2,2,1,0,1,1
C00227,41,140341,6,8.2,14,1,3,1,1,1,1
C00228,22,44430,10,4.6,10,0,1,1,1,1,0
C00229,51,42788,5,8.1,8,0,3,0,0,0,0
C00230,23,84346,6,7.2,3,2,4,0,0,0,0
C00231,39,111122,9,5.1,2,0,2,0,1,1,1
C00232,28,54974,7,14.8,9,2,1,0,0,0,0
C00233,65,122309,9,2.4,7,1,1,0,0,1,0
C00234,33,31371,7,3.9,9,3,0,1,0,1,1
C00235,50,60084,2,15.9,13,1,3,0,1,1,1
C00236,26,76916,6,5.8,2,1,5,0,1,1,1
C00237,23,88972,11,10.2,9,0,3,0,1,1,0
C00238,33,27984,8,9.1,10,1,0,1,0,1,0
C00239,46,48039,7,9.0,9,0,0,1,0,1,1
C00240,20,100431,5,5.1,11,1,3,0,0,1,1
C00241,37,98691,3,2.8,9,1,2,0,1,0,1
C00242,53,73606,8,6.0,10,1,0,1,0,0,0
C00243,36,117665,4,15.7,13,0,1,0,0,0,0
C00244,43,120373,9,3.1,10,1,1,1,1,1,1
C00245,20,39574,8,1.3,4,3,3,0,1,0,0
C00246,36,149502,5,10.9,10,2,5,0,0,0,1
C00247,37,47733,9,1.8,3,3,3,0,0,0,0
C00248,49,17050,6,10.2,6,0,3,1,1,1,1
C00249,24,124996,7,3.5,3,2,1,0,1,1,1
C00250,58,48933,5,10.8,11,2,1,0,0,1,0
C00251,50,39951,7,12.8,9,2,2,0,1,1,1
C00252,57,47413,9,12.9,3,2,1,0,0,1,1
C00253,56,127573,7,12.6,2,6,2,1,1,0,1
C00254,35,137744,10,8.4,8,2,2,1,0,0,1
C00255,57,104431,5,8.9,6,2,1,0,0,1,0
C00256,18,58001,5,1.9,8,0,5,1,1,1,1
C00257,28,82364,6,6.4,15,1,1,0,1,1,1
C00258,45,139988,5,5.9,13,2,1,0,1,1,0
C00259,42,60028,7,15.5,7,1,4,1,1,1,1
C00260,40,146878,7,6.9,3,4,1,0,0,0,1
C00261,48,139343,10,4.9,8,1,0,0,0,1,0
C00262,47,143301,6,8.7,10,1,1,0,0,0,0
C00263,59,141295,9,6.8,1,1,3,1,1,0,0
C00264,52,49636,5,16.3,1,1,5,0,0,0,1
C00265,24,39262,11,2.2,13,4,5,0,0,1,1
C00266,33,95435,4,7.2,13,0,2,1,0,1,1
C00267,43,143583,7,12.6,10,0,4,1,1,1,1
C00268,65,56844,4,2.2,13,1,1,1,1,1,0
C00269,19,79754,10,4.8,8,2,3,0,1,1,1
C00270,18,92129,5,5.7,13,3,3,0,0,0,1
C00271,65,55042,5,6.9,9,0,2,0,1,0,0
C00272,29,76665,4,1.0,10,2,2,1,0,0,1
C00273,22,131953,3,12.5,6,0,1,1,0,1,0
C00274,54,133533,10,12.9,5,2,4,1,0,1,1
C00275,49,88781,8,9.0,2,2,3,0,0,1,0
C00276,26,81262,6,3.2,11,1,1,0,1,1,1
C00277,58,61600,7,4.3,9,2,2,0,1,0,1
C00278,52,91898,7,2.2,6,2,1,0,0,1,0
C00279,36,45448,4,13.9,8,0,1,0,1,1,0
C00280,65,41172,3,3.3,9,3,0,1,0,0,1
C00281,33,22657,5,3.2,9,1,2,0,0,1,1
C00282,20,127855,12,4.2,8,2,1,0,0,0,0
C00283,37,22906,4,18.1,12,1,1,1,0,1,0
C00284,41,76413,7,6.1,10,2,0,0,0,0,1
C00285,50,69028,7,3.8,8,2,1,1,1,1,1
C00286,41,22287,7,12.0,3,5,0,0,1,1,1
C00287,28,48660,1,9.3,13,2,3,0,1,1,1
C00288,25,75504,3,19.6,3,1,2,0,0,0,0
C00289,53,117979,8,6.6,2,3,0,0,1,0,1
C00290,55,49701,5,15.3,1,0,1,0,1,1,0
C00291,57,98300,4,13.2,4,2,2,0,1,0,1
C00292,37,98560,14,8.5,2,1,2,0,0,0,0
C00293,52,58642,5,2.0,14,3,2,0,1,1,0
C00294,65,80160,14,6.8,14,1,5,0,1,0,1
C00295,42,32602,5,5.4,2,0,3,0,1,1,0
C00296,52,118320,6,21.9,13,0,3,0,0,1,0
C00297,42,103801,9,2.7,11,0,5,1,0,1,1
C00298,46,40931,4,20.3,11,0,1,1,0,1,0
C00299,35,109377,8,2.6,5,0,0,1,0,1,0
C00300,63,44192,8,6.0,4,0,0,0,0,1,0
C00301,35,61542,5,18.4,1,3,6,1,1,1,1
C00302,19,142015,6,2.4,15,2,1,0,0,0,0
C00303,52,57520,9,17.6,15,5,1,0,0,1,1
C00304,33,79772,9,17.4,9,0,2,0,0,0,0
C00305,58,65106,7,14.7,14,0,2,1,0,1,1
C00306,53,96121,8,6.2,4,1,2,1,0,1,0
C00307,50,40559,5,6.6,5,0,3,1,1,0,1
C00308,21,120595,7,11.2,7,2,3,0,0,1,0
C00309,50,48742,14,2.6,2,1,1,1,1,1,0
C00310,31,84669,11,18.3,8,1,1,0,0,1,1
C00311,38,85831,5,6.3,11,3,3,0,1,1,1
C00312,65,127217,6,6.0,2,2,1,1,1,1,1
C00313,37,56873,2,6.4,11,1,1,0,0,1,0
C00314,25,121532,8,6.4,10,1,2,0,1,1,1
C00315,24,141267,5,5.4,5,2,4,0,0,0,1
C00316,20,149092,5,9.8,13,1,2,1,0,0,1
C00317,34,56755,5,11.5,12,1,0,0,0,1,0
C00318,50,100956,4,2.3,2,0,4,0,0,1,0
C00319,65,101988,8,8.2,2,1,4,0,1,1,1
C00320,29,60648,7,4.1,4,1,2,0,0,0,0
C00321,39,140991,8,0.7,4,0,1,1,0,1,0
C00322,39,130005,9,7.3,13,2,6,0,0,1,1
C00323,63,17396,7,8.5,8,1,3,0,1,1,1
C00324,47,99082,5,4.6,13,2,0,0,1,0,0
C00325,55,143322,4,4.5,6,1,2,0,1,1,0
C00326,55,147663,8,2.9,10,1,2,0,0,1,1
C00327,62,26303,6,2.1,8,4,2,0,0,0,0
C00328,25,86719,5,3.8,13,1,3,1,0,1,0
C00329,44,114616,6,3.1,7,1,3,0,0,0,0
C00330,44,139165,5,4.6,13,3,1,0,0,1,0
C00331,51,101231,9,1.8,10,0,3,0,0,0,0
C00332,38,22314,3,3.1,4,2,1,0,1,1,1
C00333,47,34623,5,8.9,2,2,3,0,0,1,1
C00334,50,120228,9,10.8,15,1,1,0,1,1,1
C00335,45,112624,10,4.9,9,0,0,1,1,1,1
C00336,64,126785,5,6.5,2,0,3,0,1,1,0
C00337,50,101206,4,20.1,1,2,1,0,0,1,0
C00338,22,84274,6,10.3,8,1,5,0,1,1,1
C00339,65,148541,6,29.3,10,1,0,0,1,1,1
C00340,36,68947,5,8.9,15,1,3,0,1,0,1
C00341,21,63874,9,1.7,9,2,3,0,0,1,1
C00342,52,64708,8,5.4,1,1,2,0,0,0,0
C00343,34,89553,7,5.0,7,1,2,0,1,1,0
C00344,61,83344,9,13.0,2,2,2,1,0,1,0
C00345,45,64138,6,12.1,6,0,2,0,0,1,0
C00346,47,62638,5,6.8,13,3,1,0,0,0,0
C00347,46,93249,9,7.4,11,3,1,1,1,0,1
C00348,63,120865,5,3.4,5,1,4,0,0,0,0
C00349,23,17719,6,12.9,1,0,0,1,1,1,1
C00350,52,57534,6,5.1,2,1,4,0,0,1,0
C00351,58,107241,7,1.8,2,2,3,0,0,0,1
C00352,54,141209,4,3.8,10,2,1,0,0,0,0
C00353,41,107124,2,5.2,10,1,1,0,1,0,1
C00354,46,106659,6,7.8,6,4,4,0,0,1,1
C00355,63,90713,8,24.3,11,3,4,1,0,0,0
C00356,48,90418,5,10.6,12,4,2,1,0,1,1
C00357,52,143232,7,1.4,1,2,0,1,0,1,0
C00358,50,46575,6,14.3,11,1,0,1,1,1,1
C00359,38,78852,7,8.2,13,0,0,1,0,0,0
C00360,49,147079,8,7.2,4,2,1,0,0,1,1
C00361,40,91242,5,9.8,12,2,0,1,0,1,0
C00362,50,44257,2,7.9,10,2,1,0,0,1,0
C00363,20,76246,4,1.1,11,0,3,1,1,1,0
C00364,35,16435,8,14.5,5,0,1,1,0,1,1
C00365,42,106357,5,1.0,2,1,3,0,0,1,1
C00366,59,98807,4,11.0,2,2,2,0,0,1,0
C00367,48,130953,7,4.5,15,6,4,1,1,0,1
C00368,20,138797,4,3.0,7,2,5,0,1,1,1
C00369,57,78888,11,20.1,7,0,1,0,0,1,0
C00370,63,88609,8,8.6,6,0,2,0,1,0,0
C00371,41,24077,9,10.9,1,3,0,0,1,1,1
C00372,49,35953,5,5.6,12,1,2,0,0,0,1
C00373,64,129682,2,12.7,13,2,0,0,0,1,0
C00374,39,82889,7,4.0,12,2,2,0,0,0,0
C00375,40,130374,9,11.6,3,1,2,1,1,1,0
C00376,19,39860,7,9.4,9,2,0,0,1,0,1
C00377,44,92475,12,8.3,10,8,3,0,0,1,1
C00378,59,102266,6,4.8,1,1,2,0,1,0,0
C00379,19,115732,5,8.9,2,3,1,0,0,1,0
C00380,43,42083,10,6.6,8,1,3,1,1,1,0
C00381,34,72372,5,5.3,7,2,0,1,1,1,0
C00382,57,138786,3,11.5,9,0,4,0,1,0,1
C00383,50,22813,6,3.9,10,1,1,0,0,0,0
C00384,26,46598,9,1.5,12,3,0,0,0,1,0
C00385,60,108106,7,2.3,15,0,5,0,1,1,0
C00386,65,42082,8,13.5,15,3,5,0,0,1,1
C00387,56,44241,10,7.4,15,0,2,0,0,1,0
C00388,46,26745,7,9.3,12,1,1,1,0,1,1
C00389,59,41029,7,5.9,4,2,1,0,0,0,0
C00390,43,138395,7,6.7,4,0,0,0,1,0,0
C00391,52,104186,10,13.3,7,0,2,0,0,0,0
C00392,42,112768,5,16.4,1,3,2,0,0,1,0
C00393,41,56846,7,10.6,10,1,1,0,0,0,0
C00394,30,90932,4,9.8,12,4,1,0,1,1,1
C00395,24,38411,15,3.3,9,0,2,1,1,1,0
C00396,53,93797,4,9.8,2,2,2,0,0,1,1
C00397,62,67307,6,4.9,15,2,0,0,1,1,1
C00398,37,149165,6,12.3,1,1,0,0,0,0,0
C00399,18,37042,8,7.7,7,2,1,1,0,1,0
C00400,25,67930,9,0.8,6,5,1,0,1,0,1
C00401,63,112883,5,19.2,12,1,1,0,0,0,1
C00402,33,48756,9,11.0,3,2,1,1,0,1,0
C00403,31,68268,11,22.4,1,0,2,0,1,1,0
C00404,29,63901,14,7.9,12,1,4,1,1,1,1
C00405,40,114986,11,6.6,5,2,1,0,1,1,1
C00406,32,143386,6,3.3,10,3,2,0,1,0,0
C00407,45,20626,6,3.8,14,2,4,0,0,0,1
C00408,51,27857,7,11.2,4,1,1,0,0,1,0
C00409,19,148052,7,9.3,5,0,3,1,1,0,0
C00410,49,41431,6,5.4,1,1,0,0,0,1,0
C00411,40,99976,5,6.9,1,2,1,0,1,1,0
C00412,39,97711,6,5.7,5,1,3,1,0,1,0
C00413,42,41385,6,8.1,6,1,0,1,0,1,1
C00414,39,33639,8,3.7,5,0,1,0,0,1,1
C00415,39,100530,9,9.8,2,1,6,0,1,1,1
C00416,59,36563,4,2.1,9,2,2,0,0,1,0
C00417,23,130672,8,5.4,5,2,1,1,1,1,1
C00418,32,97970,5,4.4,11,1,3,1,1,1,1
C00419,60,100553,11,12.1,11,2,2,0,1,1,1
C00420,54,97879,3,9.9,5,2,3,0,0,1,1
C00421,50,59859,8,6.6,10,1,4,0,0,1,0
C00422,25,67098,9,7.2,9,0,1,0,1,0,1
C00423,61,137413,7,13.3,3,2,2,1,0,1,0
C00424,61,15526,8,16.5,5,1,1,0,0,1,1
C00425,22,83760,5,25.3,15,2,1,0,0,0,1
C00426,56,62837,9,3.7,13,0,1,0,0,1,0
C00427,21,26536,7,5.6,12,1,3,0,0,0,0
C00428,23,43541,7,16.1,5,1,5,0,1,1,0
C00429,62,94083,5,6.1,2,1,2,1,1,1,0
C00430,49,49531,6,6.4,11,1,3,1,0,1,1
C00431,47,23712,9,28.6,4,0,1,0,1,1,0
C00432,64,119101,9,14.0,11,3,2,1,0,0,1
C00433,52,80455,3,4.4,11,1,2,1,0,1,0
C00434,57,89744,6,4.6,2,1,4,0,1,0,0
C00435,33,144749,9,9.0,5,2,5,0,0,1,1
C00436,30,20109,10,1.7,10,1,2,0,1,0,1
C00437,59,64268,7,12.2,13,1,4,0,1,1,1
C00438,47,69615,10,5.7,12,0,2,1,1,1,1
C00439,36,97503,6,1.6,2,1,0,0,0,1,0
C00440,34,100708,4,20.0,10,1,1,1,0,1,1
C00441,36,117471,4,21.0,15,2,4,1,0,0,1
C00442,45,98309,9,1.1,14,5,2,0,0,1,1
C00443,43,141446,4,4.7,9,1,2,1,0,0,0
C00444,54,121661,5,8.1,10,6,3,0,1,1,1
C00445,43,21154,8,9.6,6,1,5,0,0,1,0
C00446,40,79288,5,11.9,8,0,1,0,1,1,1
C00447,26,66195,10,6.0,9,2,0,0,0,0,0
C00448,29,35581,5,13.1,15,2,0,0,1,1,0
C00449,18,45087,4,25.4,13,2,2,1,1,0,0
C00450,18,84298,7,4.7,8,1,1,1,1,0,1
C00451,64,61167,6,18.1,5,2,4,0,0,0,0
C00452,51,54499,6,8.5,5,4,1,0,1,1,1
C00453,49,140816,6,1.3,6,3,0,0,0,1,1
C00454,65,111347,10,2.5,14,3,2,1,0,1,1
C00455,42,63787,7,4.5,1,0,2,0,1,0,0
C00456,57,50488,9,8.5,13,1,0,1,1,0,1
C00457,62,89441,6,2.9,11,2,5,1,1,1,0
C00458,18,37431,9,9.3,8,1,5,0,0,1,0
C00459,33,76681,12,6.6,2,2,1,1,1,0,0
C00460,56,137720,3,14.2,6,2,3,1,1,1,1
C00461,22,64153,4,9.9,14,0,3,0,0,1,1
C00462,39,21368,9,9.4,14,3,2,0,1,0,1
C00463,46,127360,4,5.7,9,2,3,1,0,0,1
C00464,20,127755,4,8.4,13,1,1,1,0,0,0
C00465,29,71985,5,7.3,3,3,1,1,1,1,0
C00466,43,65069,8,6.4,2,1,1,0,0,1,0
C00467,33,67326,2,3.4,10,4,4,1,0,1,1
C00468,54,123737,7,14.2,5,0,1,0,0,1,0
C00469,39,65861,11,8.1,11,0,0,1,1,1,0
C00470,46,90897,7,11.6,9,5,0,0,0,0,0
C00471,31,142118,10,8.1,6,0,2,1,0,0,0
C00472,45,83577,6,5.6,14,1,2,0,1,1,1
C00473,22,24078,11,3.5,8,1,1,1,0,1,1
C00474,64,77768,9,6.9,8,1,1,0,1,1,0
C00475,47,66047,3,8.4,7,1,2,1,0,1,1
C00476,63,86626,4,1.0,5,2,1,1,0,1,0
C00477,22,72660,4,13.6,2,2,1,0,0,1,1
C00478,29,147997,5,0.0,14,0,1,1,0,1,0
C00479,33,132832,4,6.5,15,0,2,0,1,0,1
C00480,43,145406,7,11.2,10,3,1,0,0,1,0
C00481,43,140150,5,16.2,10,0,2,1,1,1,0
C00482,65,48320,9,5.1,5,0,1,0,0,0,0
C00483,38,79881,7,20.1,12,1,2,1,1,1,1
C00484,56,105827,7,4.1,7,3,2,1,1,0,1
C00485,53,117215,4,3.6,12,2,0,0,0,1,0
C00486,50,149461,6,18.2,12,1,4,0,1,0,1
C00487,47,76550,8,10.5,7,0,5,0,1,1,1
C00488,54,39826,4,7.9,11,2,1,0,1,1,1
C00489,40,115734,10,9.1,13,0,4,1,0,1,1
C00490,27,113511,4,5.6,15,0,3,1,0,0,0
C00491,22,26653,7,17.3,2,1,3,0,0,1,0
C00492,53,96941,3,2.3,7,0,1,0,1,1,0
C00493,51,48662,9,4.7,6,3,1,1,1,1,1
C00494,48,113818,3,1.0,7,1,2,0,1,1,0
C00495,27,110081,8,1.2,11,1,1,0,0,1,1
C00496,36,51877,9,5.7,8,2,2,0,0,0,0
C00497,49,126562,6,21.4,4,1,2,1,0,0,1
C00498,18,87715,2,10.8,1,1,2,0,0,1,1
C00499,22,125091,8,8.3,8,3,1,0,0,1,1
C00500,62,147632,6,20.1,8,1,1,1,0,1,0
C00501,21,94148,6,1.0,3,1,3,0,1,1,0
C00502,33,98186,6,6.9,3,2,0,1,0,0,0
C00503,41,138629,7,14.7,5,1,1,0,0,0,0
C00504,33,85316,8,1.5,14,2,3,0,1,1,0
C00505,19,43380,8,8.0,3,4,1,0,1,1,0
C00506,45,125198,8,17.9,15,2,4,0,0,0,1
C00507,49,17356,10,1.4,14,1,1,0,1,1,0
C00508,44,85326,7,11.6,5,1,4,0,0,1,1
C00509,37,107447,4,7.3,15,2,2,0,0,0,1
C00510,41,129994,10,6.8,8,0,2,0,1,1,1
C00511,29,35049,9,4.0,1,2,3,1,1,0,1
C00512,52,120361,10,2.7,2,3,1,1,1,1,1
C00513,50,31082,4,11.0,2,1,1,1,1,1,0
C00514,50,15661,10,7.7,12,1,3,0,0,1,1
C00515,60,17920,8,11.1,4,1,2,1,1,1,0
C00516,54,94561,12,12.0,9,1,4,0,0,1,1
C00517,29,23946,6,3.1,2,1,2,0,0,0,0
C00518,20,31309,13,13.3,12,5,5,0,0,0,0
C00519,18,70230,7,5.6,14,2,0,1,0,1,0
C00520,50,126822,6,6.7,11,3,3,1,1,0,1
C00521,57,127340,6,11.0,13,0,1,0,1,0,1
C00522,27,74321,5,8.5,15,1,2,0,1,0,1
C00523,60,147028,5,8.6,12,1,2,1,0,0,0
C00524,61,89131,5,8.5,9,0,2,0,1,1,0
C00525,46,40963,10,2.6,7,0,3,0,1,1,1
C00526,30,116757,1,4.7,10,1,0,0,1,0,1
C00527,29,114259,8,20.0,8,2,2,0,0,1,1
C00528,48,54063,7,3.8,1,2,0,0,0,0,1
C00529,63,129225,7,17.7,13,1,2,1,1,1,0
C00530,19,131400,8,23.6,5,2,2,0,1,1,1
C00531,52,95818,4,0.6,9,2,2,0,0,1,0
C00532,40,19703,4,1.5,12,2,0,0,0,1,1
C00533,34,87099,5,10.1,4,2,1,1,1,1,0
C00534,43,46585,4,12.8,2,5,2,0,1,0,1
C00535,25,58585,6,8.1,6,1,2,0,1,1,0
C00536,46,41958,7,6.8,2,2,3,0,0,1,0
C00537,43,41017,8,10.7,3,1,1,0,0,1,1
C00538,27,139677,3,0.6,14,1,0,0,0,1,0
C00539,43,44426,7,4.4,8,0,1,0,1,1,0
C00540,51,32778,7,2.1,15,0,3,0,0,0,0
C00541,58,57229,4,5.5,3,2,1,0,0,0,0
C00542,24,101652,6,19.1,2,0,3,0,0,0,0
C00543,21,143267,8,17.4,6,1,1,1,0,1,0
C00544,62,141503,5,6.5,14,4,2,1,0,1,1
C00545,28,99878,6,15.2,3,1,3,1,0,0,1
C00546,46,72056,3,3.0,1,0,0,1,1,1,0
C00547,53,34975,6,2.0,12,0,1,0,0,1,0
C00548,42,103397,8,1.3,14,1,4,1,0,0,0
C00549,38,48142,6,1.2,15,0,3,1,0,0,0
C00550,53,41916,7,15.1,15,2,3,1,1,1,0
C00551,27,79324,9,11.5,14,1,2,0,0,1,0
C00552,54,140932,5,4.0,3,3,1,0,0,1,0
C00553,26,111059,8,9.4,6,1,2,1,0,1,0
C00554,41,113317,7,5.1,3,1,2,1,1,1,0
C00555,52,50046,5,4.0,9,1,3,0,1,1,1
C00556,52,116459,4,10.9,7,3,2,1,0,1,1
C00557,65,60893,9,30.8,14,1,0,1,0,0,0
C00558,53,116520,6,2.5,5,1,3,0,0,0,1
C00559,35,140818,11,16.3,2,2,5,0,1,1,1
C00560,56,76272,7,6.9,15,1,2,0,1,1,1
C00561,49,82649,5,6.5,9,8,3,0,0,1,0
C00562,41,79674,9,29.6,5,3,1,1,1,1,0
C00563,40,101475,4,18.5,7,3,4,0,0,1,1
C00564,49,76367,8,3.6,9,1,3,1,1,0,0
C00565,54,136750,6,9.7,4,1,5,1,1,1,1
C00566,29,133154,8,10.6,9,3,2,0,1,1,1
C00567,30,59738,6,4.4,1,1,0,0,0,1,0
C00568,40,48397,4,10.5,12,4,3,1,0,1,1
C00569,42,97189,6,5.2,6,0,1,0,0,1,0
C00570,52,91367,7,7.4,2,0,0,1,0,1,0
C00571,58,135585,9,2.9,8,3,3,0,0,1,0
C00572,47,91619,2,11.3,5,2,2,0,0,1,1
C00573,34,126453,10,5.7,15,2,2,0,0,1,1
C00574,37,34816,7,19.5,3,1,2,0,1,0,0
C00575,65,94530,5,6.2,2,1,1,0,1,1,0
C00576,42,123856,10,19.4,8,1,3,1,0,0,0
C00577,39,86635,2,5.4,7,1,2,0,0,1,1
C00578,30,122803,6,5.6,9,2,3,1,0,0,0
C00579,36,50946,6,13.1,8,2,5,1,0,1,0
C00580,53,70204,7,3.9,11,3,0,1,0,1,1
C00581,29,30563,7,7.6,4,1,0,0,0,1,0
C00582,58,107324,8,4.0,2,3,2,1,1,1,1
C00583,36,24847,10,25.3,14,3,3,0,1,1,1
C00584,29,41155,8,18.4,13,1,2,0,0,1,1
C00585,26,94671,6,7.8,2,1,2,1,1,0,0
C00586,24,131891,6,5.6,2,1,3,0,0,1,0
C00587,45,98310,6,3.0,14,0,0,1,0,1,0
C00588,31,146691,11,4.9,11,1,1,1,0,1,0
C00589,48,49707,5,9.1,12,1,2,0,1,1,1
C00590,36,96537,5,2.7,6,0,3,0,0,0,0
C00591,64,106155,5,11.9,7,1,4,1,0,0,0
C00592,33,15281,7,16.1,12,2,4,0,1,1,1
C00593,22,147130,8,13.3,6,0,4,1,0,1,1
C00594,52,91260,8,4.2,2,2,1,0,1,0,1
C00595,29,79178,6,14.0,4,1,2,0,1,1,0
C00596,42,48997,8,8.5,3,1,4,0,0,1,0
C00597,38,134273,7,13.6,11,1,1,0,1,0,1
C00598,53,147311,6,14.3,13,2,1,0,1,1,1
C00599,40,141945,6,14.9,4,1,1,0,1,1,0
C00600,33,60272,5,5.5,5,1,0,0,0,0,0
C00601,56,104393,6,19.5,7,1,3,1,1,0,0
C00602,62,76212,3,4.4,14,0,2,0,0,0,1
C00603,59,135030,3,2.7,9,0,2,0,1,1,0
C00604,56,71503,3,6.7,15,0,1,0,0,0,0
C00605,31,21570,7,3.7,11,1,3,0,0,0,1
C00606,48,83785,12,10.7,2,0,1,0,0,0,1
C00607,22,24110,6,4.9,8,3,2,0,0,1,0
C00608,52,94141,6,10.5,3,1,3,0,0,0,0
C00609,40,27115,5,5.8,9,3,2,0,0,0,1
C00610,46,54062,2,10.5,10,2,3,0,0,1,0
C00611,60,37911,7,12.0,12,2,0,0,0,1,0
C00612,28,119061,7,5.1,4,2,2,0,0,0,0
C00613,35,47556,2,11.9,15,1,2,1,0,0,0
C00614,64,143335,6,1.1,3,1,1,0,1,0,0
C00615,29,16969,8,1.5,10,2,2,1,1,1,1
C00616,26,58753,6,5.8,6,2,1,1,0,1,0
C00617,27,136863,15,8.0,10,2,4,0,0,1,1
C00618,61,25225,4,6.5,13,4,0,1,1,0,1
C00619,34,138008,9,11.1,9,3,0,0,0,1,1
C00620,55,120823,5,8.0,7,2,3,1,0,0,1
C00621,24,28669,3,8.3,4,1,1,0,0,1,0
C00622,63,139398,4,4.4,3,1,3,0,1,0,0
C00623,30,125677,9,13.3,10,1,1,0,0,1,0
C00624,57,63320,6,6.5,4,2,2,1,1,0,0
C00625,59,140354,9,17.4,3,0,1,0,0,0,0
C00626,26,103009,4,10.4,12,3,3,1,1,0,1
C00627,44,43625,11,5.6,3,2,0,1,0,1,0
C00628,19,39089,5,21.9,12,1,2,0,0,1,1
C00629,22,51487,8,4.3,14,0,1,0,0,0,1
C00630,46,125448,9,5.4,13,0,4,0,1,1,1
C00631,54,65138,10,7.4,9,1,1,0,0,0,1
C00632,55,69061,9,6.4,4,0,4,1,0,0,0
C00633,36,116376,10,24.7,9,1,5,1,1,0,0
C00634,25,94134,9,3.9,12,1,3,1,1,1,1
C00635,65,62055,6,4.2,15,2,0,1,0,0,1
C00636,62,34508,9,7.0,10,1,3,0,0,1,0
C00637,18,125169,7,2.2,5,1,0,0,0,1,1
C00638,39,23125,5,15.0,7,0,1,1,0,1,0
C00639,34,51059,10,16.7,14,3,4,1,1,0,1
C00640,24,118409,7,10.6,5,1,2,0,0,0,0
C00641,42,20704,3,6.9,1,2,1,0,1,1,0
C00642,62,126279,9,5.9,2,3,1,1,0,1,0
C00643,21,133516,9,6.4,11,4,0,0,0,0,0
C00644,53,129044,13,11.3,15,3,3,0,0,0,1
C00645,23,44165,6,9.5,5,0,1,1,1,0,0
C00646,48,82203,7,1.8,6,3,2,1,0,0,1
C00647,36,19114,8,9.9,7,1,4,1,1,0,1
C00648,61,51321,7,3.4,2,0,1,1,1,1,0
C00649,56,88297,8,4.9,10,1,1,0,0,1,0
C00650,44,111652,10,1.1,9,2,4,1,0,1,1
C00651,27,114304,7,4.9,6,4,1,0,0,0,0
C00652,43,32772,13,21.0,2,4,5,1,1,1,1
C00653,36,118754,4,8.2,2,2,3,0,0,0,0
C00654,56,18712,3,0.9,3,2,2,0,1,1,0
C00655,20,147439,9,3.2,1,2,0,1,0,0,1
C00656,62,130142,10,11.5,9,1,2,0,1,0,1
C00657,30,106736,11,9.4,14,0,3,1,1,1,1
C00658,45,66924,7,4.7,10,0,3,0,0,1,1
C00659,37,18726,8,4.0,11,0,1,0,1,1,0
C00660,45,104152,8,3.8,4,1,2,0,1,0,1
C00661,25,42723,7,5.5,5,3,0,1,0,0,1
C00662,58,141969,9,8.8,7,2,1,1,1,1,1
C00663,56,115494,9,8.8,1,0,4,0,1,1,1
C00664,18,50643,8,3.4,3,1,3,0,0,1,1
C00665,20,118896,7,17.9,14,2,1,1,0,1,1
C00666,30,108680,7,9.0,3,0,1,0,0,1,0
C00667,45,111546,8,3.1,2,2,0,0,1,1,0
C00668,42,94973,7,0.7,8,1,3,0,1,1,1
C00669,50,78449,7,17.4,5,3,1,1,0,1,1
C00670,55,124834,6,12.7,1,2,1,0,0,0,1
C00671,23,40537,8,2.8,12,2,1,0,0,0,0
C00672,61,92576,7,6.2,2,3,1,1,0,1,1
C00673,62,122522,2,15.9,1,1,0,0,0,0,0
C00674,49,37612,7,14.0,15,2,1,0,0,1,1
C00675,62,21471,5,11.3,6,1,2,0,1,1,0
C00676,64,46348,9,8.4,9,5,0,1,1,0,0
C00677,38,16177,6,3.5,11,0,2,1,0,1,0
C00678,33,47779,2,6.0,7,0,2,0,0,1,0
C00679,38,36636,7,7.2,5,3,0,1,1,1,0
C00680,28,96889,12,10.6,12,2,4,0,0,1,1
C00681,54,68551,6,12.9,13,3,1,1,1,0,1
C00682,53,61819,6,4.0,3,1,2,0,1,1,0
C00683,52,88770,10,8.0,12,0,3,1,1,1,0
C00684,36,93714,4,15.8,12,3,2,0,0,0,1
C00685,37,39596,7,14.0,8,2,1,0,1,1,1
C00686,35,79106,8,18.6,10,2,2,1,1,1,1
C00687,64,74182,6,8.2,4,1,3,0,1,0,0
C00688,58,102163,5,4.9,9,0,1,1,0,1,1
C00689,31,54310,9,11.4,5,2,1,1,1,0,1
C00690,32,71088,11,4.4,14,0,1,0,0,0,0
C00691,48,143803,5,3.8,6,3,1,0,0,1,1
C00692,18,51914,9,16.3,5,4,0,1,0,1,0
C00693,20,125350,10,3.2,10,1,3,0,1,1,0
C00694,33,60379,8,8.0,12,1,2,0,1,0,1
C00695,40,61413,10,1.2,11,3,2,1,1,1,1
C00696,28,22151,6,18.9,7,3,0,1,0,0,0
C00697,29,72716,6,3.4,7,0,3,0,0,0,1
C00698,27,108747,4,14.0,1,1,0,0,1,0,0
C00699,49,136999,4,4.3,2,1,3,1,1,0,1
C00700,33,129793,10,10.8,7,2,2,0,1,0,0
C00701,25,123177,6,2.8,8,1,1,0,0,0,0
C00702,55,27289,10,7.8,4,3,1,1,1,1,0
C00703,29,101365,8,6.0,6,0,2,0,1,0,0
C00704,41,129014,11,2.9,11,0,1,0,0,0,0
C00705,45,87588,5,12.2,12,2,2,0,0,1,1
C00706,25,78646,6,13.9,10,3,3,0,0,1,0
C00707,45,18654,3,7.8,3,4,2,0,1,1,0
C00708,53,33743,9,1.7,7,1,0,0,1,1,1
C00709,43,63368,8,1.6,11,2,1,1,1,1,0
C00710,25,134735,10,2.1,3,3,0,1,0,1,0
C00711,45,134891,7,9.6,11,2,3,0,1,0,1
C00712,45,122971,7,3.4,7,1,4,0,1,1,0
C00713,54,27149,8,20.8,12,1,3,1,0,0,1
C00714,58,115102,8,1.9,11,1,0,0,1,1,1
C00715,53,74189,7,5.1,12,1,3,0,0,1,0
C00716,44,86031,4,13.6,11,1,2,1,0,1,0
C00717,34,57668,4,16.6,8,2,4,0,0,1,0
C00718,26,103204,8,7.9,3,1,1,0,0,0,0
C00719,50,52384,5,5.3,2,2,3,1,1,0,0
C00720,37,96929,3,11.0,12,2,1,0,0,0,1
C00721,30,142959,10,4.9,6,1,2,0,1,1,1
C00722,45,91153,3,1.7,4,2,2,0,0,0,0
C00723,65,90388,9,5.6,8,0,2,0,0,1,0
C00724,46,46401,7,4.2,13,0,6,1,1,1,0
C00725,30,134503,7,15.3,15,3,1,1,1,0,1
C00726,63,142834,4,2.4,14,1,2,0,0,0,0
C00727,52,49084,8,2.5,2,3,2,0,1,1,0
C00728,23,125641,5,3.8,4,0,1,1,1,0,0
C00729,35,120111,6,5.8,2,3,1,0,0,0,1
C00730,22,51041,5,22.3,14,2,2,0,0,1,0
C00731,64,103920,10,4.4,2,2,1,0,0,1,0
C00732,42,80681,8,10.4,2,2,5,0,1,0,0
C00733,19,96571,4,7.1,1,0,1,0,0,0,0
C00734,27,142556,7,8.5,4,1,0,0,0,1,0
C00735,47,41160,7,9.7,2,3,4,1,0,1,1
C00736,62,32633,3,16.4,9,1,2,1,0,1,1
C00737,22,32014,9,4.1,9,2,2,0,1,1,1
C00738,50,95532,8,5.6,11,1,2,0,1,1,0
C00739,18,64104,9,12.0,11,2,1,0,0,1,0
C00740,35,92231,8,8.8,7,1,1,0,0,0,0
C00741,49,83388,9,0.9,6,2,3,0,0,0,1
C00742,64,31014,7,2.2,12,3,1,0,1,0,1
C00743,28,107578,6,9.7,3,1,0,0,1,0,0
C00744,38,55390,9,3.0,14,2,7,0,0,0,1
C00745,43,38711,8,4.1,12,0,2,1,0,0,0
C00746,42,106658,8,10.3,14,3,1,0,0,1,1
C00747,39,72993,3,16.4,15,1,2,0,1,0,1
C00748,44,22421,11,19.1,7,3,0,0,0,1,1
C00749,30,32727,6,6.1,1,3,2,0,0,1,1
C00750,50,127418,6,12.2,9,2,3,1,0,1,1
C00751,51,19358,7,13.2,4,1,2,0,0,1,0
C00752,58,80108,12,4.7,6,1,1,1,1,1,0
C00753,52,109018,6,11.4,6,2,1,0,0,0,0
C00754,18,139457,6,10.9,11,0,2,1,0,1,1
C00755,38,46910,2,10.2,3,3,2,0,1,0,0
C00756,65,141888,7,10.3,4,3,5,0,0,1,1
C00757,23,70754,11,16.5,13,0,0,0,1,0,1
C00758,45,124847,12,1.5,11,2,2,0,0,1,1
C00759,34,53467,6,5.4,10,0,5,0,1,1,1
C00760,22,48893,3,16.0,3,2,4,0,0,1,0
C00761,48,91329,8,1.8,13,1,4,1,1,0,1
C00762,22,46007,7,1.2,6,4,2,0,0,1,1
C00763,55,69253,5,2.3,1,2,1,0,0,1,0
C00764,20,27323,10,15.9,8,3,0,0,1,1,0
C00765,40,126335,7,8.5,8,2,2,0,1,1,0
C00766,54,127356,2,16.8,9,1,3,0,0,0,1
C00767,54,125944,7,6.2,6,3,3,0,1,1,1
C00768,27,31456,6,12.8,1,1,0,0,0,0,1
C00769,27,46367,7,7.3,3,2,4,1,1,0,1
C00770,36,69624,5,10.6,15,2,2,1,0,1,1
C00771,34,83008,10,3.1,1,2,4,0,0,1,0
C00772,38,140926,5,8.8,15,1,3,0,0,1,0
C00773,31,130395,5,9.4,13,2,0,0,1,1,1
C00774,26,131492,8,10.0,15,2,2,0,0,1,1
C00775,63,87240,4,28.8,5,3,1,0,0,1,1
C00776,18,79315,8,10.8,3,3,3,0,1,1,1
C00777,62,25756,6,23.7,14,1,4,0,0,0,0
C00778,30,51378,7,3.4,2,2,2,0,0,0,0
C00779,21,140703,7,7.0,3,1,2,0,1,0,0
C00780,18,71549,10,0.8,9,2,3,0,0,1,1
C00781,57,88794,7,2.6,11,3,3,0,0,1,1
C00782,49,60113,8,4.4,8,2,0,0,0,1,0
C00783,51,89069,10,20.1,13,2,6,1,0,1,1
C00784,45,140541,6,18.2,3,0,2,1,1,1,1
C00785,48,24686,4,9.1,11,4,4,0,0,0,1
C00786,25,68363,12,4.4,2,0,2,0,0,1,0
C00787,56,112543,10,3.7,5,2,3,0,0,1,1
C00788,43,146733,7,7.6,12,3,1,0,0,0,1
C00789,51,110673,15,11.6,12,2,5,1,0,0,1
C00790,20,57828,7,16.1,13,0,2,0,1,1,1
C00791,29,63604,5,12.2,12,2,2,1,1,1,1
C00792,18,25526,11,1.3,1,1,1,0,1,0,0
C00793,61,83910,9,5.6,4,0,0,1,0,1,0
C00794,22,40592,5,1.8,8,1,1,1,0,1,1
C00795,47,43982,6,11.2,1,2,1,1,1,0,1
C00796,47,15207,10,15.8,5,1,1,0,0,0,0
C00797,34,103733,10,8.0,12,0,2,1,1,1,0
C00798,65,139982,8,8.1,4,0,1,0,1,1,0
C00799,64,83619,12,2.7,6,2,3,1,1,1,1
C00800,40,61479,7,11.3,7,2,3,0,0,1,1
C00801,32,96437,8,17.7,9,1,3,0,0,1,0
C00802,54,113540,5,10.4,1,0,4,1,1,0,0
C00803,38,87982,7,6.3,11,2,3,1,1,1,1
C00804,31,117747,6,13.7,10,0,4,1,0,1,0
C00805,19,63231,8,7.3,4,3,1,0,1,1,0
C00806,28,44301,8,4.5,6,2,3,1,0,1,1
C00807,56,33752,7,3.2,10,2,3,1,0,1,1
C00808,55,113452,12,9.1,7,3,1,0,1,1,1
C00809,51,136237,8,7.4,7,1,2,1,0,0,0
C00810,55,71273,8,22.4,8,1,3,0,0,1,0
C00811,51,106878,7,3.8,14,0,1,0,0,1,0
C00812,35,19895,6,4.4,10,0,3,0,0,1,0
C00813,47,134968,3,0.7,8,1,3,0,0,1,0
C00814,32,130700,5,13.5,8,2,1,1,0,1,0
C00815,44,91559,5,7.0,8,2,6,0,0,0,1
C00816,51,25699,6,4.7,12,1,6,0,1,0,0
C00817,55,24715,9,8.6,15,0,1,0,1,1,1
C00818,50,34169,7,14.4,8,3,5,0,0,0,1
C00819,41,133413,6,17.1,6,0,2,0,0,1,0
C00820,32,134264,11,10.9,9,0,1,0,0,1,0
C00821,47,20782,2,3.4,3,1,2,0,1,0,0
C00822,59,139481,14,3.3,6,2,0,1,1,1,0
C00823,34,50585,10,11.5,5,0,4,1,1,1,0
C00824,22,45682,10,3.8,15,1,1,0,0,1,0
C00825,46,144992,7,9.4,15,1,1,0,1,1,1
C00826,21,99416,8,9.0,8,1,0,0,0,1,0
C00827,27,142810,9,1.9,4,2,1,0,1,1,0
C00828,34,53067,11,5.6,4,1,2,1,1,1,1
C00829,27,33073,4,0.5,13,1,3,0,0,0,0
C00830,34,51035,9,5.7,15,2,2,0,1,1,1
C00831,37,105373,7,18.3,10,1,2,0,1,1,1
C00832,41,98362,7,7.4,11,1,2,1,0,1,0
C00833,22,105517,5,3.8,10,0,4,0,0,0,0
C00834,51,80450,7,18.8,13,0,1,0,0,1,1
C00835,23,25382,7,5.3,5,2,2,0,0,0,0
C00836,19,76929,6,8.0,11,3,3,0,0,1,0
C00837,30,113864,10,11.2,13,1,2,1,1,0,0
C00838,60,40169,8,14.0,13,1,5,0,1,1,1
C00839,60,102468,6,18.8,15,0,0,1,1,1,0
C00840,65,49594,8,6.3,6,0,5,0,1,1,0
C00841,28,60033,9,5.5,15,2,2,0,1,1,1
C00842,64,78133,6,9.6,11,0,2,0,1,1,0
C00843,40,88861,5,12.4,4,0,1,1,1,1,0
C00844,33,46750,6,9.5,2,1,3,0,0,1,0
C00845,48,55461,10,4.8,12,1,1,0,0,1,1
C00846,28,93222,9,19.6,12,0,3,0,0,0,0
C00847,33,127020,7,11.0,14,0,3,1,0,0,1
C00848,25,39226,6,24.3,2,4,2,1,0,1,1
C00849,21,21721,2,28.4,12,0,3,1,1,1,0
C00850,57,35609,4,2.2,3,2,1,0,1,1,0
C00851,21,145513,8,8.5,2,1,1,0,0,0,0
C00852,42,119211,11,4.1,1,1,3,0,1,0,0
C00853,20,139865,7,9.6,14,1,2,0,0,0,1
C00854,49,89520,4,4.3,8,2,3,1,1,1,1
C00855,20,79309,7,1.9,12,1,3,1,1,0,1
C00856,44,44984,6,14.3,5,2,1,1,1,0,0
C00857,46,133947,6,15.4,10,2,0,0,0,1,1
C00858,49,20901,10,8.5,1,1,3,1,1,0,0
C00859,36,46055,7,10.5,13,0,1,1,0,1,0
C00860,38,129099,8,23.3,9,2,1,0,1,1,1
C00861,22,26138,9,1.1,8,0,1,0,0,0,0
C00862,35,38429,5,3.0,4,3,1,0,1,1,1
C00863,45,65200,5,10.8,8,5,3,0,0,0,1
C00864,59,116268,6,2.0,13,1,1,1,1,1,0
C00865,39,32347,12,4.6,12,1,3,0,0,0,0
C00866,38,46822,5,5.5,13,0,6,0,1,0,0
C00867,23,55108,7,3.0,10,0,0,0,1,0,0
C00868,18,143955,10,9.6,7,2,3,0,0,0,0
C00869,22,22967,4,7.0,11,2,2,0,0,1,1
C00870,58,125719,9,4.9,15,1,1,1,1,1,1
C00871,29,26871,5,31.0,11,1,3,0,0,0,1
C00872,43,43179,8,2.7,7,1,1,1,0,1,0
C00873,63,70099,6,4.3,1,1,0,1,0,0,0
C00874,51,50262,7,6.2,6,2,1,0,1,1,1
C00875,31,93213,8,11.0,13,3,6,1,0,0,1
C00876,43,132407,8,15.8,4,1,1,0,0,1,1
C00877,62,101269,7,1.5,14,1,4,0,1,0,1
C00878,44,75545,6,15.0,10,5,4,0,0,0,1
C00879,26,54922,3,2.0,10,1,1,0,0,1,1
C00880,43,57913,7,6.3,10,0,2,0,1,1,0
C00881,64,112033,3,10.6,11,1,3,1,1,0,1
C00882,39,119792,7,23.9,12,1,1,0,0,0,1
C00883,64,134863,2,7.1,2,1,3,0,0,1,1
C00884,47,59936,14,4.3,10,1,3,1,1,0,0
C00885,60,43141,8,6.8,7,4,3,1,0,1,0
C00886,65,112359,7,7.3,9,1,1,0,1,1,0
C00887,34,138279,6,9.0,13,0,3,0,1,0,1
C00888,43,56568,4,35.4,5,3,4,0,1,1,1
C00889,53,112539,8,8.5,8,3,3,0,1,1,1
C00890,18,61851,8,1.0,5,2,0,0,0,0,0
C00891,25,69823,4,12.2,14,1,5,1,1,1,1
C00892,52,38312,5,8.7,7,0,2,0,1,1,0
C00893,32,113723,8,7.7,7,0,2,0,1,1,0
C00894,64,27411,5,17.3,9,2,1,1,0,1,1
C00895,39,72009,4,15.0,3,2,0,0,0,1,0
C00896,31,47371,11,2.5,14,2,3,0,0,0,1
C00897,43,72022,7,6.5,1,0,2,0,1,1,0
C00898,45,86229,9,1.8,2,3,2,1,1,0,1
C00899,40,114071,9,1.5,12,2,4,1,1,0,0
C00900,31,111774,3,2.4,6,4,4,1,1,0,1
C00901,41,41715,9,9.4,14,2,1,0,1,1,0
C00902,19,42605,5,13.6,10,0,1,1,0,1,0
C00903,62,114853,6,14.0,10,2,1,0,0,1,0
C00904,43,46174,3,7.0,12,0,0,0,1,0,0
C00905,31,91373,6,2.9,13,1,2,0,1,1,0
C00906,24,84252,13,4.1,14,3,2,0,1,1,1
C00907,20,85017,9,12.3,9,3,2,0,0,1,1
C00908,64,78037,7,1.2,3,2,0,0,1,0,1
C00909,40,104818,6,8.4,10,2,5,0,1,1,1
C00910,63,21548,10,2.2,2,3,0,0,0,0,0
C00911,60,131981,9,9.4,11,1,3,1,1,1,1
C00912,64,39022,5,12.4,1,2,0,1,0,1,0
C00913,62,121297,11,4.3,2,1,1,0,0,1,0
C00914,35,75428,8,1.6,3,0,0,0,1,1,0
C00915,55,74353,4,5.5,7,1,2,0,0,0,0
C00916,52,128132,7,7.3,2,2,0,0,0,1,0
C00917,32,31052,4,3.2,13,1,1,1,1,1,0
C00918,42,115689,7,7.8,5,0,0,0,1,0,0
C00919,54,146743,13,15.3,2,2,1,0,0,0,0
C00920,45,15163,7,22.7,7,1,1,0,1,0,1
C00921,27,56424,2,4.5,10,0,3,1,0,1,0
C00922,56,37420,7,17.8,8,0,4,0,1,1,0
C00923,34,135575,6,11.6,8,2,4,1,1,1,0
C00924,56,44300,3,15.4,13,2,1,0,0,0,0
C00925,39,104881,9,11.2,15,0,3,1,0,1,1
C00926,43,25749,4,24.7,8,2,3,1,0,0,0
C00927,61,119131,13,2.5,10,1,1,0,0,0,0
C00928,42,143563,6,7.5,15,2,0,1,1,0,1
C00929,34,52487,8,3.6,9,1,0,1,0,0,0
C00930,30,36223,7,8.3,1,0,1,1,0,1,0
C00931,37,87930,7,15.0,12,0,0,1,1,1,0
C00932,42,43380,11,5.6,1,2,2,0,0,1,0
C00933,21,41035,6,18.3,14,2,2,0,1,1,1
C00934,27,45620,8,14.7,15,1,2,1,0,1,1
C00935,20,132360,6,7.1,14,0,3,0,1,1,1
C00936,58,68352,7,1.7,14,5,2,1,1,1,1
C00937,62,18191,4,7.0,10,0,1,0,1,1,1
C00938,35,105536,7,29.1,2,1,4,0,0,1,0
C00939,64,119576,5,11.7,11,3,3,1,0,1,1
C00940,53,18631,4,11.3,15,0,0,1,0,1,0
C00941,64,57080,9,1.2,6,2,3,0,0,1,0
C00942,39,105353,11,16.6,14,0,2,0,0,1,0
C00943,51,43671,11,12.3,1,2,1,1,1,0,0
C00944,64,137811,13,6.0,5,3,1,1,1,1,1
C00945,25,142734,10,5.9,15,1,2,0,1,0,1
C00946,57,66399,8,17.1,5,2,2,0,0,1,1
C00947,61,22099,5,8.0,15,1,5,0,0,1,0
C00948,36,71492,3,13.3,15,1,2,1,1,1,1
C00949,59,111722,4,17.5,4,1,3,0,0,1,1
C00950,58,45111,9,3.7,11,2,1,0,1,1,1
C00951,54,78936,8,6.6,5,1,4,0,1,0,1
C00952,23,75920,4,4.1,12,0,3,0,1,0,0
C00953,43,78530,6,8.5,1,1,3,0,0,0,0
C00954,51,22788,15,1.5,11,3,1,0,1,0,0
C00955,62,43082,7,10.4,11,1,3,1,0,1,0
C00956,23,138287,9,9.5,6,1,3,0,1,1,0
C00957,54,104570,7,5.8,7,2,2,0,1,0,0
C00958,50,116015,5,9.7,8,4,0,0,0,0,1
C00959,39,98588,8,7.8,15,2,1,1,1,1,0
C00960,38,103340,9,4.8,2,5,1,1,1,0,1
C00961,23,109439,5,8.9,15,3,1,0,0,1,0
C00962,23,130053,6,4.2,15,0,0,0,1,1,0
C00963,65,63355,5,8.2,7,2,0,0,0,0,0
C00964,21,140426,7,1.6,6,1,1,1,0,0,0
C00965,47,79027,3,7.7,9,2,0,0,1,0,1
C00966,28,107601,6,6.5,15,0,1,0,0,1,1
C00967,47,44956,4,14.6,8,1,3,1,0,1,1
C00968,48,119797,6,7.2,14,2,5,0,1,1,1
C00969,41,139917,6,2.5,11,3,4,0,1,0,1
C00970,26,141303,4,14.4,14,1,2,0,1,1,1
C00971,20,57533,6,4.1,15,0,2,0,0,1,0
C00972,48,93815,7,10.3,4,3,2,0,0,1,0
C00973,57,54279,7,5.3,14,2,4,0,0,1,0
C00974,54,124787,9,5.8,13,0,3,1,0,1,1
C00975,53,76063,2,4.3,9,3,2,0,1,0,0
C00976,41,142896,6,2.2,1,4,3,0,1,1,0
C00977,48,112661,9,4.0,11,4,2,0,0,0,0
C00978,23,138257,10,11.9,6,3,2,0,0,1,1
C00979,19,101205,7,7.6,8,1,3,1,1,0,0
C00980,37,21910,10,9.0,11,1,2,1,1,0,0
C00981,45,61857,4,4.7,11,1,2,1,0,1,0
C00982,28,49964,7,5.4,4,2,1,0,1,1,0
C00983,21,32153,6,4.9,2,0,1,0,0,1,0
C00984,32,74765,6,9.3,11,1,2,0,1,1,0
C00985,23,123212,3,11.2,2,0,0,0,1,0,0
C00986,47,54071,4,4.6,10,3,0,0,1,1,1
C00987,55,127990,10,8.2,1,2,1,1,0,1,0
C00988,19,84519,7,4.9,5,1,2,0,0,0,0
C00989,32,24503,4,3.6,13,0,0,1,0,1,0
C00990,28,110457,8,24.3,6,1,3,0,1,1,1
C00991,25,60838,7,3.7,4,2,1,0,1,1,0
C00992,43,140200,6,7.7,4,2,2,0,1,0,0
C00993,62,104489,10,7.5,5,3,1,0,1,1,0
C00994,61,41806,7,5.0,14,0,1,1,1,1,1
C00995,22,85119,10,4.3,15,1,1,0,0,0,0
C00996,23,53714,10,2.9,5,1,0,1,1,1,0
C00997,43,70419,6,11.2,14,1,2,0,0,0,0
C00998,21,120432,8,20.3,14,3,2,1,0,0,1
C00999,36,107949,10,10.4,14,0,2,1,0,0,1
C01000,37,148533,7,19.3,14,2,4,0,0,0,1
C01001,50,91971,4,9.7,9,3,1,0,1,0,1
C01002,37,108471,4,3.5,8,0,4,0,0,0,1
C01003,29,79946,9,7.7,9,2,1,0,0,0,0
C01004,64,113989,9,7.8,13,2,4,0,1,1,1
C01005,18,99080,13,7.1,14,2,1,0,1,1,1
C01006,43,92794,8,13.3,3,0,1,0,1,1,0
C01007,31,45841,11,11.8,14,2,2,1,0,1,1
C01008,55,139447,7,8.5,3,3,3,0,0,1,1
C01009,54,135029,7,25.6,1,2,0,1,1,1,1
C01010,28,91272,6,9.8,14,0,1,0,1,0,0
C01011,53,52643,9,1.2,10,1,2,0,0,0,0
C01012,30,58950,6,3.6,13,1,1,0,1,0,0
C01013,60,115500,11,5.1,6,1,2,0,0,0,0
C01014,20,140588,11,15.9,4,2,1,1,0,0,1
C01015,50,30997,4,10.0,11,1,3,1,0,0,0
C01016,23,94751,6,11.5,15,1,2,0,0,1,1
C01017,27,113605,8,3.8,15,2,1,1,1,1,0
C01018,22,70533,6,7.2,14,1,4,1,0,1,0
C01019,40,97566,5,6.4,8,2,0,1,0,1,1
C01020,27,123255,6,22.0,2,2,1,0,0,0,0
C01021,61,73005,4,4.4,11,0,3,1,0,1,0
C01022,19,58541,5,9.5,2,3,2,1,0,1,1
C01023,30,38387,10,2.8,7,2,3,0,0,1,0
C01024,57,108980,7,3.7,13,1,2,0,0,1,0
C01025,19,100457,8,13.9,15,2,0,0,1,1,1
C01026,37,79028,3,5.4,5,1,1,0,1,0,0
C01027,18,134246,9,1.8,13,0,2,1,1,1,0
C01028,54,70731,8,4.6,1,1,1,1,1,1,0
C01029,26,59638,4,10.3,7,2,5,1,0,0,1
C01030,34,35567,6,7.1,7,3,0,0,1,0,1
C01031,26,72804,4,3.3,10,3,0,0,0,1,1
C01032,28,123821,6,6.3,6,0,4,0,0,1,0
C01033,32,18754,10,3.7,4,1,1,1,1,1,1
C01034,41,42044,9,2.6,12,0,0,0,1,0,0
C01035,55,82260,5,5.0,13,2,4,0,0,1,0
C01036,52,81912,18,4.3,8,3,1,0,0,1,1
C01037,47,23706,5,3.7,12,4,3,0,0,1,1
C01038,48,23894,3,5.3,11,1,2,0,1,0,1
C01039,22,98986,5,8.6,2,2,1,0,0,1,0
C01040,61,96942,11,4.3,2,0,3,1,1,1,0
C01041,31,44725,9,11.8,2,0,0,0,0,1,0
C01042,28,119555,9,3.1,3,1,2,1,0,1,0
C01043,26,24496,9,1.7,6,2,1,0,0,1,1
C01044,51,71447,8,8.3,1,2,4,1,0,1,0
C01045,29,116604,7,8.7,11,0,1,0,0,1,0
C01046,52,103199,6,18.6,2,2,2,1,1,0,0
C01047,52,56321,7,34.3,10,0,1,1,0,1,1
C01048,18,70147,8,1.8,15,0,1,0,1,0,1
C01049,57,106396,5,3.9,2,2,2,1,0,1,0
C01050,39,53787,6,9.7,14,3,1,0,1,1,1
C01051,46,36727,8,1.4,12,3,1,1,1,1,1
C01052,25,110081,5,10.9,1,0,4,0,0,0,1
C01053,28,137721,3,19.3,3,1,2,1,1,1,1
C01054,58,83056,4,4.4,10,0,1,1,0,1,0
C01055,54,149153,3,4.3,7,3,4,0,1,0,1
C01056,31,95102,7,6.9,15,3,2,0,0,0,1
C01057,47,91865,5,7.6,13,0,2,1,0,1,0
C01058,52,82695,7,10.7,1,2,0,1,0,1,0
C01059,38,132235,7,2.0,7,1,2,1,0,1,0
C01060,54,123777,6,13.8,5,0,1,0,1,0,0
C01061,22,34033,7,9.3,9,2,2,0,1,1,0
C01062,36,41832,6,9.8,2,4,4,0,0,1,1
C01063,31,130725,7,5.7,1,1,2,0,1,1,1
C01064,43,34873,8,6.4,9,2,0,0,1,1,0
C01065,21,55372,6,8.3,8,0,0,0,1,1,0
C01066,42,104464,4,3.5,10,4,3,0,1,1,1
C01067,62,132322,4,0.3,6,2,0,0,0,1,1
C01068,59,115082,8,5.2,15,1,2,0,0,1,1
C01069,42,20110,6,1.6,5,1,2,1,0,1,1
C01070,35,27087,6,3.1,8,1,3,0,1,0,0
C01071,57,97617,3,6.1,8,1,1,0,0,1,1
C01072,25,115483,6,10.5,14,0,2,0,0,1,0
C01073,56,24596,8,22.0,5,1,5,0,0,1,1
C01074,57,122539,8,13.2,12,2,2,1,0,0,1
C01075,31,33313,3,4.1,7,4,1,0,0,0,1
C01076,49,128175,5,1.7,13,4,0,1,1,0,1
C01077,55,129914,5,5.5,13,2,2,0,0,1,0
C01078,50,38705,7,15.0,1,1,0,1,1,1,0
C01079,40,88445,10,15.2,4,1,3,0,1,0,1
C01080,32,118892,4,17.7,2,2,0,0,1,1,0
C01081,50,17023,7,11.5,10,2,4,1,0,1,1
C01082,42,134654,6,2.1,3,1,2,0,1,0,0
C01083,34,95073,4,5.6,12,0,0,1,1,1,0
C01084,50,107197,4,3.9,1,3,3,0,0,1,0
C01085,64,79429,8,9.0,11,1,1,1,1,0,0
C01086,19,119195,4,18.3,11,1,5,1,1,1,1
C01087,31,48848,8,17.7,2,1,1,1,0,1,1
C01088,57,42766,8,1.9,13,0,1,0,0,1,0
C01089,57,83099,7,9.2,1,1,2,0,1,1,0
C01090,56,84122,12,11.0,8,2,1,1,1,1,1
C01091,23,63868,9,6.2,4,4,2,1,0,1,1
C01092,23,134119,8,6.5,3,0,2,0,1,1,0
C01093,20,110286,13,2.4,1,0,2,0,0,1,0
C01094,24,21643,4,9.3,2,1,2,0,1,1,1
C01095,25,51727,8,5.7,3,0,2,1,0,1,0
C01096,59,124079,7,4.2,3,1,9,0,0,1,1
C01097,32,80697,5,9.6,6,1,2,0,1,1,0
C01098,64,31029,3,4.6,10,0,1,1,1,1,1
C01099,46,124458,7,10.0,8,1,3,1,0,1,1
C01100,50,125384,9,7.2,6,1,0,1,0,0,0
C01101,47,83926,7,3.5,2,5,3,0,1,1,0
C01102,56,70506,4,9.7,2,2,2,0,1,1,0
C01103,44,93229,7,18.0,14,2,1,1,1,0,1
C01104,53,57092,6,13.1,7,0,2,1,0,1,0
C01105,46,77539,11,6.9,1,0,3,1,1,1,1
C01106,55,28428,14,6.3,1,0,1,1,1,0,0
C01107,50,72775,5,7.0,7,1,1,0,0,1,1
C01108,54,20469,8,4.2,9,0,3,1,1,0,1
C01109,44,43854,8,12.4,5,1,1,0,0,0,0
C01110,50,91256,3,6.1,11,0,1,0,1,1,0
C01111,21,114134,4,8.8,1,2,2,1,0,0,1
C01112,39,147723,4,19.0,5,2,4,0,0,0,1
C01113,19,99730,1,7.4,11,1,5,0,0,0,1
C01114,27,42386,4,9.1,1,3,0,0,0,0,0
C01115,22,48787,8,11.2,10,1,2,0,0,0,0
C01116,27,36621,8,10.9,15,0,1,1,1,1,1
C01117,50,92984,4,8.3,12,1,5,1,0,1,0
C01118,55,49051,5,8.4,9,0,3,0,1,1,1
C01119,30,64811,12,3.7,4,2,4,0,1,1,0
C01120,48,45447,6,12.0,9,1,3,0,1,0,1
C01121,64,143046,11,7.2,2,1,8,0,0,1,0
C01122,53,99045,3,6.7,7,3,2,1,0,0,1
C01123,62,131859,10,3.4,15,4,3,0,0,1,1
C01124,41,18471,8,3.8,12,2,2,1,1,1,1
C01125,32,135312,7,9.8,13,1,6,0,0,1,1
C01126,46,61850,11,20.1,2,0,2,0,1,1,0
C01127,25,69220,5,1.7,12,2,2,0,1,0,0
C01128,22,108808,14,5.3,4,2,1,0,0,1,1
C01129,46,68072,6,2.8,6,1,3,1,1,1,0
C01130,64,98820,5,13.2,14,2,2,0,0,1,1
C01131,21,38284,6,2.8,2,0,2,0,1,1,0
C01132,29,98369,11,3.7,2,4,3,1,0,1,1
C01133,62,40122,8,5.8,2,2,3,0,0,1,0
C01134,19,145349,4,21.4,3,2,3,0,0,1,0
C01135,44,85553,8,7.2,5,4,1,1,1,1,1
C01136,48,109788,11,8.7,9,2,3,0,1,1,1
C01137,53,77812,7,9.7,6,4,6,1,0,0,1
C01138,53,22999,10,5.6,15,1,3,0,0,1,0
C01139,43,37436,9,1.2,15,3,1,0,0,1,0
C01140,60,57963,9,12.1,12,1,1,0,1,0,1
C01141,44,148168,10,3.7,14,1,2,0,0,0,1
C01142,22,123899,7,19.2,9,0,1,0,1,0,1
C01143,37,41201,8,2.7,10,0,1,0,0,0,0
C01144,28,20105,5,6.0,15,0,0,1,1,1,0
C01145,27,132666,11,6.6,14,2,1,1,0,1,1
C01146,57,109848,4,8.1,13,0,3,0,1,1,0
C01147,55,17839,4,8.7,5,2,2,0,1,0,0
C01148,23,83920,9,6.0,11,2,3,0,0,1,1
C01149,25,58619,9,5.0,6,2,3,1,1,1,0
C01150,40,57821,9,3.0,10,3,2,0,1,0,1
C01151,64,140736,6,13.1,12,2,1,0,0,1,0
C01152,43,32069,5,13.4,8,3,1,0,0,1,0
C01153,63,22531,5,4.8,3,1,2,1,1,1,1
C01154,60,82155,8,10.8,2,1,0,0,1,1,0
C01155,29,77424,7,18.5,3,3,2,0,1,1,0
C01156,43,60603,7,6.1,14,3,3,0,1,1,1
C01157,30,147503,7,8.8,9,1,3,1,0,0,1
C01158,57,107573,6,3.5,15,0,5,1,0,0,1
C01159,35,118302,5,1.2,6,1,2,1,0,1,0
C01160,42,146234,5,14.8,10,3,2,1,0,0,0
C01161,50,34675,8,1.0,12,0,1,0,0,1,1
C01162,64,88997,8,4.4,4,0,1,0,0,1,0
C01163,57,22896,7,6.2,10,2,0,1,1,1,0
C01164,60,64733,6,2.3,3,3,3,0,1,1,0
C01165,29,56800,6,9.2,13,2,5,0,1,0,1
C01166,61,111044,9,11.0,2,0,0,1,0,0,1
C01167,53,20347,6,9.0,15,2,4,1,1,1,1
C01168,65,148715,2,8.5,14,3,3,1,0,1,1
C01169,21,55785,3,6.6,4,1,1,1,0,1,0
C01170,22,33681,8,5.6,9,2,0,0,1,1,0
C01171,54,118864,12,14.7,4,2,5,1,0,1,1
C01172,25,62299,10,13.5,13,0,4,0,1,0,1
C01173,59,32073,10,3.2,12,1,2,1,0,0,0
C01174,45,117304,7,4.7,5,2,3,0,0,1,1
C01175,48,45682,3,11.9,15,0,2,0,0,1,0
C01176,26,139302,7,9.6,8,2,3,1,1,0,1
C01177,46,130359,11,6.8,2,2,2,0,0,0,1
C01178,31,81707,7,2.5,12,1,2,1,1,1,0
C01179,57,80428,9,7.7,11,1,3,0,1,1,0
C01180,58,65601,9,4.7,14,3,2,0,1,0,0
C01181,39,148611,9,1.4,3,0,1,0,0,1,0
C01182,28,126487,9,27.6,6,1,2,0,0,1,1
C01183,40,43228,4,0.7,12,1,1,0,1,1,0
C01184,18,137788,2,3.1,7,1,1,0,1,0,1
C01185,63,112239,8,14.9,4,1,1,1,1,1,1
C01186,54,41928,7,17.8,14,1,2,0,0,1,0
C01187,38,33322,7,8.6,15,2,2,0,0,0,0
C01188,43,102896,5,8.2,1,2,1,1,0,0,0
C01189,63,77292,13,4.5,7,4,2,0,1,0,1
C01190,53,44055,7,10.7,12,2,3,0,0,1,1
C01191,40,57891,7,12.5,9,2,3,1,1,1,1
C01192,18,96912,8,19.6,1,1,0,1,1,1,0
C01193,57,105536,7,2.2,14,3,2,1,0,1,1
C01194,32,21304,6,5.0,1,0,0,1,0,0,0
C01195,38,22345,4,2.9,1,0,2,0,1,0,0
C01196,64,106006,9,6.4,10,1,1,1,0,1,1
C01197,26,144350,9,10.8,7,3,1,1,0,1,1
C01198,26,34446,6,8.2,11,1,2,1,0,1,1
C01199,27,17336,5,7.3,9,1,0,0,0,1,0
C01200,43,77032,7,2.5,3,0,1,1,1,1,1
